SEID,LUID,Full Name,Name Type,IMO Number,Current Believed Flag,Previous Flags,Type,Tonnage,Length,Year Built,Current Owner/Operators,Previous Owner/Operators,Other Information,UK Statement of Reasons
#0019773,DPR0075,Petrel 8,Primary Name,9562233.0,Comoros,India,Bulk Carrier,7078.0,134.5,2011.0,Global United Shipping India,,Pursuant to paragraph 6 of Security Council Resolution 2371 (2017) and paragraph 6 of Security Council Resolution 2375 (2017),
#0019774,DPR0075,Jal Vahini; Jal_Vahini,Alias,9562233.0,Comoros,India,Bulk Carrier,7078.0,134.5,2011.0,Global United Shipping India,,Pursuant to paragraph 6 of Security Council Resolution 2371 (2017) and paragraph 6 of Security Council Resolution 2375 (2017),
#0019776,DPR0075,Tian Tai 36,Alias,9562233.0,Comoros,India,Bulk Carrier,7078.0,134.5,2011.0,Global United Shipping India,,Pursuant to paragraph 6 of Security Council Resolution 2371 (2017) and paragraph 6 of Security Council Resolution 2375 (2017),
#0019777,DPR0076,Hao Fan 6,Primary Name,8628597.0,St Kitts and Nevis,China; Kiribati,Bulk Carrier,8343.0,140.0,2009.0,Shen Zhong International Shipping,,Pursuant to paragraph 6 of Security Council Resolution 2371 (2017) and paragraph 6 of Security Council Resolution 2375 (2017). Listed as asset of Shen Zhong International Shipping - OFSI ID: 13644. UN Reference Number: UN Ref KPe.073.,
#0019779,DPR0077,Tong San 2,Primary Name,8937675.0,North Korea,South Korea,General Cargo / Multi Purpose,4967.0,108.45,1996.0,Shipping Imperial,,Pursuant to paragraph 6 of Security Council Resolution 2371 (2017) and paragraph 6 of Security Council Resolution 2375 (2017),
#0019780,DPR0077,Chil Sung,Alias,8937675.0,North Korea,South Korea,General Cargo / Multi Purpose,4967.0,108.45,1996.0,Shipping Imperial,,Pursuant to paragraph 6 of Security Council Resolution 2371 (2017) and paragraph 6 of Security Council Resolution 2375 (2017),
#0019781,DPR0077,Genesis Wave; Twgenesis Wave,Alias,8937675.0,North Korea,South Korea,General Cargo / Multi Purpose,4967.0,108.45,1996.0,Shipping Imperial,,Pursuant to paragraph 6 of Security Council Resolution 2371 (2017) and paragraph 6 of Security Council Resolution 2375 (2017),
#0019782,DPR0077,Haedong Carrier No.9,Alias,8937675.0,North Korea,South Korea,General Cargo / Multi Purpose,4967.0,108.45,1996.0,Shipping Imperial,,Pursuant to paragraph 6 of Security Council Resolution 2371 (2017) and paragraph 6 of Security Council Resolution 2375 (2017),
#0019784,DPR0078,Jie Shun,Primary Name,8518780.0,Cambodia,,General Cargo / Multi Purpose,2825.0,97.36,1986.0,Liaoning Foreign Trade,,Pursuant to paragraph 6 of Security Council Resolution 2371 (2017) and paragraph 6 of Security Council Resolution 2375 (2017),
#0019785,DPR0078,Armon,Alias,8518780.0,Cambodia,,General Cargo / Multi Purpose,2825.0,97.36,1986.0,Liaoning Foreign Trade,,Pursuant to paragraph 6 of Security Council Resolution 2371 (2017) and paragraph 6 of Security Council Resolution 2375 (2017),
#0019786,DPR0078,Northern Queen,Alias,8518780.0,Cambodia,,General Cargo / Multi Purpose,2825.0,97.36,1986.0,Liaoning Foreign Trade,,Pursuant to paragraph 6 of Security Council Resolution 2371 (2017) and paragraph 6 of Security Council Resolution 2375 (2017),
#0019787,DPR0078,Velox,Alias,8518780.0,Cambodia,,General Cargo / Multi Purpose,2825.0,97.36,1986.0,Liaoning Foreign Trade,,Pursuant to paragraph 6 of Security Council Resolution 2371 (2017) and paragraph 6 of Security Council Resolution 2375 (2017),
#0019788,DPR0092,Billions No.18,Primary Name,9191773.0,Palau,Panama,Chemical Carrier,5827.0,115.44,1998.0,Raffles Technical Services,,Pursuant to paragraph 6 of Security Council Resolution 2371 (2017) and paragraph 6 of Security Council Resolution 2375 (2017),
#0019789,DPR0092,Billions No.18,Primary Name,9191773.0,Palau,Panama,Oil Tanker,5827.0,115.44,1998.0,Raffles Technical Services,,Pursuant to paragraph 6 of Security Council Resolution 2371 (2017) and paragraph 6 of Security Council Resolution 2375 (2017),
#0019790,DPR0092,Golden Yuki,Alias,9191773.0,Palau,Panama,Oil Tanker,5827.0,115.44,1998.0,Raffles Technical Services,,Pursuant to paragraph 6 of Security Council Resolution 2371 (2017) and paragraph 6 of Security Council Resolution 2375 (2017),
#0019791,DPR0092,Golden Yuki,Alias,9191773.0,Palau,Panama,Chemical Carrier,5827.0,115.44,1998.0,Raffles Technical Services,,Pursuant to paragraph 6 of Security Council Resolution 2371 (2017) and paragraph 6 of Security Council Resolution 2375 (2017),
#0019792,DPR0093,Ul Ji Bong 6,Primary Name,9114555.0,North Korea,Panama; South Korea,General Cargo / Multi Purpose,3782.0,96.62,1995.0,Da Flying Navigation,,Pursuant to paragraph 6 of Security Council Resolution 2371 (2017) and paragraph 6 of Security Council Resolution 2375 (2017),
#0019794,DPR0093,Izumo,Alias,9114555.0,North Korea,South Korea; Panama,General Cargo / Multi Purpose,3782.0,96.62,1995.0,Da Flying Navigation,,Pursuant to paragraph 6 of Security Council Resolution 2371 (2017) and paragraph 6 of Security Council Resolution 2375 (2017),
#0019796,DPR0093,Mv.Pan Hope; Mv.Pan Hopebb,Alias,9114555.0,North Korea,Panama; South Korea,General Cargo / Multi Purpose,3782.0,96.62,1995.0,Da Flying Navigation,,Pursuant to paragraph 6 of Security Council Resolution 2371 (2017) and paragraph 6 of Security Council Resolution 2375 (2017),
#0019800,DPR0093,Pan Hope; Pan Hopeb,Alias,9114555.0,North Korea,Panama; South Korea,General Cargo / Multi Purpose,3782.0,96.62,1995.0,Da Flying Navigation,,Pursuant to paragraph 6 of Security Council Resolution 2371 (2017) and paragraph 6 of Security Council Resolution 2375 (2017),
#0019804,DPR0093,Pan Hopech; Pan Hopecl,Alias,9114555.0,North Korea,Panama; South Korea,General Cargo / Multi Purpose,3782.0,96.62,1995.0,Da Flying Navigation,,Pursuant to paragraph 6 of Security Council Resolution 2371 (2017) and paragraph 6 of Security Council Resolution 2375 (2017),
#0019808,DPR0093,Sheng Hong; Sheng Hongay; Sheng Hongb; Sheng Hongbb; Sheng Hongch; Sheng Hongcl,Alias,9114555.0,North Korea,Panama; South Korea,General Cargo / Multi Purpose,3782.0,96.62,1995.0,Da Flying Navigation,,Pursuant to paragraph 6 of Security Council Resolution 2371 (2017) and paragraph 6 of Security Council Resolution 2375 (2017),
#0019820,DPR0093,Sheng_Hong,Alias,9114555.0,North Korea,Panama; South Korea,General Cargo / Multi Purpose,3782.0,96.62,1995.0,Da Flying Navigation,,Pursuant to paragraph 6 of Security Council Resolution 2371 (2017) and paragraph 6 of Security Council Resolution 2375 (2017),
#0019822,DPR0094,Rung Ra 2,Primary Name,9020534.0,North Korea,Panama,General Cargo / Multi Purpose,3524.0,102.43,1991.0,Ningyang International Shipmanagement,,Pursuant to paragraph 6 of Security Council Resolution 2371 (2017) and paragraph 6 of Security Council Resolution 2375 (2017),
#0019824,DPR0094,Deer Lake,Alias,9020534.0,North Korea,Japan,General Cargo / Multi Purpose,3524.0,102.43,1991.0,Ningyang International Shipmanagement,,Pursuant to paragraph 6 of Security Council Resolution 2371 (2017) and paragraph 6 of Security Council Resolution 2375 (2017),
#0019826,DPR0094,Hokusho Maru,Alias,9020534.0,North Korea,Panama,General Cargo / Multi Purpose,3524.0,102.43,1991.0,Ningyang International Shipmanagement,,Pursuant to paragraph 6 of Security Council Resolution 2371 (2017) and paragraph 6 of Security Council Resolution 2375 (2017),
#0019828,DPR0094,Paek Yang San,Alias,9020534.0,North Korea,Japan,General Cargo / Multi Purpose,3524.0,102.43,1991.0,Ningyang International Shipmanagement,,Pursuant to paragraph 6 of Security Council Resolution 2371 (2017) and paragraph 6 of Security Council Resolution 2375 (2017),
#0019830,DPR0094,Pearl 8,Alias,9020534.0,North Korea,Panama,General Cargo / Multi Purpose,3524.0,102.43,1991.0,Ningyang International Shipmanagement,,Pursuant to paragraph 6 of Security Council Resolution 2371 (2017) and paragraph 6 of Security Council Resolution 2375 (2017),
#0019832,DPR0094,Rungra2,Alias,9020534.0,North Korea,Japan,General Cargo / Multi Purpose,3524.0,102.43,1991.0,Ningyang International Shipmanagement,,Pursuant to paragraph 6 of Security Council Resolution 2371 (2017) and paragraph 6 of Security Council Resolution 2375 (2017),
#0019834,DPR0095,Rye Song Gang 1,Primary Name,7389704.0,North Korea,Russia,Oil Tanker,1757.0,85.0,1974.0,,,Pursuant to paragraph 6 of Security Council Resolution 2371 (2017) and paragraph 6 of Security Council Resolution 2375 (2017),
#0019835,DPR0095,Degtyarsk,Alias,7389704.0,North Korea,Russia,Oil Tanker,1757.0,85.0,1974.0,,,Pursuant to paragraph 6 of Security Council Resolution 2371 (2017) and paragraph 6 of Security Council Resolution 2375 (2017),
#0019836,DPR0095,Medstar,Alias,7389704.0,North Korea,Russia,Oil Tanker,1757.0,85.0,1974.0,,,Pursuant to paragraph 6 of Security Council Resolution 2371 (2017) and paragraph 6 of Security Council Resolution 2375 (2017),
#0019837,DPR0095,Pointe de Penharn,Alias,7389704.0,North Korea,Russia,Oil Tanker,1757.0,85.0,1974.0,,,Pursuant to paragraph 6 of Security Council Resolution 2371 (2017) and paragraph 6 of Security Council Resolution 2375 (2017),
#0019838,DPR0095,Pointe du Van,Alias,7389704.0,North Korea,Russia,Oil Tanker,1757.0,85.0,1974.0,,,Pursuant to paragraph 6 of Security Council Resolution 2371 (2017) and paragraph 6 of Security Council Resolution 2375 (2017),
#0019839,DPR0095,RyeSongGang1; RyeSongGang-1,Alias,7389704.0,North Korea,Russia,Oil Tanker,1757.0,85.0,1974.0,,,Pursuant to paragraph 6 of Security Council Resolution 2371 (2017) and paragraph 6 of Security Council Resolution 2375 (2017),
#0019841,DPR0096,Chon Myong 1,Primary Name,8712362.0,North Korea,Togo,Oil Tanker,1220.0,82.0,1987.0,Chonmyong Shipping Co,,"Pursuant to paragraph 6 of Security Council Resolution 2371 (2017), paragraph 6 of Security Council Resolution 2375 (2017)and paragraph 12 of Security Council resolution 2321 (2016). DPRK oil tanker M/V CHON MYONG 1 conducted a ship-to-ship transfer, likely for oil, in late December 2017. Listed as asset of Chonmyong Shipping Co (OFSI ID: 13627, UN Ref KPe.056)",
#0019842,DPR0096,Chie Maru No.6,Alias,8712362.0,North Korea,Togo,Oil Tanker,1220.0,82.0,1987.0,Chonmyong Shipping Co,,"Pursuant to paragraph 6 of Security Council Resolution 2371 (2017), paragraph 6 of Security Council Resolution 2375 (2017)and paragraph 12 of Security Council resolution 2321 (2016). DPRK oil tanker M/V CHON MYONG 1 conducted a ship-to-ship transfer, likely for oil, in late December 2017. Listed as asset of Chonmyong Shipping Co (OFSI ID: 13627, UN Ref KPe.056)",
#0019843,DPR0096,Eastern Luck,Alias,8712362.0,North Korea,Togo,Oil Tanker,1220.0,82.0,1987.0,Chonmyong Shipping Co,,"Pursuant to paragraph 6 of Security Council Resolution 2371 (2017), paragraph 6 of Security Council Resolution 2375 (2017)and paragraph 12 of Security Council resolution 2321 (2016). DPRK oil tanker M/V CHON MYONG 1 conducted a ship-to-ship transfer, likely for oil, in late December 2017. Listed as asset of Chonmyong Shipping Co (OFSI ID: 13627, UN Ref KPe.056)",
#0019844,DPR0096,Ju Jak Bong 5,Alias,8712362.0,North Korea,Togo,Oil Tanker,1220.0,82.0,1987.0,Chonmyong Shipping Co,,"Pursuant to paragraph 6 of Security Council Resolution 2371 (2017), paragraph 6 of Security Council Resolution 2375 (2017)and paragraph 12 of Security Council resolution 2321 (2016). DPRK oil tanker M/V CHON MYONG 1 conducted a ship-to-ship transfer, likely for oil, in late December 2017. Listed as asset of Chonmyong Shipping Co (OFSI ID: 13627, UN Ref KPe.056)",
#0019845,DPR0096,Jujakbong5,Alias,8712362.0,North Korea,Togo,Oil Tanker,1220.0,82.0,1987.0,Chonmyong Shipping Co,,"Pursuant to paragraph 6 of Security Council Resolution 2371 (2017), paragraph 6 of Security Council Resolution 2375 (2017)and paragraph 12 of Security Council resolution 2321 (2016). DPRK oil tanker M/V CHON MYONG 1 conducted a ship-to-ship transfer, likely for oil, in late December 2017. Listed as asset of Chonmyong Shipping Co (OFSI ID: 13627, UN Ref KPe.056)",
#0019846,DPR0096,Jujakbonh-5,Alias,8712362.0,North Korea,Togo,Oil Tanker,1220.0,82.0,1987.0,Chonmyong Shipping Co,,"Pursuant to paragraph 6 of Security Council Resolution 2371 (2017), paragraph 6 of Security Council Resolution 2375 (2017)and paragraph 12 of Security Council resolution 2321 (2016). DPRK oil tanker M/V CHON MYONG 1 conducted a ship-to-ship transfer, likely for oil, in late December 2017. Listed as asset of Chonmyong Shipping Co (OFSI ID: 13627, UN Ref KPe.056)",
#0019847,DPR0096,M/V Chon Myong 1,Alias,8712362.0,North Korea,Togo,Oil Tanker,1220.0,82.0,1987.0,Chonmyong Shipping Co,,"Pursuant to paragraph 6 of Security Council Resolution 2371 (2017), paragraph 6 of Security Council Resolution 2375 (2017)and paragraph 12 of Security Council resolution 2321 (2016). DPRK oil tanker M/V CHON MYONG 1 conducted a ship-to-ship transfer, likely for oil, in late December 2017. Listed as asset of Chonmyong Shipping Co (OFSI ID: 13627, UN Ref KPe.056)",
#0019848,DPR0096,Zu Zag Bong 5,Alias,8712362.0,North Korea,Togo,Oil Tanker,1220.0,82.0,1987.0,Chonmyong Shipping Co,,"Pursuant to paragraph 6 of Security Council Resolution 2371 (2017), paragraph 6 of Security Council Resolution 2375 (2017)and paragraph 12 of Security Council resolution 2321 (2016). DPRK oil tanker M/V CHON MYONG 1 conducted a ship-to-ship transfer, likely for oil, in late December 2017. Listed as asset of Chonmyong Shipping Co (OFSI ID: 13627, UN Ref KPe.056)",
#0019849,DPR0096,Zuzagbong-5,Alias,8712362.0,North Korea,Togo,Oil Tanker,1220.0,82.0,1987.0,Chonmyong Shipping Co,,"Pursuant to paragraph 6 of Security Council Resolution 2371 (2017), paragraph 6 of Security Council Resolution 2375 (2017)and paragraph 12 of Security Council resolution 2321 (2016). DPRK oil tanker M/V CHON MYONG 1 conducted a ship-to-ship transfer, likely for oil, in late December 2017. Listed as asset of Chonmyong Shipping Co (OFSI ID: 13627, UN Ref KPe.056)",
#0019850,DPR0097,An San 1,Primary Name,7303803.0,North Korea,Russia,Chemical Carrier,1757.0,86.0,1973.0,Korean Ansan Shipping,,"Pursuant to paragraph 6 of Security Council Resolution 2371 (2017), paragraph 6 of Security Council Resolution 2375 (2017)and paragraph 12 of Security Council resolution 2321 (2016). DPRK tanker M/V AN SAN 1 was involved in ship-to-ship transfer operations, likely for oil, in late January 2018. Listed as asset of Korea Ansan Shipping Company (OFSI ID: 13633, UN Reference Number: UN Ref KPe.062)",
#0019851,DPR0097,Alchimist Marathon,Alias,7303803.0,North Korea,Russia,Chemical Carrier,1757.0,86.0,1973.0,Korean Ansan Shipping,,"Pursuant to paragraph 6 of Security Council Resolution 2371 (2017), paragraph 6 of Security Council Resolution 2375 (2017)and paragraph 12 of Security Council resolution 2321 (2016). DPRK tanker M/V AN SAN 1 was involved in ship-to-ship transfer operations, likely for oil, in late January 2018. Listed as asset of Korea Ansan Shipping Company (OFSI ID: 13633, UN Reference Number: UN Ref KPe.062)",
#0019852,DPR0097,Alchimist Rotterdam,Alias,7303803.0,North Korea,Russia,Chemical Carrier,1757.0,86.0,1973.0,Korean Ansan Shipping,,"Pursuant to paragraph 6 of Security Council Resolution 2371 (2017), paragraph 6 of Security Council Resolution 2375 (2017)and paragraph 12 of Security Council resolution 2321 (2016). DPRK tanker M/V AN SAN 1 was involved in ship-to-ship transfer operations, likely for oil, in late January 2018. Listed as asset of Korea Ansan Shipping Company (OFSI ID: 13633, UN Reference Number: UN Ref KPe.062)",
#0019853,DPR0097,Ansan-1,Alias,7303803.0,North Korea,Russia,Chemical Carrier,1757.0,86.0,1973.0,Korean Ansan Shipping,,"Pursuant to paragraph 6 of Security Council Resolution 2371 (2017), paragraph 6 of Security Council Resolution 2375 (2017)and paragraph 12 of Security Council resolution 2321 (2016). DPRK tanker M/V AN SAN 1 was involved in ship-to-ship transfer operations, likely for oil, in late January 2018. Listed as asset of Korea Ansan Shipping Company (OFSI ID: 13633, UN Reference Number: UN Ref KPe.062)",
#0019854,DPR0097,Beste S,Alias,7303803.0,North Korea,Russia,Chemical Carrier,1757.0,86.0,1973.0,Korean Ansan Shipping,,"Pursuant to paragraph 6 of Security Council Resolution 2371 (2017), paragraph 6 of Security Council Resolution 2375 (2017)and paragraph 12 of Security Council resolution 2321 (2016). DPRK tanker M/V AN SAN 1 was involved in ship-to-ship transfer operations, likely for oil, in late January 2018. Listed as asset of Korea Ansan Shipping Company (OFSI ID: 13633, UN Reference Number: UN Ref KPe.062)",
#0019855,DPR0097,Chimiste Nantes,Alias,7303803.0,North Korea,Russia,Chemical Carrier,1757.0,86.0,1973.0,Korean Ansan Shipping,,"Pursuant to paragraph 6 of Security Council Resolution 2371 (2017), paragraph 6 of Security Council Resolution 2375 (2017)and paragraph 12 of Security Council resolution 2321 (2016). DPRK tanker M/V AN SAN 1 was involved in ship-to-ship transfer operations, likely for oil, in late January 2018. Listed as asset of Korea Ansan Shipping Company (OFSI ID: 13633, UN Reference Number: UN Ref KPe.062)",
#0019856,DPR0097,Efes,Alias,7303803.0,North Korea,Russia,Chemical Carrier,1757.0,86.0,1973.0,Korean Ansan Shipping,,"Pursuant to paragraph 6 of Security Council Resolution 2371 (2017), paragraph 6 of Security Council Resolution 2375 (2017)and paragraph 12 of Security Council resolution 2321 (2016). DPRK tanker M/V AN SAN 1 was involved in ship-to-ship transfer operations, likely for oil, in late January 2018. Listed as asset of Korea Ansan Shipping Company (OFSI ID: 13633, UN Reference Number: UN Ref KPe.062)",
#0019857,DPR0097,Ermak,Alias,7303803.0,North Korea,Russia,Chemical Carrier,1757.0,86.0,1973.0,Korean Ansan Shipping,,"Pursuant to paragraph 6 of Security Council Resolution 2371 (2017), paragraph 6 of Security Council Resolution 2375 (2017)and paragraph 12 of Security Council resolution 2321 (2016). DPRK tanker M/V AN SAN 1 was involved in ship-to-ship transfer operations, likely for oil, in late January 2018. Listed as asset of Korea Ansan Shipping Company (OFSI ID: 13633, UN Reference Number: UN Ref KPe.062)",
#0019858,DPR0097,Tiger Cub,Alias,7303803.0,North Korea,Russia,Chemical Carrier,1757.0,86.0,1973.0,Korean Ansan Shipping,,"Pursuant to paragraph 6 of Security Council Resolution 2371 (2017), paragraph 6 of Security Council Resolution 2375 (2017)and paragraph 12 of Security Council resolution 2321 (2016). DPRK tanker M/V AN SAN 1 was involved in ship-to-ship transfer operations, likely for oil, in late January 2018. Listed as asset of Korea Ansan Shipping Company (OFSI ID: 13633, UN Reference Number: UN Ref KPe.062)",
#0019859,DPR0098,Yu Phyong 5,Primary Name,8605026.0,North Korea,South Korea,Oil Tanker,795.0,75.0,1986.0,Korea Myongdok Shipping Co,,"Pursuant to paragraph 6 of Security Council Resolution 2371 (2017), paragraph 6 of Security Council Resolution 2375 (2017)and paragraph 12 of Security Council resolution 2321 (2016). In late November 2017 the YU PHYONG 5 conducted a ship-to-ship transfer of 1,721 metric tons of fuel oil. Listed as asset of Korea Myongdok Shipping Co - OFSI ID: 13634. UN Reference Number: UN Ref KPe.063",
#0019860,DPR0098,Bokwang No.5; Bokwang No.5BL,Alias,8605026.0,North Korea,South Korea,Oil Tanker,795.0,75.0,1986.0,Korea Myongdok Shipping Co,,"Pursuant to paragraph 6 of Security Council Resolution 2371 (2017), paragraph 6 of Security Council Resolution 2375 (2017)and paragraph 12 of Security Council resolution 2321 (2016). In late November 2017 the YU PHYONG 5 conducted a ship-to-ship transfer of 1,721 metric tons of fuel oil. Listed as asset of Korea Myongdok Shipping Co - OFSI ID: 13634. UN Reference Number: UN Ref KPe.063",
#0019862,DPR0098,Bokwang_No5,Alias,8605026.0,North Korea,South Korea,Oil Tanker,795.0,75.0,1986.0,Korea Myongdok Shipping Co,,"Pursuant to paragraph 6 of Security Council Resolution 2371 (2017), paragraph 6 of Security Council Resolution 2375 (2017)and paragraph 12 of Security Council resolution 2321 (2016). In late November 2017 the YU PHYONG 5 conducted a ship-to-ship transfer of 1,721 metric tons of fuel oil. Listed as asset of Korea Myongdok Shipping Co - OFSI ID: 13634. UN Reference Number: UN Ref KPe.063",
#0019863,DPR0098,Cheng Jin; Cheong Jin,Alias,8605026.0,North Korea,South Korea,Oil Tanker,795.0,75.0,1986.0,Korea Myongdok Shipping Co,,"Pursuant to paragraph 6 of Security Council Resolution 2371 (2017), paragraph 6 of Security Council Resolution 2375 (2017)and paragraph 12 of Security Council resolution 2321 (2016). In late November 2017 the YU PHYONG 5 conducted a ship-to-ship transfer of 1,721 metric tons of fuel oil. Listed as asset of Korea Myongdok Shipping Co - OFSI ID: 13634. UN Reference Number: UN Ref KPe.063",
#0019865,DPR0098,Ryosho Maru,Alias,8605026.0,North Korea,South Korea,Oil Tanker,795.0,75.0,1986.0,Korea Myongdok Shipping Co,,"Pursuant to paragraph 6 of Security Council Resolution 2371 (2017), paragraph 6 of Security Council Resolution 2375 (2017)and paragraph 12 of Security Council resolution 2321 (2016). In late November 2017 the YU PHYONG 5 conducted a ship-to-ship transfer of 1,721 metric tons of fuel oil. Listed as asset of Korea Myongdok Shipping Co - OFSI ID: 13634. UN Reference Number: UN Ref KPe.063",
#0019866,DPR0098,Samwoo,Alias,8605026.0,North Korea,South Korea,Oil Tanker,795.0,75.0,1986.0,Korea Myongdok Shipping Co,,"Pursuant to paragraph 6 of Security Council Resolution 2371 (2017), paragraph 6 of Security Council Resolution 2375 (2017)and paragraph 12 of Security Council resolution 2321 (2016). In late November 2017 the YU PHYONG 5 conducted a ship-to-ship transfer of 1,721 metric tons of fuel oil. Listed as asset of Korea Myongdok Shipping Co - OFSI ID: 13634. UN Reference Number: UN Ref KPe.063",
#0019867,DPR0098,Vladivostok No.5,Alias,8605026.0,North Korea,South Korea,Oil Tanker,795.0,75.0,1986.0,Korea Myongdok Shipping Co,,"Pursuant to paragraph 6 of Security Council Resolution 2371 (2017), paragraph 6 of Security Council Resolution 2375 (2017)and paragraph 12 of Security Council resolution 2321 (2016). In late November 2017 the YU PHYONG 5 conducted a ship-to-ship transfer of 1,721 metric tons of fuel oil. Listed as asset of Korea Myongdok Shipping Co - OFSI ID: 13634. UN Reference Number: UN Ref KPe.063",
#0019868,DPR0099,Sam Jong 1,Primary Name,8405311.0,North Korea,,Oil Tanker,1038.0,70.0,1984.0,Korea Samjong Shipping,,"Pursuant to paragraph 6 of Security Council Resolution 2371 (2017), paragraph 6 of Security Council Resolution 2375 (2017)and paragraph 12 of Security Council resolution 2321 (2016). DPRK merchant vessel M/V SAM JONG 1 was involved in ship-to-ship transfer operations of oil in late January 2018. Listed as asset of Korea Samjong Shipping (OFSI ID: 13635, UN Reference Number: UN Ref KPe.064)",
#0019869,DPR0099,Dae Hung 6,Alias,8405311.0,North Korea,,Oil Tanker,1038.0,70.0,1984.0,Korea Samjong Shipping,,"Pursuant to paragraph 6 of Security Council Resolution 2371 (2017), paragraph 6 of Security Council Resolution 2375 (2017)and paragraph 12 of Security Council resolution 2321 (2016). DPRK merchant vessel M/V SAM JONG 1 was involved in ship-to-ship transfer operations of oil in late January 2018. Listed as asset of Korea Samjong Shipping (OFSI ID: 13635, UN Reference Number: UN Ref KPe.064)",
#0019870,DPR0099,Tesshin Maru,Alias,8405311.0,North Korea,,Oil Tanker,1038.0,70.0,1984.0,Korea Samjong Shipping,,"Pursuant to paragraph 6 of Security Council Resolution 2371 (2017), paragraph 6 of Security Council Resolution 2375 (2017)and paragraph 12 of Security Council resolution 2321 (2016). DPRK merchant vessel M/V SAM JONG 1 was involved in ship-to-ship transfer operations of oil in late January 2018. Listed as asset of Korea Samjong Shipping (OFSI ID: 13635, UN Reference Number: UN Ref KPe.064)",
#0019871,DPR0099,Yu_Jong_1,Alias,8405311.0,North Korea,,Oil Tanker,1038.0,70.0,1984.0,Korea Samjong Shipping,,"Pursuant to paragraph 6 of Security Council Resolution 2371 (2017), paragraph 6 of Security Council Resolution 2375 (2017)and paragraph 12 of Security Council resolution 2321 (2016). DPRK merchant vessel M/V SAM JONG 1 was involved in ship-to-ship transfer operations of oil in late January 2018. Listed as asset of Korea Samjong Shipping (OFSI ID: 13635, UN Reference Number: UN Ref KPe.064)",
#0019872,DPR0099,Yujong1,Alias,8405311.0,North Korea,,Oil Tanker,1038.0,70.0,1984.0,Korea Samjong Shipping,,"Pursuant to paragraph 6 of Security Council Resolution 2371 (2017), paragraph 6 of Security Council Resolution 2375 (2017)and paragraph 12 of Security Council resolution 2321 (2016). DPRK merchant vessel M/V SAM JONG 1 was involved in ship-to-ship transfer operations of oil in late January 2018. Listed as asset of Korea Samjong Shipping (OFSI ID: 13635, UN Reference Number: UN Ref KPe.064)",
#0019873,DPR0100,Sam Jong 2,Primary Name,7408873.0,North Korea,Russia,Oil Tanker,1676.0,80.0,1975.0,Korea Samjong Shipping,,"Pursuant to paragraph 6 of Security Council Resolution 2371 (2017), paragraph 6 of Security Council Resolution 2375 (2017)and paragraph 12 of Security Council resolution 2321 (2016). DPRK merchant vessel M/V SAM JONG 2 was involved in ship-to-ship transfer operations of oil in late January 2018. Listed as asset of Korea Samjong Shipping (OFSI ID: 13635, UN Reference Number: UN Ref KPe.064)",
#0019874,DPR0100,Aktiva,Alias,7408873.0,North Korea,Russia,Oil Tanker,1676.0,80.0,1975.0,Korea Samjong Shipping,,"Pursuant to paragraph 6 of Security Council Resolution 2371 (2017), paragraph 6 of Security Council Resolution 2375 (2017)and paragraph 12 of Security Council resolution 2321 (2016). DPRK merchant vessel M/V SAM JONG 2 was involved in ship-to-ship transfer operations of oil in late January 2018. Listed as asset of Korea Samjong Shipping (OFSI ID: 13635, UN Reference Number: UN Ref KPe.064)",
#0019875,DPR0100,Bima,Alias,7408873.0,North Korea,Russia,Oil Tanker,1676.0,80.0,1975.0,Korea Samjong Shipping,,"Pursuant to paragraph 6 of Security Council Resolution 2371 (2017), paragraph 6 of Security Council Resolution 2375 (2017)and paragraph 12 of Security Council resolution 2321 (2016). DPRK merchant vessel M/V SAM JONG 2 was involved in ship-to-ship transfer operations of oil in late January 2018. Listed as asset of Korea Samjong Shipping (OFSI ID: 13635, UN Reference Number: UN Ref KPe.064)",
#0019876,DPR0100,Ochre Point,Alias,7408873.0,North Korea,Russia,Oil Tanker,1676.0,80.0,1975.0,Korea Samjong Shipping,,"Pursuant to paragraph 6 of Security Council Resolution 2371 (2017), paragraph 6 of Security Council Resolution 2375 (2017)and paragraph 12 of Security Council resolution 2321 (2016). DPRK merchant vessel M/V SAM JONG 2 was involved in ship-to-ship transfer operations of oil in late January 2018. Listed as asset of Korea Samjong Shipping (OFSI ID: 13635, UN Reference Number: UN Ref KPe.064)",
#0019877,DPR0100,Petrochem Valour,Alias,7408873.0,North Korea,Russia,Oil Tanker,1676.0,80.0,1975.0,Korea Samjong Shipping,,"Pursuant to paragraph 6 of Security Council Resolution 2371 (2017), paragraph 6 of Security Council Resolution 2375 (2017)and paragraph 12 of Security Council resolution 2321 (2016). DPRK merchant vessel M/V SAM JONG 2 was involved in ship-to-ship transfer operations of oil in late January 2018. Listed as asset of Korea Samjong Shipping (OFSI ID: 13635, UN Reference Number: UN Ref KPe.064)",
#0019878,DPR0100,Rainbow Chaser,Alias,7408873.0,North Korea,Russia,Oil Tanker,1676.0,80.0,1975.0,Korea Samjong Shipping,,"Pursuant to paragraph 6 of Security Council Resolution 2371 (2017), paragraph 6 of Security Council Resolution 2375 (2017)and paragraph 12 of Security Council resolution 2321 (2016). DPRK merchant vessel M/V SAM JONG 2 was involved in ship-to-ship transfer operations of oil in late January 2018. Listed as asset of Korea Samjong Shipping (OFSI ID: 13635, UN Reference Number: UN Ref KPe.064)",
#0019879,DPR0100,Solvent Discoverer,Alias,7408873.0,North Korea,Russia,Oil Tanker,1676.0,80.0,1975.0,Korea Samjong Shipping,,"Pursuant to paragraph 6 of Security Council Resolution 2371 (2017), paragraph 6 of Security Council Resolution 2375 (2017)and paragraph 12 of Security Council resolution 2321 (2016). DPRK merchant vessel M/V SAM JONG 2 was involved in ship-to-ship transfer operations of oil in late January 2018. Listed as asset of Korea Samjong Shipping (OFSI ID: 13635, UN Reference Number: UN Ref KPe.064)",
#0019880,DPR0100,Tom Mira,Alias,7408873.0,North Korea,Russia,Oil Tanker,1676.0,80.0,1975.0,Korea Samjong Shipping,,"Pursuant to paragraph 6 of Security Council Resolution 2371 (2017), paragraph 6 of Security Council Resolution 2375 (2017)and paragraph 12 of Security Council resolution 2321 (2016). DPRK merchant vessel M/V SAM JONG 2 was involved in ship-to-ship transfer operations of oil in late January 2018. Listed as asset of Korea Samjong Shipping (OFSI ID: 13635, UN Reference Number: UN Ref KPe.064)",
#0019881,DPR0100,Yu_Jong_3,Alias,7408873.0,North Korea,Russia,Oil Tanker,1676.0,80.0,1975.0,Korea Samjong Shipping,,"Pursuant to paragraph 6 of Security Council Resolution 2371 (2017), paragraph 6 of Security Council Resolution 2375 (2017)and paragraph 12 of Security Council resolution 2321 (2016). DPRK merchant vessel M/V SAM JONG 2 was involved in ship-to-ship transfer operations of oil in late January 2018. Listed as asset of Korea Samjong Shipping (OFSI ID: 13635, UN Reference Number: UN Ref KPe.064)",
#0019882,DPR0101,Sam Ma 2,Primary Name,8106496.0,North Korea,,Oil Tanker,962.0,70.0,1981.0,Korea Samma Shipping,,"Pursuant to paragraph 6 of Security Council Resolution 2371 (2017), paragraph 6 of Security Council Resolution 2375 (2017)and paragraph 12 of Security Council resolution 2321 (2016). DPRK oil tanker M/V SAM MA 2 imported refined petroleum products in October, early November and mid-November 2017 through multiple ship-to-ship transfers. Listed as asset of Korea Samma Shipping Co (OFSI ID: 13636, UN Reference Number: UN Ref KPe.065)",
#0019883,DPR0101,Cleanseas Coral,Alias,8106496.0,North Korea,,Oil Tanker,962.0,70.0,1981.0,Korea Samma Shipping,,"Pursuant to paragraph 6 of Security Council Resolution 2371 (2017), paragraph 6 of Security Council Resolution 2375 (2017)and paragraph 12 of Security Council resolution 2321 (2016). DPRK oil tanker M/V SAM MA 2 imported refined petroleum products in October, early November and mid-November 2017 through multiple ship-to-ship transfers. Listed as asset of Korea Samma Shipping Co (OFSI ID: 13636, UN Reference Number: UN Ref KPe.065)",
#0019884,DPR0101,Myong Sin,Alias,8106496.0,North Korea,,Oil Tanker,962.0,70.0,1981.0,Korea Samma Shipping,,"Pursuant to paragraph 6 of Security Council Resolution 2371 (2017), paragraph 6 of Security Council Resolution 2375 (2017)and paragraph 12 of Security Council resolution 2321 (2016). DPRK oil tanker M/V SAM MA 2 imported refined petroleum products in October, early November and mid-November 2017 through multiple ship-to-ship transfers. Listed as asset of Korea Samma Shipping Co (OFSI ID: 13636, UN Reference Number: UN Ref KPe.065)",
#0019885,DPR0101,Sam_Ma_2,Alias,8106496.0,North Korea,,Oil Tanker,962.0,70.0,1981.0,Korea Samma Shipping,,"Pursuant to paragraph 6 of Security Council Resolution 2371 (2017), paragraph 6 of Security Council Resolution 2375 (2017)and paragraph 12 of Security Council resolution 2321 (2016). DPRK oil tanker M/V SAM MA 2 imported refined petroleum products in October, early November and mid-November 2017 through multiple ship-to-ship transfers. Listed as asset of Korea Samma Shipping Co (OFSI ID: 13636, UN Reference Number: UN Ref KPe.065)",
#0019886,DPR0101,Samma2,Alias,8106496.0,North Korea,,Oil Tanker,962.0,70.0,1981.0,Korea Samma Shipping,,"Pursuant to paragraph 6 of Security Council Resolution 2371 (2017), paragraph 6 of Security Council Resolution 2375 (2017)and paragraph 12 of Security Council resolution 2321 (2016). DPRK oil tanker M/V SAM MA 2 imported refined petroleum products in October, early November and mid-November 2017 through multiple ship-to-ship transfers. Listed as asset of Korea Samma Shipping Co (OFSI ID: 13636, UN Reference Number: UN Ref KPe.065)",
#0019887,DPR0101,Wakatsuru Maru No.6,Alias,8106496.0,North Korea,,Oil Tanker,962.0,70.0,1981.0,Korea Samma Shipping,,"Pursuant to paragraph 6 of Security Council Resolution 2371 (2017), paragraph 6 of Security Council Resolution 2375 (2017)and paragraph 12 of Security Council resolution 2321 (2016). DPRK oil tanker M/V SAM MA 2 imported refined petroleum products in October, early November and mid-November 2017 through multiple ship-to-ship transfers. Listed as asset of Korea Samma Shipping Co (OFSI ID: 13636, UN Reference Number: UN Ref KPe.065)",
#0019888,DPR0102,Yu Jong 2,Primary Name,8604917.0,North Korea,,Oil Tanker,748.0,62.0,1986.0,Korea Yujong Shipping,,"Pursuant to paragraph 6 of Security Council Resolution 2371 (2017), paragraph 6 of Security Council Resolution 2375 (2017)and paragraph 12 of Security Council resolution 2321 (2016). DPRK oil tanker M/V YU JONG 2 was involved in-ship-to ship transfer operations for oil in November 2017. M/V YU JONG 2 was also involved in a ship-to-ship transfer operation, likely for oil, with M/V MIN NING DE YOU 078 on 16 February 2018. Listed as asset of Korea Yujong Shipping Co Ltd (OFSI ID: 13637, UN Reference Number: UN Ref KPe.066)",
#0019889,DPR0102,Dae Hung 12,Alias,8604917.0,North Korea,,Oil Tanker,748.0,62.0,1986.0,Korea Yujong Shipping,,"Pursuant to paragraph 6 of Security Council Resolution 2371 (2017), paragraph 6 of Security Council Resolution 2375 (2017)and paragraph 12 of Security Council resolution 2321 (2016). DPRK oil tanker M/V YU JONG 2 was involved in-ship-to ship transfer operations for oil in November 2017. M/V YU JONG 2 was also involved in a ship-to-ship transfer operation, likely for oil, with M/V MIN NING DE YOU 078 on 16 February 2018. Listed as asset of Korea Yujong Shipping Co Ltd (OFSI ID: 13637, UN Reference Number: UN Ref KPe.066)",
#0019890,DPR0102,Ryoko,Alias,8604917.0,North Korea,,Oil Tanker,748.0,62.0,1986.0,Korea Yujong Shipping,,"Pursuant to paragraph 6 of Security Council Resolution 2371 (2017), paragraph 6 of Security Council Resolution 2375 (2017)and paragraph 12 of Security Council resolution 2321 (2016). DPRK oil tanker M/V YU JONG 2 was involved in-ship-to ship transfer operations for oil in November 2017. M/V YU JONG 2 was also involved in a ship-to-ship transfer operation, likely for oil, with M/V MIN NING DE YOU 078 on 16 February 2018. Listed as asset of Korea Yujong Shipping Co Ltd (OFSI ID: 13637, UN Reference Number: UN Ref KPe.066)",
#0019891,DPR0102,Ryoko Maru No.8,Alias,8604917.0,North Korea,,Oil Tanker,748.0,62.0,1986.0,Korea Yujong Shipping,,"Pursuant to paragraph 6 of Security Council Resolution 2371 (2017), paragraph 6 of Security Council Resolution 2375 (2017)and paragraph 12 of Security Council resolution 2321 (2016). DPRK oil tanker M/V YU JONG 2 was involved in-ship-to ship transfer operations for oil in November 2017. M/V YU JONG 2 was also involved in a ship-to-ship transfer operation, likely for oil, with M/V MIN NING DE YOU 078 on 16 February 2018. Listed as asset of Korea Yujong Shipping Co Ltd (OFSI ID: 13637, UN Reference Number: UN Ref KPe.066)",
#0019892,DPR0102,Yujong-2,Alias,8604917.0,North Korea,,Oil Tanker,748.0,62.0,1986.0,Korea Yujong Shipping,,"Pursuant to paragraph 6 of Security Council Resolution 2371 (2017), paragraph 6 of Security Council Resolution 2375 (2017)and paragraph 12 of Security Council resolution 2321 (2016). DPRK oil tanker M/V YU JONG 2 was involved in-ship-to ship transfer operations for oil in November 2017. M/V YU JONG 2 was also involved in a ship-to-ship transfer operation, likely for oil, with M/V MIN NING DE YOU 078 on 16 February 2018. Listed as asset of Korea Yujong Shipping Co Ltd (OFSI ID: 13637, UN Reference Number: UN Ref KPe.066)",
#0019893,DPR0103,Paek Ma,Primary Name,9066978.0,North Korea,South Korea; Panama,Oil Tanker,1181.0,77.0,1993.0,,,"Pursuant to paragraph 6 of Security Council Resolution 2371 (2017), paragraph 6 of Security Council Resolution 2375 (2017)and paragraph 12 of Security Council resolution 2321 (2016). DPRK vessel M/V PAEK MA was involved in ship-to-ship transfer operations for oil in mid-January 2018. Listed as asset of Paekma Shipping Co (a.k.a First Oil JV Co Ltd) (OFSI ID: 13640, UN Reference Number: UN Ref KPe.069)",
#0019895,DPR0103,Il Mook,Alias,9066978.0,North Korea,South Korea; Panama,Oil Tanker,1181.0,77.0,1993.0,,,"Pursuant to paragraph 6 of Security Council Resolution 2371 (2017), paragraph 6 of Security Council Resolution 2375 (2017)and paragraph 12 of Security Council resolution 2321 (2016). DPRK vessel M/V PAEK MA was involved in ship-to-ship transfer operations for oil in mid-January 2018. Listed as asset of Paekma Shipping Co (a.k.a First Oil JV Co Ltd) (OFSI ID: 13640, UN Reference Number: UN Ref KPe.069)",
#0019897,DPR0103,Kishu Maru,Alias,9066978.0,North Korea,Panama; South Korea,Oil Tanker,1181.0,77.0,1993.0,,,"Pursuant to paragraph 6 of Security Council Resolution 2371 (2017), paragraph 6 of Security Council Resolution 2375 (2017)and paragraph 12 of Security Council resolution 2321 (2016). DPRK vessel M/V PAEK MA was involved in ship-to-ship transfer operations for oil in mid-January 2018. Listed as asset of Paekma Shipping Co (a.k.a First Oil JV Co Ltd) (OFSI ID: 13640, UN Reference Number: UN Ref KPe.069)",
#0019899,DPR0103,Royal Miracle,Alias,9066978.0,North Korea,Panama; South Korea,Oil Tanker,1181.0,77.0,1993.0,,,"Pursuant to paragraph 6 of Security Council Resolution 2371 (2017), paragraph 6 of Security Council Resolution 2375 (2017)and paragraph 12 of Security Council resolution 2321 (2016). DPRK vessel M/V PAEK MA was involved in ship-to-ship transfer operations for oil in mid-January 2018. Listed as asset of Paekma Shipping Co (a.k.a First Oil JV Co Ltd) (OFSI ID: 13640, UN Reference Number: UN Ref KPe.069)",
#0019901,DPR0104,Ji Song 6,Primary Name,8898740.0,North Korea,,Other,841.0,58.0,1995.0,Phyongchon Shipping & Marine,,"Pursuant to paragraph 6 of Security Council Resolution 2371 (2017), paragraph 6 of Security Council Resolution 2375 (2017)and paragraph 12 of Security Council resolution 2321 (2016). DPRK tanker M/V JI SONG 6 was involved in ship-to-ship transfer operations of oil in late January 2018. Listed as asset of Phyongchon Shipping & Marine (OFSI ID: 13641, UN Reference Number: UN Ref KPe.070)",
#0019902,DPR0105,Chon Ma San,Primary Name,8660313.0,North Korea,,Oil Tanker,2808.0,83.0,2005.0,Korea Achim Shipping Co,,"Pursuant to paragraph 6 of Security Council Resolution 2371 (2017), paragraph 6 of Security Council Resolution 2375 (2017)and paragraph 12 of Security Council resolution 2321 (2016). DPRK vessel M/V CHON MA SAN was involved in ship-to-ship transfer operations for oil in mid-November 2017. Listed as asset of Korea Achim Shipping Co (OFSI ID: 13632, UN Reference Number: UN Ref KPe.061)",
#0019903,DPR0105,Go Mal San 4,Alias,8660313.0,North Korea,,Oil Tanker,2808.0,83.0,2005.0,Korea Achim Shipping Co,,"Pursuant to paragraph 6 of Security Council Resolution 2371 (2017), paragraph 6 of Security Council Resolution 2375 (2017)and paragraph 12 of Security Council resolution 2321 (2016). DPRK vessel M/V CHON MA SAN was involved in ship-to-ship transfer operations for oil in mid-November 2017. Listed as asset of Korea Achim Shipping Co (OFSI ID: 13632, UN Reference Number: UN Ref KPe.061)",
#0019904,DPR0106,Nam San 8,Primary Name,8122347.0,North Korea,,Oil Tanker,1914.0,91.0,1982.0,Hapjanggang Shipping Corp,,"Pursuant to paragraph 6 of Security Council Resolution 2371 (2017), paragraph 6 of Security Council Resolution 2375 (2017)and paragraph 12 of Security Council resolution 2321 (2016). DPRK crude oil tanker M/V NAM SAN 8 is believed to have been involved in ship-to-ship transfer operations for oil. Listed as asset of Hapjanggang Shipping Corp (OFSI ID: 13629, UN Reference Number: UN Ref KPe.058)",
#0019905,DPR0106,Koan Maru,Alias,8122347.0,North Korea,,Oil Tanker,1914.0,91.0,1982.0,Hapjanggang Shipping Corp,,"Pursuant to paragraph 6 of Security Council Resolution 2371 (2017), paragraph 6 of Security Council Resolution 2375 (2017)and paragraph 12 of Security Council resolution 2321 (2016). DPRK crude oil tanker M/V NAM SAN 8 is believed to have been involved in ship-to-ship transfer operations for oil. Listed as asset of Hapjanggang Shipping Corp (OFSI ID: 13629, UN Reference Number: UN Ref KPe.058)",
#0019906,DPR0106,Munakata,Alias,8122347.0,North Korea,,Oil Tanker,1914.0,91.0,1982.0,Hapjanggang Shipping Corp,,"Pursuant to paragraph 6 of Security Council Resolution 2371 (2017), paragraph 6 of Security Council Resolution 2375 (2017)and paragraph 12 of Security Council resolution 2321 (2016). DPRK crude oil tanker M/V NAM SAN 8 is believed to have been involved in ship-to-ship transfer operations for oil. Listed as asset of Hapjanggang Shipping Corp (OFSI ID: 13629, UN Reference Number: UN Ref KPe.058)",
#0019907,DPR0106,Munakata Maru No.5,Alias,8122347.0,North Korea,,Oil Tanker,1914.0,91.0,1982.0,Hapjanggang Shipping Corp,,"Pursuant to paragraph 6 of Security Council Resolution 2371 (2017), paragraph 6 of Security Council Resolution 2375 (2017)and paragraph 12 of Security Council resolution 2321 (2016). DPRK crude oil tanker M/V NAM SAN 8 is believed to have been involved in ship-to-ship transfer operations for oil. Listed as asset of Hapjanggang Shipping Corp (OFSI ID: 13629, UN Reference Number: UN Ref KPe.058)",
#0019908,DPR0106,Zu Zag Bong 6,Alias,8122347.0,North Korea,,Oil Tanker,1914.0,91.0,1982.0,Hapjanggang Shipping Corp,,"Pursuant to paragraph 6 of Security Council Resolution 2371 (2017), paragraph 6 of Security Council Resolution 2375 (2017)and paragraph 12 of Security Council resolution 2321 (2016). DPRK crude oil tanker M/V NAM SAN 8 is believed to have been involved in ship-to-ship transfer operations for oil. Listed as asset of Hapjanggang Shipping Corp (OFSI ID: 13629, UN Reference Number: UN Ref KPe.058)",
#0019909,DPR0107,Yu Son,Primary Name,8691702.0,North Korea,,Oil Tanker,2228.0,89.0,2003.0,Myohyang Shipping Co,,"Pursuant to paragraph 6 of Security Council Resolution 2371 (2017), paragraph 6 of Security Council Resolution 2375 (2017)and paragraph 12 of Security Council resolution 2321 (2016). DPRK tanker M/V YU SON is believed to have been involved in ship-to-ship transfer operations for oil. Listed as asset of Myohyang Shipping Co (OFSI ID: 13639, UN Reference Number: UN Ref KPe.068)",
#0019910,DPR0107,Y Chun,Alias,8691702.0,North Korea,,Oil Tanker,2228.0,89.0,2003.0,Myohyang Shipping Co,,"Pursuant to paragraph 6 of Security Council Resolution 2371 (2017), paragraph 6 of Security Council Resolution 2375 (2017)and paragraph 12 of Security Council resolution 2321 (2016). DPRK tanker M/V YU SON is believed to have been involved in ship-to-ship transfer operations for oil. Listed as asset of Myohyang Shipping Co (OFSI ID: 13639, UN Reference Number: UN Ref KPe.068)",
#0019911,DPR0108,Woory Star,Primary Name,8408595.0,North Korea,,General Cargo / Multi Purpose,3154.0,89.0,1984.0,Phyongchon Shipping & Marine,,"Pursuant to paragraph 6 of Security Council Resolution 2371 (2017), paragraph 6 of Security Council Resolution 2375 (2017)and paragraph 12 of Security Council resolution 2321 (2016). DPRK cargo vessel M/V WOORY STAR is believed to have been involved in illicit transfers of prohibited DPRK goods. Listed as asset of Phyongchon Shipping & Marine (OFSI ID: 13641, UN Reference Number: UN Ref KPe.070)",
#0019912,DPR0108,Polaris No.9,Alias,8408595.0,North Korea,,General Cargo / Multi Purpose,3154.0,89.0,1984.0,Phyongchon Shipping & Marine,,"Pursuant to paragraph 6 of Security Council Resolution 2371 (2017), paragraph 6 of Security Council Resolution 2375 (2017)and paragraph 12 of Security Council resolution 2321 (2016). DPRK cargo vessel M/V WOORY STAR is believed to have been involved in illicit transfers of prohibited DPRK goods. Listed as asset of Phyongchon Shipping & Marine (OFSI ID: 13641, UN Reference Number: UN Ref KPe.070)",
#0019913,DPR0108,Stella Polaris,Alias,8408595.0,North Korea,,General Cargo / Multi Purpose,3154.0,89.0,1984.0,Phyongchon Shipping & Marine,,"Pursuant to paragraph 6 of Security Council Resolution 2371 (2017), paragraph 6 of Security Council Resolution 2375 (2017)and paragraph 12 of Security Council resolution 2321 (2016). DPRK cargo vessel M/V WOORY STAR is believed to have been involved in illicit transfers of prohibited DPRK goods. Listed as asset of Phyongchon Shipping & Marine (OFSI ID: 13641, UN Reference Number: UN Ref KPe.070)",
#0019914,DPR0108,Tamnda,Alias,8408595.0,North Korea,,General Cargo / Multi Purpose,3154.0,89.0,1984.0,Phyongchon Shipping & Marine,,"Pursuant to paragraph 6 of Security Council Resolution 2371 (2017), paragraph 6 of Security Council Resolution 2375 (2017)and paragraph 12 of Security Council resolution 2321 (2016). DPRK cargo vessel M/V WOORY STAR is believed to have been involved in illicit transfers of prohibited DPRK goods. Listed as asset of Phyongchon Shipping & Marine (OFSI ID: 13641, UN Reference Number: UN Ref KPe.070)",
#0019915,DPR0109,Ji Song 8,Primary Name,8503228.0,North Korea,Hong Kong,General Cargo / Multi Purpose,3953.0,105.0,1985.0,Phyongchon Shipping & Marine,,"Pursuant to paragraphs 8(d) of Security Council resolution 1718 (2006) and 12 of Security Council resolution 2270 (2016) as economic resources of designated entities. DPRK cargo vessel M/V JI SONG 8 is owned by Phyongchon Shipping & Marine and is believed to have been involved in illicit transfers of prohibited DPRK goods. Listed as asset of Phyongchon Shipping & Marine, (OFSI ID: 13641, UN Reference Number: UN Ref KPe.070)",
#0019916,DPR0109,Asian Hope,Alias,8503228.0,North Korea,Hong Kong,General Cargo / Multi Purpose,3953.0,105.0,1985.0,Phyongchon Shipping & Marine,,"Pursuant to paragraphs 8(d) of Security Council resolution 1718 (2006) and 12 of Security Council resolution 2270 (2016) as economic resources of designated entities. DPRK cargo vessel M/V JI SONG 8 is owned by Phyongchon Shipping & Marine and is believed to have been involved in illicit transfers of prohibited DPRK goods. Listed as asset of Phyongchon Shipping & Marine, (OFSI ID: 13641, UN Reference Number: UN Ref KPe.070)",
#0019917,DPR0109,New Rich,Alias,8503228.0,North Korea,Hong Kong,General Cargo / Multi Purpose,3953.0,105.0,1985.0,Phyongchon Shipping & Marine,,"Pursuant to paragraphs 8(d) of Security Council resolution 1718 (2006) and 12 of Security Council resolution 2270 (2016) as economic resources of designated entities. DPRK cargo vessel M/V JI SONG 8 is owned by Phyongchon Shipping & Marine and is believed to have been involved in illicit transfers of prohibited DPRK goods. Listed as asset of Phyongchon Shipping & Marine, (OFSI ID: 13641, UN Reference Number: UN Ref KPe.070)",
#0019918,DPR0109,Shikishima Maru No.1,Alias,8503228.0,North Korea,Hong Kong,General Cargo / Multi Purpose,3953.0,105.0,1985.0,Phyongchon Shipping & Marine,,"Pursuant to paragraphs 8(d) of Security Council resolution 1718 (2006) and 12 of Security Council resolution 2270 (2016) as economic resources of designated entities. DPRK cargo vessel M/V JI SONG 8 is owned by Phyongchon Shipping & Marine and is believed to have been involved in illicit transfers of prohibited DPRK goods. Listed as asset of Phyongchon Shipping & Marine, (OFSI ID: 13641, UN Reference Number: UN Ref KPe.070)",
#0019919,DPR0109,Shikishima No.17,Alias,8503228.0,North Korea,Hong Kong,General Cargo / Multi Purpose,3953.0,105.0,1985.0,Phyongchon Shipping & Marine,,"Pursuant to paragraphs 8(d) of Security Council resolution 1718 (2006) and 12 of Security Council resolution 2270 (2016) as economic resources of designated entities. DPRK cargo vessel M/V JI SONG 8 is owned by Phyongchon Shipping & Marine and is believed to have been involved in illicit transfers of prohibited DPRK goods. Listed as asset of Phyongchon Shipping & Marine, (OFSI ID: 13641, UN Reference Number: UN Ref KPe.070)",
#0019920,DPR0109,Yedar,Alias,8503228.0,North Korea,Hong Kong,General Cargo / Multi Purpose,3953.0,105.0,1985.0,Phyongchon Shipping & Marine,,"Pursuant to paragraphs 8(d) of Security Council resolution 1718 (2006) and 12 of Security Council resolution 2270 (2016) as economic resources of designated entities. DPRK cargo vessel M/V JI SONG 8 is owned by Phyongchon Shipping & Marine and is believed to have been involved in illicit transfers of prohibited DPRK goods. Listed as asset of Phyongchon Shipping & Marine, (OFSI ID: 13641, UN Reference Number: UN Ref KPe.070)",
#0019921,DPR0110,Hap Jang Gang 6,Primary Name,9066540.0,North Korea,Cambodia,General Cargo / Multi Purpose,1497.0,75.0,1993.0,Hapjanggang Shipping Corp,,"Pursuant to paragraphs 8(d) of Security Council resolution 1718 (2006) and 12 of Security Council resolution 2270 (2016) as economic resources of designated entities. DPRK cargo vessel M/V HAP JANG GANG 6 is owned by Hapjanggang Shipping Corp and is believed to have been involved in illicit transfers of prohibited DPRK goods. Listed as asset of Hapjanggang Shipping Corp, (OFSI ID: 13629, UN Reference Number: UN Ref KPe.058)",
#0019922,DPR0110,Seiei Maru,Alias,9066540.0,North Korea,Cambodia,General Cargo / Multi Purpose,1497.0,75.0,1993.0,Hapjanggang Shipping Corp,,"Pursuant to paragraphs 8(d) of Security Council resolution 1718 (2006) and 12 of Security Council resolution 2270 (2016) as economic resources of designated entities. DPRK cargo vessel M/V HAP JANG GANG 6 is owned by Hapjanggang Shipping Corp and is believed to have been involved in illicit transfers of prohibited DPRK goods. Listed as asset of Hapjanggang Shipping Corp, (OFSI ID: 13629, UN Reference Number: UN Ref KPe.058)",
#0019923,DPR0110,Sin Hung,Alias,9066540.0,North Korea,Cambodia,General Cargo / Multi Purpose,1497.0,75.0,1993.0,Hapjanggang Shipping Corp,,"Pursuant to paragraphs 8(d) of Security Council resolution 1718 (2006) and 12 of Security Council resolution 2270 (2016) as economic resources of designated entities. DPRK cargo vessel M/V HAP JANG GANG 6 is owned by Hapjanggang Shipping Corp and is believed to have been involved in illicit transfers of prohibited DPRK goods. Listed as asset of Hapjanggang Shipping Corp, (OFSI ID: 13629, UN Reference Number: UN Ref KPe.058)",
#0019924,DPR0110,Taiyo II,Alias,9066540.0,North Korea,Cambodia,General Cargo / Multi Purpose,1497.0,75.0,1993.0,Hapjanggang Shipping Corp,,"Pursuant to paragraphs 8(d) of Security Council resolution 1718 (2006) and 12 of Security Council resolution 2270 (2016) as economic resources of designated entities. DPRK cargo vessel M/V HAP JANG GANG 6 is owned by Hapjanggang Shipping Corp and is believed to have been involved in illicit transfers of prohibited DPRK goods. Listed as asset of Hapjanggang Shipping Corp, (OFSI ID: 13629, UN Reference Number: UN Ref KPe.058)",
#0019925,DPR0110,Xin Hong,Alias,9066540.0,North Korea,Cambodia,General Cargo / Multi Purpose,1497.0,75.0,1993.0,Hapjanggang Shipping Corp,,"Pursuant to paragraphs 8(d) of Security Council resolution 1718 (2006) and 12 of Security Council resolution 2270 (2016) as economic resources of designated entities. DPRK cargo vessel M/V HAP JANG GANG 6 is owned by Hapjanggang Shipping Corp and is believed to have been involved in illicit transfers of prohibited DPRK goods. Listed as asset of Hapjanggang Shipping Corp, (OFSI ID: 13629, UN Reference Number: UN Ref KPe.058)",
#0019926,DPR0111,Asia Bridge 1; Asia Bridge,Primary Name,8916580.0,Belize,Philippines; Tanzania,General Cargo / Multi Purpose,6788.0,109.0,1990.0,Huaxin Shipping Hongkong Ltd,,"Pursuant to paragraph 6 of Security Council Resolution 2371 (2017), paragraph 6 of Security Council Resolution 2375 (2017) and paragraph 12 of Security Council resolution 2321 (2016). M/V ASIA BRIDGE 1 loaded DPRK coal at Nampo, DPRK, on 22 October 2017 and transferred it to Cam Pha, Vietnam. Listed as asset of Huaxin Shipping Hongkong Ltd, (OFSI ID: 13630, UN Reference Number: UN Ref KPe.059)",
#0019930,DPR0111,Unit Star,Alias,8916580.0,Belize,Tanzania; Philippines,General Cargo / Multi Purpose,6788.0,109.0,1990.0,Huaxin Shipping Hongkong Ltd,,"Pursuant to paragraph 6 of Security Council Resolution 2371 (2017), paragraph 6 of Security Council Resolution 2375 (2017) and paragraph 12 of Security Council resolution 2321 (2016). M/V ASIA BRIDGE 1 loaded DPRK coal at Nampo, DPRK, on 22 October 2017 and transferred it to Cam Pha, Vietnam. Listed as asset of Huaxin Shipping Hongkong Ltd, (OFSI ID: 13630, UN Reference Number: UN Ref KPe.059)",
#0019932,DPR0112,Xin Guang Hai,Primary Name,9004700.0,Togo,Panama,General Cargo / Multi Purpose,5552.0,98.0,1990.0,Weihai World-Shipping Freight,,"Pursuant to paragraph 6 of Security Council Resolution 2371 (2017), paragraph 6 of Security Council Resolution 2375 (2017) and paragraph 12 of Security Council resolution 2321 (2016). Merchant vessel M/V XIN GUANG HAI loaded DPRK coal at Taean, DPRK, on 27 October 2017 and transferred it to Port Klang, Malaysia, on 18 December 2017. Listed as asset of Weihai World-Shipping Freight (OFSI ID: 13645, UN Reference Number: UN Ref KPe.074)",
#0019933,DPR0112,Chun Kuan,Alias,9004700.0,Togo,Panama,General Cargo / Multi Purpose,5552.0,98.0,1990.0,Weihai World-Shipping Freight,,"Pursuant to paragraph 6 of Security Council Resolution 2371 (2017), paragraph 6 of Security Council Resolution 2375 (2017) and paragraph 12 of Security Council resolution 2321 (2016). Merchant vessel M/V XIN GUANG HAI loaded DPRK coal at Taean, DPRK, on 27 October 2017 and transferred it to Port Klang, Malaysia, on 18 December 2017. Listed as asset of Weihai World-Shipping Freight (OFSI ID: 13645, UN Reference Number: UN Ref KPe.074)",
#0019934,DPR0112,Sino_7,Alias,9004700.0,Togo,Panama,General Cargo / Multi Purpose,5552.0,98.0,1990.0,Weihai World-Shipping Freight,,"Pursuant to paragraph 6 of Security Council Resolution 2371 (2017), paragraph 6 of Security Council Resolution 2375 (2017) and paragraph 12 of Security Council resolution 2321 (2016). Merchant vessel M/V XIN GUANG HAI loaded DPRK coal at Taean, DPRK, on 27 October 2017 and transferred it to Port Klang, Malaysia, on 18 December 2017. Listed as asset of Weihai World-Shipping Freight (OFSI ID: 13645, UN Reference Number: UN Ref KPe.074)",
#0019935,DPR0112,Splendor,Alias,9004700.0,Togo,Panama,General Cargo / Multi Purpose,5552.0,98.0,1990.0,Weihai World-Shipping Freight,,"Pursuant to paragraph 6 of Security Council Resolution 2371 (2017), paragraph 6 of Security Council Resolution 2375 (2017) and paragraph 12 of Security Council resolution 2321 (2016). Merchant vessel M/V XIN GUANG HAI loaded DPRK coal at Taean, DPRK, on 27 October 2017 and transferred it to Port Klang, Malaysia, on 18 December 2017. Listed as asset of Weihai World-Shipping Freight (OFSI ID: 13645, UN Reference Number: UN Ref KPe.074)",
#0019936,DPR0112,Trump Pescadores,Alias,9004700.0,Togo,Panama,General Cargo / Multi Purpose,5552.0,98.0,1990.0,Weihai World-Shipping Freight,,"Pursuant to paragraph 6 of Security Council Resolution 2371 (2017), paragraph 6 of Security Council Resolution 2375 (2017) and paragraph 12 of Security Council resolution 2321 (2016). Merchant vessel M/V XIN GUANG HAI loaded DPRK coal at Taean, DPRK, on 27 October 2017 and transferred it to Port Klang, Malaysia, on 18 December 2017. Listed as asset of Weihai World-Shipping Freight (OFSI ID: 13645, UN Reference Number: UN Ref KPe.074)",
#0019937,DPR0113,Hua Fu,Primary Name,9020003.0,Panama,South Korea,General Cargo / Multi Purpose,8255.0,116.0,1991.0,Chang An Shipping & Technology,,"Pursuant to paragraph 6 of Security Council Resolution 2371 (2017), paragraph 6 of Security Council Resolution 2375 (2017) and paragraph 12 of Security Council resolution 2321 (2016). M/V HUA FU loaded DPRK coal at Najin, DPRK, on 24 September 2017. Listed as asset of Chang An Shipping & Technology (OFSI ID: 13626, UN Reference Number: UN Ref KPe.055)",
#0019938,DPR0113,Asian Harmony,Alias,9020003.0,Panama,South Korea,General Cargo / Multi Purpose,8255.0,116.0,1991.0,Chang An Shipping & Technology,,"Pursuant to paragraph 6 of Security Council Resolution 2371 (2017), paragraph 6 of Security Council Resolution 2375 (2017) and paragraph 12 of Security Council resolution 2321 (2016). M/V HUA FU loaded DPRK coal at Najin, DPRK, on 24 September 2017. Listed as asset of Chang An Shipping & Technology (OFSI ID: 13626, UN Reference Number: UN Ref KPe.055)",
#0019939,DPR0113,Harvest Ace,Alias,9020003.0,Panama,South Korea,General Cargo / Multi Purpose,8255.0,116.0,1991.0,Chang An Shipping & Technology,,"Pursuant to paragraph 6 of Security Council Resolution 2371 (2017), paragraph 6 of Security Council Resolution 2375 (2017) and paragraph 12 of Security Council resolution 2321 (2016). M/V HUA FU loaded DPRK coal at Najin, DPRK, on 24 September 2017. Listed as asset of Chang An Shipping & Technology (OFSI ID: 13626, UN Reference Number: UN Ref KPe.055)",
#0019940,DPR0113,Hoam,Alias,9020003.0,Panama,South Korea,General Cargo / Multi Purpose,8255.0,116.0,1991.0,Chang An Shipping & Technology,,"Pursuant to paragraph 6 of Security Council Resolution 2371 (2017), paragraph 6 of Security Council Resolution 2375 (2017) and paragraph 12 of Security Council resolution 2321 (2016). M/V HUA FU loaded DPRK coal at Najin, DPRK, on 24 September 2017. Listed as asset of Chang An Shipping & Technology (OFSI ID: 13626, UN Reference Number: UN Ref KPe.055)",
#0019941,DPR0113,Hua_Fu,Alias,9020003.0,Panama,South Korea,General Cargo / Multi Purpose,8255.0,116.0,1991.0,Chang An Shipping & Technology,,"Pursuant to paragraph 6 of Security Council Resolution 2371 (2017), paragraph 6 of Security Council Resolution 2375 (2017) and paragraph 12 of Security Council resolution 2321 (2016). M/V HUA FU loaded DPRK coal at Najin, DPRK, on 24 September 2017. Listed as asset of Chang An Shipping & Technology (OFSI ID: 13626, UN Reference Number: UN Ref KPe.055)",
#0019942,DPR0113,SN Harmony,Alias,9020003.0,Panama,South Korea,General Cargo / Multi Purpose,8255.0,116.0,1991.0,Chang An Shipping & Technology,,"Pursuant to paragraph 6 of Security Council Resolution 2371 (2017), paragraph 6 of Security Council Resolution 2375 (2017) and paragraph 12 of Security Council resolution 2321 (2016). M/V HUA FU loaded DPRK coal at Najin, DPRK, on 24 September 2017. Listed as asset of Chang An Shipping & Technology (OFSI ID: 13626, UN Reference Number: UN Ref KPe.055)",
#0019943,DPR0114,Yuk Tung,Primary Name,9030591.0,Dominica,Panama; Italy,Oil Tanker,20200.0,179.0,1994.0,Yuk Tung Energy PTE Ltd,,"Pursuant to paragraph 6 of Security Council Resolution 2371 (2017), paragraph 6 of Security Council Resolution 2375 (2017) and paragraph 12 of Security Council resolution 2321 (2016). M/V YUK TUNG engaged in a ship-to-ship transfer, likely for oil, with M/V RYE SONG GANG in January 2018. Listed as asset of Yuk Tung Energy PTE Ltd (OFSI ID: 13646, UN Reference Number: UN Ref KPe.075)",
#0019945,DPR0114,Carlotta,Alias,9030591.0,Dominica,Panama; Italy,Oil Tanker,20200.0,179.0,1994.0,Yuk Tung Energy PTE Ltd,,"Pursuant to paragraph 6 of Security Council Resolution 2371 (2017), paragraph 6 of Security Council Resolution 2375 (2017) and paragraph 12 of Security Council resolution 2321 (2016). M/V YUK TUNG engaged in a ship-to-ship transfer, likely for oil, with M/V RYE SONG GANG in January 2018. Listed as asset of Yuk Tung Energy PTE Ltd (OFSI ID: 13646, UN Reference Number: UN Ref KPe.075)",
#0019947,DPR0114,Four Rivers,Alias,9030591.0,Dominica,Italy; Panama,Oil Tanker,20200.0,179.0,1994.0,Yuk Tung Energy PTE Ltd,,"Pursuant to paragraph 6 of Security Council Resolution 2371 (2017), paragraph 6 of Security Council Resolution 2375 (2017) and paragraph 12 of Security Council resolution 2321 (2016). M/V YUK TUNG engaged in a ship-to-ship transfer, likely for oil, with M/V RYE SONG GANG in January 2018. Listed as asset of Yuk Tung Energy PTE Ltd (OFSI ID: 13646, UN Reference Number: UN Ref KPe.075)",
#0019949,DPR0114,Isola Magenta,Alias,9030591.0,Dominica,Panama; Italy,Oil Tanker,20200.0,179.0,1994.0,Yuk Tung Energy PTE Ltd,,"Pursuant to paragraph 6 of Security Council Resolution 2371 (2017), paragraph 6 of Security Council Resolution 2375 (2017) and paragraph 12 of Security Council resolution 2321 (2016). M/V YUK TUNG engaged in a ship-to-ship transfer, likely for oil, with M/V RYE SONG GANG in January 2018. Listed as asset of Yuk Tung Energy PTE Ltd (OFSI ID: 13646, UN Reference Number: UN Ref KPe.075)",
#0019951,DPR0114,Santrina,Alias,9030591.0,Dominica,Italy; Panama,Oil Tanker,20200.0,179.0,1994.0,Yuk Tung Energy PTE Ltd,,"Pursuant to paragraph 6 of Security Council Resolution 2371 (2017), paragraph 6 of Security Council Resolution 2375 (2017) and paragraph 12 of Security Council resolution 2321 (2016). M/V YUK TUNG engaged in a ship-to-ship transfer, likely for oil, with M/V RYE SONG GANG in January 2018. Listed as asset of Yuk Tung Energy PTE Ltd (OFSI ID: 13646, UN Reference Number: UN Ref KPe.075)",
#0019953,DPR0115,Koti,Primary Name,9417115.0,Panama,Malaysia,Oil Tanker,5182.0,106.0,2008.0,Koti Corp,,"Pursuant to paragraph 6 of Security Council Resolution 2371 (2017), paragraph 6 of Security Council Resolution 2375 (2017) and paragraph 12 of Security Council resolution 2321 (2016). M/V KOTI engaged in a ship-to-ship transfer, likely for oil, with M/V KUM UN SAN 3 on 9 December 2017. Listed as asset of Koti Corp (OFSI ID: 13638, UN Reference number: UN Ref KPe.067)",
#0019954,DPR0115,Semua Sejati,Alias,9417115.0,Panama,Malaysia,Oil Tanker,5182.0,106.0,2008.0,Koti Corp,,"Pursuant to paragraph 6 of Security Council Resolution 2371 (2017), paragraph 6 of Security Council Resolution 2375 (2017) and paragraph 12 of Security Council resolution 2321 (2016). M/V KOTI engaged in a ship-to-ship transfer, likely for oil, with M/V KUM UN SAN 3 on 9 December 2017. Listed as asset of Koti Corp (OFSI ID: 13638, UN Reference number: UN Ref KPe.067)",
#0019955,DPR0116,Hao Fan 2; Hao Fan 2A; Hao Fan 2AH; Hao Fan 2AJ; Hao Fan 2CH,Primary Name,8747604.0,St Kitts and Nevis,Kiribati,General Cargo / Multi Purpose,7928.0,135.0,2006.0,Shen Zhong International Shipping,,"Pursuant to paragraph 6 of Security Council Resolution 2371 (2017), paragraph 6 of Security Council Resolution 2375 (2017) and paragraph 12 of Security Council resolution 2321 (2016). M/V HAO FAN 2 loaded DPRK coal at Nampo, DPRK, on 3 June 2017, for export in violation of UN sanctions. Listed as asset of Shen Zhong International Shipping (OFSI ID: 13644, UN Reference Number: UN Ref KPe.073)",
#0019960,DPR0117,Jin Hye,Primary Name,8518572.0,,,,,,,,,"Pursuant to paragraph 6 of Security Council Resolution 2371 (2017), paragraph 6 of Security Council Resolution 2375 (2017) and paragraph 12 of Security Council resolution 2321 (2016). M/V JIN HYE engaged in a ship-to-ship transfer with M/V CHON MA SAN on 16 December 2017.",
#0019961,DPR0118,Fan Ke,Primary Name,8914934.0,,,,,,,,,"Pursuant to paragraph 6 of Security Council Resolution 2371 (2017), paragraph 6 of Security Council Resolution 2375 (2017) and paragraph 12 of Security Council resolution 2321 (2016). M/V FAN KE loaded DPRK coal at Nampo, DPRK, in September/October 2017.",
#0019962,DPR0119,Wan Heng 11,Primary Name,8791667.0,North Korea,Belize,,,,,,,"Pursuant to paragraph 6 of Security Council Resolution 2371 (2017), paragraph 6 of Security Council Resolution 2375 (2017) and paragraph 12 of Security Council resolution 2321 (2016). M/V WAN HENG 11 engaged in a ship-to-ship transfer, likely for oil, with M/V RYE SONG GANG 1 on 13 February 2018. Wan Heng 11, formerly a Belize-flagged vessel, is now operating as a DPRK-flagged vessel named the KUMJINGANG3 or Kum Jin Gang 3.",
#0019963,DPR0120,Min Ning De You 078,Primary Name,,,,,,,,,,"Pursuant to paragraph 6 of Security Council Resolution 2371 (2017), paragraph 6 of Security Council Resolution 2375 (2017) and paragraph 12 of Security Council resolution 2321 (2016). M/V MIN NING DE YOU engaged in a ship-to-ship transfer, likely for oil, with M/V YU JONG 2 on 16 February 2018",
#0019964,DPR0121,Shang Yuan Bao,Primary Name,8126070.0,Panama,Mongolia; Panama; Thailand,Oil Tanker,3508.0,100.0,1982.0,Fortune Maker International,,"Pursuant to paragraph 6 of Security Council Resolution 2371 (2017), paragraph 6 of Security Council Resolution 2375 (2017) and paragraph 12 of Security Council resolution 2321 (2016). The merchant vessel M/V SHANG YUAN BAO engaged in a ship-to-ship transfer, likely for oil, with UN-designated DPRK vessel M/V PAEK",
#0019967,DPR0121,Botany Trinity,Alias,8126070.0,Panama,Thailand; Panama; Mongolia,Oil Tanker,3508.0,100.0,1982.0,Fortune Maker International,,"Pursuant to paragraph 6 of Security Council Resolution 2371 (2017), paragraph 6 of Security Council Resolution 2375 (2017) and paragraph 12 of Security Council resolution 2321 (2016). The merchant vessel M/V SHANG YUAN BAO engaged in a ship-to-ship transfer, likely for oil, with UN-designated DPRK vessel M/V PAEK",
#0019970,DPR0121,C.P. 33,Alias,8126070.0,Panama,Mongolia; Panama; Thailand,Oil Tanker,3508.0,100.0,1982.0,Fortune Maker International,,"Pursuant to paragraph 6 of Security Council Resolution 2371 (2017), paragraph 6 of Security Council Resolution 2375 (2017) and paragraph 12 of Security Council resolution 2321 (2016). The merchant vessel M/V SHANG YUAN BAO engaged in a ship-to-ship transfer, likely for oil, with UN-designated DPRK vessel M/V PAEK",
#0019973,DPR0121,CP 33,Alias,8126070.0,Panama,Thailand; Panama; Mongolia,Oil Tanker,3508.0,100.0,1982.0,Fortune Maker International,,"Pursuant to paragraph 6 of Security Council Resolution 2371 (2017), paragraph 6 of Security Council Resolution 2375 (2017) and paragraph 12 of Security Council resolution 2321 (2016). The merchant vessel M/V SHANG YUAN BAO engaged in a ship-to-ship transfer, likely for oil, with UN-designated DPRK vessel M/V PAEK",
#0019976,DPR0121,Elsa,Alias,8126070.0,Panama,Mongolia; Panama; Thailand,Oil Tanker,3508.0,100.0,1982.0,Fortune Maker International,,"Pursuant to paragraph 6 of Security Council Resolution 2371 (2017), paragraph 6 of Security Council Resolution 2375 (2017) and paragraph 12 of Security Council resolution 2321 (2016). The merchant vessel M/V SHANG YUAN BAO engaged in a ship-to-ship transfer, likely for oil, with UN-designated DPRK vessel M/V PAEK",
#0019979,DPR0121,Lockgrow888,Alias,8126070.0,Panama,Thailand; Panama; Mongolia,Oil Tanker,3508.0,100.0,1982.0,Fortune Maker International,,"Pursuant to paragraph 6 of Security Council Resolution 2371 (2017), paragraph 6 of Security Council Resolution 2375 (2017) and paragraph 12 of Security Council resolution 2321 (2016). The merchant vessel M/V SHANG YUAN BAO engaged in a ship-to-ship transfer, likely for oil, with UN-designated DPRK vessel M/V PAEK",
#0019982,DPR0121,Luck Grow 888,Alias,8126070.0,Panama,Mongolia; Panama; Thailand,Oil Tanker,3508.0,100.0,1982.0,Fortune Maker International,,"Pursuant to paragraph 6 of Security Council Resolution 2371 (2017), paragraph 6 of Security Council Resolution 2375 (2017) and paragraph 12 of Security Council resolution 2321 (2016). The merchant vessel M/V SHANG YUAN BAO engaged in a ship-to-ship transfer, likely for oil, with UN-designated DPRK vessel M/V PAEK",
#0019985,DPR0122,New Regent,Primary Name,8312497.0,Panama,South Korea; Panama; Sierra Leone,Oil Tanker,2998.0,119.0,1983.0,Ocean Grow International Shipmanagement,,"Pursuant to paragraph 6 of Security Council Resolution 2371 (2017), paragraph 6 of Security Council Resolution 2375 (2017) and paragraph 12 of Security Council resolution 2321 (2016). MA on May 18, 2018. The SHANG YUAN BAO also engaged in a ship-to-ship transfer, likely for oil, with the DPRK vessel MYONG RYU 1 on June 2, 2018.",
#0019988,DPR0122,Crane Hope,Alias,8312497.0,Panama,South Korea; Sierra Leone; Panama,Oil Tanker,2998.0,119.0,1983.0,Ocean Grow International Shipmanagement,,"Pursuant to paragraph 6 of Security Council Resolution 2371 (2017), paragraph 6 of Security Council Resolution 2375 (2017) and paragraph 12 of Security Council resolution 2321 (2016). MA on May 18, 2018. The SHANG YUAN BAO also engaged in a ship-to-ship transfer, likely for oil, with the DPRK vessel MYONG RYU 1 on June 2, 2018.",
#0019991,DPR0122,Eikoh Maru No.2,Alias,8312497.0,Panama,Panama; Sierra Leone; South Korea,Oil Tanker,2998.0,119.0,1983.0,Ocean Grow International Shipmanagement,,"Pursuant to paragraph 6 of Security Council Resolution 2371 (2017), paragraph 6 of Security Council Resolution 2375 (2017) and paragraph 12 of Security Council resolution 2321 (2016). MA on May 18, 2018. The SHANG YUAN BAO also engaged in a ship-to-ship transfer, likely for oil, with the DPRK vessel MYONG RYU 1 on June 2, 2018.",
#0019994,DPR0122,Ew Jopex,Alias,8312497.0,Panama,South Korea; Sierra Leone; Panama,Oil Tanker,2998.0,119.0,1983.0,Ocean Grow International Shipmanagement,,"Pursuant to paragraph 6 of Security Council Resolution 2371 (2017), paragraph 6 of Security Council Resolution 2375 (2017) and paragraph 12 of Security Council resolution 2321 (2016). MA on May 18, 2018. The SHANG YUAN BAO also engaged in a ship-to-ship transfer, likely for oil, with the DPRK vessel MYONG RYU 1 on June 2, 2018.",
#0019997,DPR0122,New Kopex,Alias,8312497.0,Panama,Panama; Sierra Leone; South Korea,Oil Tanker,2998.0,119.0,1983.0,Ocean Grow International Shipmanagement,,"Pursuant to paragraph 6 of Security Council Resolution 2371 (2017), paragraph 6 of Security Council Resolution 2375 (2017) and paragraph 12 of Security Council resolution 2321 (2016). MA on May 18, 2018. The SHANG YUAN BAO also engaged in a ship-to-ship transfer, likely for oil, with the DPRK vessel MYONG RYU 1 on June 2, 2018.",
#0020000,DPR0123,Kum Un San 3,Primary Name,8705539.0,,,,,,,,,"Pursuant to paragraph 6 of Security Council Resolution 2371 (2017), paragraph 6 of Security Council Resolution 2375 (2017) and paragraph 12 of Security Council resolution 2321 (2016). The DPRK oil tanker KUM UN SAN 3 engaged in a ship-to-ship transfer, likely for oil, with the M/V NEW REGENT on June 7, 2018.",
#0020991,DPR0280,Dong Feng 6,Primary Name,9008201.0,,,,,,,,,"Pursuant to paragraph 6 of Security Council Resolution 2371 (2017), paragraph 6 of Security Council Resolution 2375 (2017) and paragraph 12 of Security Council resolution 2321 (2016). M/V DONG FENG 6 loaded DPRK coal at Hamhung, DPRK, on 11 July 2017, for export in violation of UN sanctions.",
#0047546,RUS2176,KOROLEV PROSPECT,Primary Name,9826902.0,Gabon,,Oil Tanker,,,2019.0,Stream Ship Management FZCO,,"Shipping sanctions: a specified ship is prohibited from being provided with access to or having its master or pilot cause it to enter a port in the UK, may have its registration on the UK Ship Register terminated, and a master or pilot of a specified ship may be given a port barring direction, a detention direction, and a port entry direction or a movement direction.","KOROLEV PROSPECT (IMO 9826902) is involved in activity whose object or effect is to destabilise Ukraine or undermine or threaten the territorial integrity, sovereignty or independence of Ukraine or to obtain a benefit from or support the Government of Russia. Namely, KOROLEV PROSPECT is involved in carrying oil or oil related products that originated in Russia from Russia to a third country."
#0047547,RUS2177,PRIMORSKY PROSPECT,Primary Name,9511533.0,Gabon,,Oil Tanker,,,2010.0,STREAM SHIP MANAGEMENT FZCO,,"Shipping sanctions: a specified ship is prohibited from being provided with access to or having its master or pilot cause it to enter a port in the UK, may have its registration on the UK Ship Register terminated, and a master or pilot of a specified ship may be given a port barring direction, a detention direction, and a port entry direction or a movement direction.","PRIMORSKY PROSPECT (IMO 9511533) is involved in activity whose object or effect is to destabilise Ukraine or undermine or threaten the territorial integrity, sovereignty or independence of Ukraine or to obtain a benefit from or support the Government of Russia. Namely, PRIMORSKY PROSPECT is involved in carrying oil and/or oil products that originated in Russia from Russia to a third country."
#0047548,RUS2178,ROCKY RUNNER,Primary Name,9288899.0,Cook Islands,,Oil Tanker,,,2005.0,BREATH SHIPPING SERVICES LLC,,"Shipping sanctions: a specified ship is prohibited from being provided with access to or having its master or pilot cause it to enter a port in the UK, may have its registration on the UK Ship Register terminated, and a master or pilot of a specified ship may be given a port barring direction, a detention direction, and a port entry direction or a movement direction.","ROCKY RUNNER (IMO 9288899) is involved in activity whose object or effect is to destabilise Ukraine or undermine or threaten the territorial integrity, sovereignty or independence of Ukraine or to obtain a benefit from or support the Government of Russia. Namely, ROCKY RUNNER is involved in carrying oil or oil products from a place in Russia to a third country."
#0047549,RUS2179,DYNAMIK TRADER,Primary Name,9286657.0,Cook Islands,,Oil Tanker,,,2005.0,ALMUHIT ALHADI MARINE SERVICES,,"Shipping sanctions: a specified ship is prohibited from being provided with access to or having its master or pilot cause it to enter a port in the UK, may have its registration on the UK Ship Register terminated, and a master or pilot of a specified ship may be given a port barring direction, a detention direction, and a port entry direction or a movement direction.","DYNAMIK TRADER (IMO 9286657) is involved in activity whose object or effect is to destabilise Ukraine or undermine or threaten the territorial integrity, sovereignty or independence of Ukraine or to obtain a benefit from or support the Government of Russia. Namely, DYNAMIK TRADER is involved in carrying oil and/or oil products that originated in Russia from Russia to a third country."
#0047550,RUS2180,OCEAN AMZ,Primary Name,9394935.0,Cook Islands,,,,,,ONE MOON MARINE SERVICES L.L.C.,,"Shipping sanctions: a specified ship is prohibited from being provided with access to or having its master or pilot cause it to enter a port in the UK, may have its registration on the UK Ship Register terminated, and a master or pilot of a specified ship may be given a port barring direction, a detention direction, and a port entry direction or a movement direction.","OCEAN AMZ (IMO 9394935) is involved in activity whose object or effect is to destabilise Ukraine or undermine or threaten the territorial integrity, sovereignty or independence of Ukraine or to obtain a benefit from or support the Government of Russia. Namely, OCEAN AMZ is involved in carrying oil and/or oil products that originated in Russia from a place in Russia to a third country."
#0047551,RUS2181,CANIS POWER,Primary Name,9289520.0,Cook Islands,,Chemical Carrier,,,2005.0,ALMUHIT ALHADI MARINE SERVICES,,"Shipping sanctions: a specified ship is prohibited from being provided with access to or having its master or pilot cause it to enter a port in the UK, may have its registration on the UK Ship Register terminated, and a master or pilot of a specified ship may be given a port barring direction, a detention direction, and a port entry direction or a movement direction.","CANIS POWER (IMO 9289520) is involved in activity whose object or effect is to destabilise Ukraine or undermine or threaten the territorial integrity, sovereignty or independence of Ukraine or to obtain a benefit from or support the Government of Russia. Namely, CANIS POWER is involved in carrying oil or oil products that originated in Russia from a place in Russia to a third country."
#0047552,RUS2182,FIGHTER TWO,Primary Name,9296391.0,Cook Islands,,Oil Tanker,,,2006.0,ALMUHIT ALHADI MARINE SERVICES,,"Shipping sanctions: a specified ship is prohibited from being provided with access to or having its master or pilot cause it to enter a port in the UK, may have its registration on the UK Ship Register terminated, and a master or pilot of a specified ship may be given a port barring direction, a detention direction, and a port entry direction or a movement direction.","FIGHTER TWO (IMO 9296391) is involved in activity whose object or effect is to destabilise Ukraine or undermine or threaten the territorial integrity, sovereignty or independence of Ukraine or to obtain a benefit from or support the Government of Russia. Namely, FIGHTER TWO is involved in carrying oil or oil related products that originated in Russia from Russia to a third country."
#0047553,RUS2183,ANGARA,Primary Name,9179842.0,Russia,,Ro-Ro Cargo,,,,Marine Trans Shipping LLC,,"Shipping sanctions: a specified ship is prohibited from being provided with access to or having its master or pilot cause it to enter a port in the UK, may have its registration on the UK Ship Register terminated, and a master or pilot of a specified ship may be given a port barring direction, a detention direction, and a port entry direction or a movement direction.","ANGARA (IMO 9179842) is involved in activity whose object or effect is to destabilise Ukraine or undermine or threaten the territorial integrity, sovereignty or independence of Ukraine or to obtain a benefit from or support the Government of Russia. Namely, ANGARA is involved in carrying military goods from a third country to a place in Russia or non-government controlled Ukrainian territory."
#0047554,RUS2184,SCF AMUR,Primary Name,9333436.0,Gabon,,Oil Tanker,,,2007.0,"Carrier Tanker Inc, Fornax Ship Management",,"Shipping sanctions: a specified ship is prohibited from being provided with access to or having its master or pilot cause it to enter a port in the UK, may have its registration on the UK Ship Register terminated, and a master or pilot of a specified ship may be given a port barring direction, a detention direction, and a port entry direction or a movement direction.","SCF AMUR (IMO 9333436) is involved in activity whose object or effect is to destabilise Ukraine or undermine or threaten the territorial integrity, sovereignty or independence of Ukraine or to obtain a benefit from or support the Government of Russia. Namely, SCF AMUR is involved in carrying oil and/or oil products that originated in Russia from a place in Russia to a third country."
#0047555,RUS2185,LADY R,Primary Name,9161003.0,Russia,,Ro-Ro Cargo,,,2004.0,MG-FLOT LLC,,"Shipping sanctions: a specified ship is prohibited from being provided with access to or having its master or pilot cause it to enter a port in the UK, may have its registration on the UK Ship Register terminated, and a master or pilot of a specified ship may be given a port barring direction, a detention direction, and a port entry direction or a movement direction.","Lady R (IMO 9161003) is involved in activity whose object or effect is to destabilise Ukraine or undermine or threaten the territorial integrity, sovereignty or independence of Ukraine or to obtain a benefit from or support the Government of Russia. Namely, Lady R is involved in carrying military goods from a third country to a place in Russia or non-government controlled Ukrainian territory."
#0047556,RUS2186,SCF PECHORA,Primary Name,9333424.0,Gabon,,,,,2007.0,Fornax Ship Management,Duport Marine Services Inc,"Shipping sanctions: a specified ship is prohibited from being provided with access to or having its master or pilot cause it to enter a port in the UK, may have its registration on the UK Ship Register terminated, and a master or pilot of a specified ship may be given a port barring direction, a detention direction, and a port entry direction or a movement direction.","SCF PECHORA (IMO 9333424) is involved in activity whose object or effect is to destabilise Ukraine or undermine or threaten the territorial integrity, sovereignty or independence of Ukraine or to obtain a benefit from or support the Government of Russia. Namely, SCF PECHORA is involved in carrying oil and/or oil products that originated in Russia from a place in Russia to a third country."
#0047557,RUS2187,BODHI,Primary Name,9144782.0,Cameroon,,Oil Tanker,,,1997.0,Erst Group Ltd,TechNav Ship Mgmt Corp,"Shipping sanctions: a specified ship is prohibited from being provided with access to or having its master or pilot cause it to enter a port in the UK, may have its registration on the UK Ship Register terminated, and a master or pilot of a specified ship may be given a port barring direction, a detention direction, and a port entry direction or a movement direction.","BODHI (IMO 9144782) is involved in activity whose object or effect is to destabilise Ukraine or undermine or threaten the territorial integrity, sovereignty or independence of Ukraine or to obtain a benefit from or support the Government of Russia. Namely, BODHI is involved in carrying oil or oil-related products that originated in Russia from Russia to a third country."
#0047558,RUS2188,ZALIV AMURSKIY,Primary Name,9354313.0,Panama,,Oil Tanker,,,2008.0,STREAM SHIP MANAGEMENT FZCO,,"Shipping sanctions: a specified ship is prohibited from being provided with access to or having its master or pilot cause it to enter a port in the UK, may have its registration on the UK Ship Register terminated, and a master or pilot of a specified ship may be given a port barring direction, a detention direction, and a port entry direction or a movement direction.","ZALIV AMURSKIY (IMO 9354313) is involved in activity whose object or effect is to destabilise Ukraine or undermine or threaten the territorial integrity, sovereignty or independence of Ukraine or to obtain a benefit from or support the Government of Russia. Namely, ZALIV AMURSKIY is involved in carrying oil or oil-related products that originated in Russia from Russia to a third country."
#0047559,RUS2189,NS LOTUS,Primary Name,9339337.0,Gabon,,Oil Tanker,,,,STREAM SHIP MANAGEMENT FCZO,,"Shipping sanctions: a specified ship is prohibited from being provided with access to or having its master or pilot cause it to enter a port in the UK, may have its registration on the UK Ship Register terminated, and a master or pilot of a specified ship may be given a port barring direction, a detention direction, and a port entry direction or a movement direction.","NS LOTUS (IMO 9339337) is involved in activity whose object or effect is to destabilise Ukraine or undermine or threaten the territorial integrity, sovereignty or independence of Ukraine or to obtain a benefit from or support the Government of Russia. Namely, NS LOTUS is involved in carrying oil or oil products that originated in Russia from Russia to a third country."
#0047560,RUS2190,LIBERTY,Primary Name,9339325.0,Barbados,Gabon,Oil Tanker,,,2007.0,Boribo Shipping Corp,NS Laguna Shipping Inc,"Shipping sanctions: a specified ship is prohibited from being provided with access to or having its master or pilot cause it to enter a port in the UK, may have its registration on the UK Ship Register terminated, and a master or pilot of a specified ship may be given a port barring direction, a detention direction, and a port entry direction or a movement direction","LIBERTY (IMO 9339325) is involved in activity whose object or effect is to destabilise Ukraine or undermine or threaten the territorial integrity, sovereignty or independence of Ukraine or to obtain a benefit from or support the Government of Russia. Namely, LIBERTY is involved in carrying oil or oil-related products that originated in Russia from Russia to a third country."
#0047561,RUS2191,NS COMMANDER,Primary Name,9306794.0,Gabon,,Oil Tanker,,,2006.0,Stream Ship Management FZCO,,"Shipping sanctions: a specified ship is prohibited from being provided with access to or having its master or pilot cause it to enter a port in the UK, may have its registration on the UK Ship Register terminated, and a master or pilot of a specified ship may be given a port barring direction, a detention direction, and a port entry direction or a movement direction.","NS COMMANDER (IMO 9306794) is involved in activity whose object or effect is to destabilise Ukraine or undermine or threaten the territorial integrity, sovereignty or independence of Ukraine or to obtain a benefit from or support the Government of Russia. Namely, NS COMMANDER is involved in carrying oil or oil-related products that originated in Russia from Russia to a third country."
#0047562,RUS2192,ADYGEYA,Primary Name,9292204.0,Gabon,Liberia,Oil Tanker,,,2005.0,STREAM SHIP MANAGEMENT FCZO,SCF Management Services Dubai,"Shipping sanctions: a specified ship is prohibited from being provided with access to or having its master or pilot cause it to enter a port in the UK, may have its registration on the UK Ship Register terminated, and a master or pilot of a specified ship may be given a port barring direction, a detention direction, and a port entry direction or a movement direction.","ADYGEYA (IMO 9292204) is involved in activity whose object or effect is to destabilise Ukraine or undermine or threaten the territorial integrity, sovereignty or independence of Ukraine or to obtain a benefit from or support the Government of Russia. Namely, ADYGEYA is involved in carrying oil or oil products that originated in Russia from Russia to a third country."
#0047563,RUS2193,NIKOLAY ZUYEV,Primary Name,9610781.0,Gabon,Liberia,Oil Tanker,66818.0,,2012.0,STREAM SHIP MANAGEMENT FCZO,,"Shipping sanctions: a specified ship is prohibited from being provided with access to or having its master or pilot cause it to enter a port in the UK, may have its registration on the UK Ship Register terminated, and a master or pilot of a specified ship may be given a port barring direction, a detention direction, and a port entry direction or a movement direction.","NIKOLAY ZUYEV (IMO 9610781) is involved in activity whose object or effect is to destabilise Ukraine or undermine or threaten the territorial integrity, sovereignty or independence of Ukraine or to obtain a benefit from or support the Government of Russia. Namely, NIKOLAY ZUYEV is involved in carrying oil or oil products that originated in Russia from Russia to a third country."
#0047564,RUS2198,SCF Vankor,Primary Name,9316127.0,Gabon,Liberia,Oil Tanker,87146.0,,2007.0,STREAM SHIP MANAGEMENT FCZO,,"Shipping sanctions: a specified ship is prohibited from being provided with access to or having its master or pilot cause it to enter a port in the UK, may have its registration on the UK Ship Register terminated, and a master or pilot of a specified ship may be given a port barring direction, a detention direction, and a port entry direction or a movement direction.","SCF VANKOR (IMO 9316127) is involved in activity whose object or effect is to destabilise Ukraine or undermine or threaten the territorial integrity, sovereignty or independence of Ukraine or to obtain a benefit from or support the Government of Russia. Namely, SCF VANKOR is involved in carrying oil or oil products that originated in Russia from Russia to a third country."
#0047565,RUS2199,Vladimir Tikhonov,Primary Name,9311622.0,Gabon,Liberia,Oil Tanker,87146.0,,2006.0,STREAM SHIP MANAGEMENT FCZO,,"Shipping sanctions: a specified ship is prohibited from being provided with access to or having its master or pilot cause it to enter a port in the UK, may have its registration on the UK Ship Register terminated, and a master or pilot of a specified ship may be given a port barring direction, a detention direction, and a port entry direction or a movement direction.","VLADIMIR TIKHONOV (IMO 9311622) is involved in activity whose object or effect is to destabilise Ukraine or undermine or threaten the territorial integrity, sovereignty or independence of Ukraine or to obtain a benefit from or support the Government of Russia. Namely, VLADIMIR TIKHONOV is involved in carrying oil or oil products that originated in Russia from a place in Russia to a third country."
#0047566,RUS2200,SCF Baltica,Primary Name,9305568.0,Gabon,Liberia,Oil Tanker,65293.0,,2005.0,STREAM SHIP MANAGEMENT FCZO,,"Shipping sanctions: a specified ship is prohibited from being provided with access to or having its master or pilot cause it to enter a port in the UK, may have its registration on the UK Ship Register terminated, and a master or pilot of a specified ship may be given a port barring direction, a detention direction, and a port entry direction or a movement direction.","SCF BALTICA (IMO 9305568) is involved in activity whose object or effect is to destabilise Ukraine or undermine or threaten the territorial integrity, sovereignty or independence of Ukraine or to obtain a benefit from or support the Government of Russia. Namely, SCF BALTICA is involved in carrying oil or oil products that originated in Russia from Russia to a third country."
#0047567,RUS2201,NS ASIA,Primary Name,9413561.0,Gabon,Liberia,Oil Tanker,62433.0,,2009.0,STREAM SHIP MANAGEMENT FCZO,,"Shipping sanctions: a specified ship is prohibited from being provided with access to or having its master or pilot cause it to enter a port in the UK, may have its registration on the UK Ship Register terminated, and a master or pilot of a specified ship may be given a port barring direction, a detention direction, and a port entry direction or a movement direction.","NS ASIA (IMO 9413561) is involved in activity whose object or effect is to destabilise Ukraine or undermine or threaten the territorial integrity, sovereignty or independence of Ukraine or to obtain a benefit from or support the Government of Russia. Namely, NS ASIA is involved in carrying oil or oil products that originated in Russia from Russia to a third country."
#0047568,RUS2202,LEONID LOZA,Primary Name,9412347.0,Gabon,Liberia,Oil Tanker,83747.0,,2011.0,STREAM SHIP MANAGEMENT FCZO,,"Shipping sanctions: a specified ship is prohibited from being provided with access to or having its master or pilot cause it to enter a port in the UK, may have its registration on the UK Ship Register terminated, and a master or pilot of a specified ship may be given a port barring direction, a detention direction, and a port entry direction or a movement direction.","LEONID LOZA (IMO 9412347) is involved in activity whose object or effect is to destabilise Ukraine or undermine or threaten the territorial integrity, sovereignty or independence of Ukraine or to obtain a benefit from or support the Government of Russia. Namely, LEONID LOZA is involved in carrying oil or oil products that originated in Russia from a place in Russia to a third country."
#0047569,RUS2203,OLYMPIYSKY PROSPECT,Primary Name,9511387.0,Gabon,,Oil Tanker,62504.0,,2010.0,STREAM SHIP MANAGEMENT FCZO,,"Shipping sanctions: a specified ship is prohibited from being provided with access to or having its master or pilot cause it to enter a port in the UK, may have its registration on the UK Ship Register terminated, and a master or pilot of a specified ship may be given a port barring direction, a detention direction, and a port entry direction or a movement direction.","OLYMPIYSKY PROSPECT (IMO 9511387) is involved in activity whose object or effect is to destabilise Ukraine or undermine or threaten the territorial integrity, sovereignty or independence of Ukraine or to obtain a benefit from or support the Government of Russia. Namely, OLYMPIYSKY PROSPECT is involved in carrying oil or oil products that originated in Russia from Russia to a third country."
#0047570,RUS2204,ZALIV ANIVA,Primary Name,9418494.0,Panama,,Oil Tanker,60325.0,,2009.0,STREAM SHIP MANAGEMENT FCZO,,"Shipping sanctions: a specified ship is prohibited from being provided with access to or having its master or pilot cause it to enter a port in the UK, may have its registration on the UK Ship Register terminated, and a master or pilot of a specified ship may be given a port barring direction, a detention direction, and a port entry direction or a movement direction.","ZALIV ANIVA (IMO 9418494) is involved in activity whose object or effect is to destabilise Ukraine or undermine or threaten the territorial integrity, sovereignty or independence of Ukraine or to obtain a benefit from or support the Government of Russia, namely ZALIV ANIVA is involved in carrying oil or oil products that originated in Russia from Russia to a third country."
#0047571,RUS2205,NS CLIPPER,Primary Name,9341081.0,Gabon,,Oil Tanker,,,2006.0,Stream Ship Management FZCO,,"Shipping sanctions: a specified ship is prohibited from being provided with access to or having its master or pilot cause it to enter a port in the UK, may have its registration on the UK Ship Register terminated, and a master or pilot of a specified ship may be given a port barring direction, a detention direction, and a port entry direction or a movement direction.","NS CLIPPER (IMO 9341081) is involved in activity whose object or effect is to destabilise Ukraine or undermine or threaten the territorial integrity, sovereignty or independence of Ukraine or to obtain a benefit from or support the Government of Russia. Namely, NS CLIPPER is involved in carrying oil or oil products that originated in Russia from a place in Russia to a third country."
#0047575,RUS2209,BALTIYSKIY,Primary Name,7612448.0,,,General Cargo / Multi Purpose,,,,,,"Shipping sanctions: a specified ship is prohibited from being provided with access to or having its master or pilot cause it to enter a port in the UK, may have its registration on the UK Ship Register terminated, and a master or pilot of a specified ship may be given a port barring direction, a detention direction, and a port entry direction or a movement direction.","BALTIYSKIY (IMO 7612448) is involved in activity whose object or effect is to destabilise Ukraine or undermine or threaten the territorial integrity, sovereignty or independence of Ukraine or to obtain a benefit from or support the Government of Russia. Namely, BALTIYSKIY is involved in carrying military goods from a third country to a place in Russia."
#0047576,RUS2210,BEGEY,Primary Name,8943210.0,,,General Cargo / Multi Purpose,,,,,,"Shipping sanctions: a specified ship is prohibited from being provided with access to or having its master or pilot cause it to enter a port in the UK, may have its registration on the UK Ship Register terminated, and a master or pilot of a specified ship may be given a port barring direction, a detention direction, and a port entry direction or a movement direction.","BEGEY (IMO 8943210) is involved in activity whose object or effect is to destabilise Ukraine or undermine or threaten the territorial integrity, sovereignty or independence of Ukraine or to obtain a benefit from or support the Government of Russia. Namely, BEGEY is involved in carrying military goods from a third country to a place in Russia."
#0047577,RUS2211,MUSA JALIL,Primary Name,8846814.0,,,General Cargo / Multi Purpose,,,,,,"Shipping sanctions: a specified ship is prohibited from being provided with access to or having its master or pilot cause it to enter a port in the UK, may have its registration on the UK Ship Register terminated, and a master or pilot of a specified ship may be given a port barring direction, a detention direction, and a port entry direction or a movement direction.","MUSA JALIL (IMO 8846814) is involved in activity whose object or effect is to destabilise Ukraine or undermine or threaten the territorial integrity, sovereignty or independence of Ukraine or to obtain a benefit from or support the Government of Russia. Namely, MUSA JALIL is involved in carrying military goods from a third country to a place in Russia."
#0047578,RUS2212,OMSKIY-103,Primary Name,8889385.0,,,General Cargo / Multi Purpose,,,,,,"Shipping sanctions: a specified ship is prohibited from being provided with access to or having its master or pilot cause it to enter a port in the UK, may have its registration on the UK Ship Register terminated, and a master or pilot of a specified ship may be given a port barring direction, a detention direction, and a port entry direction or a movement direction.","OMSKIY-103 (IMO 8889385) is involved in activity whose object or effect is to destabilise Ukraine or undermine or threaten the territorial integrity, sovereignty or independence of Ukraine or to obtain a benefit from or support the Government of Russia. Namely, OMSKIY-103 is involved in carrying military goods from a third country to a place in Russia."
#0047579,RUS2213,SKIF-V,Primary Name,8858087.0,,,General Cargo / Multi Purpose,,,,,,"Shipping sanctions: a specified ship is prohibited from being provided with access to or having its master or pilot cause it to enter a port in the UK, may have its registration on the UK Ship Register terminated, and a master or pilot of a specified ship may be given a port barring direction, a detention direction, and a port entry direction or a movement direction.","SKIF-V (IMO 8858087) is involved in activity whose object or effect is to destabilise Ukraine or undermine or threaten the territorial integrity, sovereignty or independence of Ukraine or to obtain a benefit from or support the Government of Russia. Namely, SKIF-V is involved in carrying military goods from a third country to a place in Russia."
#0047580,RUS2214,NS CORONA,Primary Name,9341079.0,Gabon,Liberia,Oil Tanker,57248.0,,2006.0,Stream Ship Management FZCO,,"Shipping sanctions: a specified ship is prohibited from being provided with access to or having its master or pilot cause it to enter a port in the UK, may have its registration on the UK Ship Register terminated, and a master or pilot of a specified ship may be given a port barring direction, a detention direction, and a port entry direction or a movement direction.","NS CORONA (IMO 9341079) is involved in activity whose object or effect is to destabilise Ukraine or undermine or threaten the territorial integrity, sovereignty or independence of Ukraine or to obtain a benefit from or support the Government of Russia, namely NS CORONA is involved in carrying oil or oil products that originated in Russia from Russia to a third country."
#0047581,RUS2216,ASYA ENERGY,Primary Name,9216298.0,Palau,,LNG Tanker,114354.0,,2002.0,Ocean Speedstar Solutions OPC PVT LTD,,"Shipping sanctions: a specified ship is prohibited from being provided with access to or having its master or pilot cause it to enter a port in the UK, may have its registration on the UK Ship Register terminated, and a master or pilot of a specified ship may be given a port barring direction, a detention direction, and a port entry direction or a movement direction.","ASYA ENERGY (IMO 9216298) is involved in activity whose object or effect is to destabilise Ukraine or undermine or threaten the territorial integrity, sovereignty or independence of Ukraine. Namely, ASYA ENERGY is involved in carrying a good from a place in Russia to a third country that could contribute to destabilising Ukraine or undermining or threatening the territorial integrity, sovereignty or independence of Ukraine."
#0047582,RUS2217,PIONEER,Primary Name,9256602.0,Palau,,LNG Tanker,93786.0,,2005.0,Ocean Speedstar Solutions OPC PVT LTD,,"Shipping sanctions: a specified ship is prohibited from being provided with access to or having its master or pilot cause it to enter a port in the UK, may have its registration on the UK Ship Register terminated, and a master or pilot of a specified ship may be given a port barring direction, a detention direction, and a port entry direction or a movement direction.","PIONEER (IMO 9256602) is involved in activity whose object or effect is to destabilise Ukraine or undermine or threaten the territorial integrity, sovereignty or independence of Ukraine. Namely, PIONEER is involved in carrying a good from a place in Russia to a third country that could contribute to destabilising Ukraine or undermining or threatening the territorial integrity, sovereignty or independence of Ukraine."
#0047583,RUS2218,NORTH SKY,Primary Name,9953523.0,Panama,,LNG Tanker,115519.0,,2024.0,White Fox Ship Management FZCO,,"Shipping sanctions: a specified ship is prohibited from being provided with access to or having its master or pilot cause it to enter a port in the UK, may have its registration on the UK Ship Register terminated, and a master or pilot of a specified ship may be given a port barring direction, a detention direction, and a port entry direction or a movement direction.","NORTH SKY (IMO 9953523) is involved in activity whose object or effect is to destabilise Ukraine or undermine or threaten the territorial integrity, sovereignty or independence of Ukraine. Namely, NORTH SKY is involved in carrying a good from a place in Russia to a third country that could contribute to destabilising Ukraine or undermining or threatening the territorial integrity, sovereignty or independence of Ukraine."
#0047584,RUS2219,SCF LA PEROUSE,Primary Name,9849887.0,Barbados,,LNG Tanker,116779.0,,2020.0,Matias Ship Management LLC-FZ,,"Shipping sanctions: a specified ship is prohibited from being provided with access to or having its master or pilot cause it to enter a port in the UK, may have its registration on the UK Ship Register terminated, and a master or pilot of a specified ship may be given a port barring direction, a detention direction, and a port entry direction or a movement direction.","SCF LA PEROUSE (IMO 9849887) has been involved in activity whose object or effect is to destabilise Ukraine or undermine or threaten the territorial integrity, sovereignty or independence of Ukraine. Namely, SCF LA PEROUSE has been involved in carrying a good from a place in Russia to a third country that could contribute to destabilising Ukraine or undermining or threatening the territorial integrity, sovereignty or independence of Ukraine."
#0047585,RUS2220,NOVA ENERGY,Primary Name,9324277.0,Panama,,LNG Tanker,100253.0,,2007.0,Avision Shipping Services Pvt,,"Shipping sanctions: a specified ship is prohibited from being provided with access to or having its master or pilot cause it to enter a port in the UK, may have its registration on the UK Ship Register terminated, and a master or pilot of a specified ship may be given a port barring direction, a detention direction, and a port entry direction or a movement direction.","NOVA ENERGY (IMO 9324277) is involved in activity whose object or effect is to destabilise Ukraine or undermine or threaten the territorial integrity, sovereignty or independence of Ukraine. Namely, NOVA ENERGY is involved in carrying a good from a place in Russia to a third country that could contribute to destabilising Ukraine or undermining or threatening the territorial integrity, sovereignty or independence of Ukraine."
#0047588,RUS2223,ANTAEUS,Primary Name,9299733.0,Gabon,,Oil Tanker,57243.0,,2006.0,,,"Shipping sanctions: a specified ship is prohibited from being provided with access to or having its master or pilot cause it to enter a port in the UK, may have its registration on the UK Ship Register terminated, and a master or pilot of a specified ship may be given a port barring direction, a detention direction, and a port entry direction or a movement direction.","ANTAEUS (IMO 9299733) is involved in activity whose object or effect is to destabilise Ukraine or undermine or threaten the territorial integrity, sovereignty or independence of Ukraine or to obtain a benefit from or support the Government of Russia. Namely, ANTAEUS is involved in carrying oil or oil products that originated in Russia from Russia to a third country."
#0047589,RUS2224,ARTEMIS,Primary Name,9317949.0,Gabon,,Oil Tanker,67032.0,,2007.0,,,"Shipping sanctions: a specified ship is prohibited from being provided with access to or having its master or pilot cause it to enter a port in the UK, may have its registration on the UK Ship Register terminated, and a master or pilot of a specified ship may be given a port barring direction, a detention direction, and a port entry direction or a movement direction.","ARTEMIS (IMO 9317949) is involved in activity whose object or effect is to destabilise Ukraine or undermine or threaten the territorial integrity, sovereignty or independence of Ukraine or to obtain a benefit from or support the Government of Russia. Namely, ARTEMIS is involved in carrying oil or oil products that originated in Russia from Russia to a third country."
#0047590,RUS2225,ATLAS,Primary Name,9413573.0,Barbados,,Oil Tanker,62433.0,,2009.0,,,"Shipping sanctions: a specified ship is prohibited from being provided with access to or having its master or pilot cause it to enter a port in the UK, may have its registration on the UK Ship Register terminated, and a master or pilot of a specified ship may be given a port barring direction, a detention direction, and a port entry direction or a movement direction.","ATLAS (IMO 9413573) is involved in activity whose object or effect is to destabilise Ukraine or undermine or threaten the territorial integrity, sovereignty or independence of Ukraine or to obtain a benefit from or support the Government of Russia. Namely, ATLAS is involved in carrying oil or oil products that originated in Russia from a place in Russia to a third country."
#0047591,RUS2226,AZURE CELESTE,Primary Name,9288722.0,Cook Islands,,Oil Tanker,62320.0,,2005.0,,,"Shipping sanctions: a specified ship is prohibited from being provided with access to or having its master or pilot cause it to enter a port in the UK, may have its registration on the UK Ship Register terminated, and a master or pilot of a specified ship may be given a port barring direction, a detention direction, and a port entry direction or a movement direction.","AZURE CELESTE (IMO 9288722) is involved in activity whose object or effect is to destabilise Ukraine or undermine or threaten the territorial integrity, sovereignty or independence of Ukraine or to obtain a benefit from or support the Government of Russia. Namely, AZURE CELESTE is involved in carrying oil or oil products that originated in Russia from Russia to a third country."
#0047592,RUS2227,CALLISTO,Primary Name,9299692.0,Barbados,,Oil Tanker,57248.0,,2005.0,,,"Shipping sanctions: a specified ship is prohibited from being provided with access to or having its master or pilot cause it to enter a port in the UK, may have its registration on the UK Ship Register terminated, and a master or pilot of a specified ship may be given a port barring direction, a detention direction, and a port entry direction or a movement direction.","CALLISTO (IMO 9299692) is involved in activity whose object or effect is to destabilise Ukraine or undermine or threaten the territorial integrity, sovereignty or independence of Ukraine or to obtain a benefit from or support the Government of Russia. Namely, CALLISTO is involved in carrying oil or oil products that originated in Russia from a place in Russia to a third country."
#0047593,RUS2228,EASTERN PEARL,Primary Name,9285859.0,Honduras,,Oil Tanker,62806.0,,2006.0,,,"Shipping sanctions: a specified ship is prohibited from being provided with access to or having its master or pilot cause it to enter a port in the UK, may have its registration on the UK Ship Register terminated, and a master or pilot of a specified ship may be given a port barring direction, a detention direction, and a port entry direction or a movement direction.","EASTERN PEARL (IMO 9285859) is involved in activity whose object or effect is to destabilise Ukraine or undermine or threaten the territorial integrity, sovereignty or independence of Ukraine or to obtain a benefit from or support the Government of Russia. Namely, EASTERN PEARL is involved in carrying oil or oil products that originated in Russia from Russia to a third country."
#0047594,RUS2229,KUDOS STARS,Primary Name,9288710.0,Cook Islands,,Oil Tanker,62320.0,,2005.0,,,"Shipping sanctions: a specified ship is prohibited from being provided with access to or having its master or pilot cause it to enter a port in the UK, may have its registration on the UK Ship Register terminated, and a master or pilot of a specified ship may be given a port barring direction, a detention direction, and a port entry direction or a movement direction.","KUDOS STARS (IMO 9288710) is involved in activity whose object or effect is to destabilise Ukraine or undermine or threaten the territorial integrity, sovereignty or independence of Ukraine or to obtain a benefit from or support the Government of Russia. Namely, KUDOS STARS is involved in carrying oil or oil products that originated in Russia from Russia to a third country."
#0047595,RUS2230,MOSKOVSKY PROSPECT,Primary Name,9511521.0,Gabon,,Oil Tanker,62504.0,,2010.0,,,"Shipping sanctions: a specified ship is prohibited from being provided with access to or having its master or pilot cause it to enter a port in the UK, may have its registration on the UK Ship Register terminated, and a master or pilot of a specified ship may be given a port barring direction, a detention direction, and a port entry direction or a movement direction.","MOSKOVSKY PROSPECT (IMO 9511521) is involved in activity whose object or effect is to destabilise Ukraine or undermine or threaten the territorial integrity, sovereignty or independence of Ukraine or to obtain a benefit from or support the Government of Russia. Namely, MOSKOVSKY PROSPECT is involved in carrying oil or oil products that originated in Russia from Russia to a third country."
#0047596,RUS2231,NS ARCTIC,Primary Name,9413547.0,Gabon,,Oil Tanker,62433.0,,2009.0,,,"Shipping sanctions: a specified ship is prohibited from being provided with access to or having its master or pilot cause it to enter a port in the UK, may have its registration on the UK Ship Register terminated, and a master or pilot of a specified ship may be given a port barring direction, a detention direction, and a port entry direction or a movement direction.","NS ARCTIC (IMO 9413547) is involved in activity whose object or effect is to destabilise Ukraine or undermine or threaten the territorial integrity, sovereignty or independence of Ukraine or to obtain benefit from or support the Government of Russia. Namely, NS ARCTIC is involved in carrying oil or oil products that originated in Russia from Russia to a third country."
#0047597,RUS2233,SAI BABA,Primary Name,9321691.0,Gabon,,Oil Tanker,81409.0,,2006.0,,,"Shipping sanctions: a specified ship is prohibited from being provided with access to or having its master or pilot cause it to enter a port in the UK, may have its registration on the UK Ship Register terminated, and a master or pilot of a specified ship may be given a port barring direction, a detention direction, and a port entry direction or a movement direction.","SAI BABA (IMO 9321691) is involved in activity whose object or effect is to destabilise Ukraine or undermine or threaten the territorial integrity, sovereignty or independence of Ukraine or to obtain a benefit from or support the Government of Russia. Namely, SAI BABA is involved in carrying oil or oil products that originated in Russia from Russia to a third country."
#0047598,RUS2234,SCF BAIKAL,Primary Name,9422457.0,Gabon,,Oil Tanker,81415.0,,2010.0,,,"Shipping sanctions: a specified ship is prohibited from being provided with access to or having its master or pilot cause it to enter a port in the UK, may have its registration on the UK Ship Register terminated, and a master or pilot of a specified ship may be given a port barring direction, a detention direction, and a port entry direction or a movement direction.","SCF BAIKAL (IMO 9422457) is involved in activity whose object or effect is to destabilise Ukraine or undermine or threaten the territorial integrity, sovereignty or independence of Ukraine or to obtain a benefit from or support the Government of Russia. Namely, SCF BAIKAL is involved in carrying oil or oil products that originated in Russia from Russia to a third country."
#0047599,RUS2235,SCF SAMOTLOR,Primary Name,9421972.0,Gabon,,Oil Tanker,84029.0,,2010.0,,,"Shipping sanctions: a specified ship is prohibited from being provided with access to or having its master or pilot cause it to enter a port in the UK, may have its registration on the UK Ship Register terminated, and a master or pilot of a specified ship may be given a port barring direction, a detention direction, and a port entry direction or a movement direction.","SCF SAMOTLOR (IMO 9421972) is involved in activity whose object or effect is to destabilise Ukraine or undermine or threaten the territorial integrity, sovereignty or independence of Ukraine or to obtain a benefit from or support the Government of Russia. Namely, SCF SAMOTLOR is involved in carrying oil or oil products that originated in Russia from a place in Russia to a third country."
#0047600,RUS2236,SEA FIDELITY,Primary Name,9285835.0,Cook Islands,,Oil Tanker,62806.0,,2005.0,,,"Shipping sanctions: a specified ship is prohibited from being provided with access to or having its master or pilot cause it to enter a port in the UK, may have its registration on the UK Ship Register terminated, and a master or pilot of a specified ship may be given a port barring direction, a detention direction, and a port entry direction or a movement direction.","SEA FIDELITY (IMO 9285835) is involved in activity whose object or effect is to destabilise Ukraine or undermine or threaten the territorial integrity, sovereignty or independence of Ukraine or to obtain a benefit from or support the Government of Russia. Namely, SEA FIDELITY is involved in carrying oil or oil products that originated in Russia from Russia to a third country."
#0047601,RUS2237,STRATOS AURORA,Primary Name,9288708.0,Honduras,,Oil Tanker,62320.0,,2005.0,,,"Shipping sanctions: a specified ship is prohibited from being provided with access to or having its master or pilot cause it to enter a port in the UK, may have its registration on the UK Ship Register terminated, and a master or pilot of a specified ship may be given a port barring direction, a detention direction, and a port entry direction or a movement direction.","STRATOS AURORA (IMO 9288708) is involved in activity whose object or effect is to destabilise Ukraine or undermine or threaten the territorial integrity, sovereignty or independence of Ukraine or to obtain a benefit from or support the Government of Russia. Namely, STRATOS AURORA is involved in carrying oil or oil products that originated in Russia from Russia to a third country."
#0047602,RUS2238,SUVOROVSKY PROSPECT,Primary Name,9522324.0,Gabon,,Oil Tanker,62504.0,,2011.0,,,"Shipping sanctions: a specified ship is prohibited from being provided with access to or having its master or pilot cause it to enter a port in the UK, may have its registration on the UK Ship Register terminated, and a master or pilot of a specified ship may be given a port barring direction, a detention direction, and a port entry direction or a movement direction.","SUVOROVSKY PROSPECT (IMO 9522324) is involved in activity whose object or effect is to destabilise Ukraine or undermine or threaten the territorial integrity, sovereignty or independence of Ukraine or to obtain a benefit from or support the Government of Russia. Namely, SUVOROVSKY PROSPECT is involved in carrying oil or oil products that originated in Russia from a place in Russia to a third country."
#0047603,RUS2239,TURBO VOYAGER,Primary Name,9299898.0,Cook Islands,,Oil Tanker,62477.0,,2005.0,,,"Shipping sanctions: a specified ship is prohibited from being provided with access to or having its master or pilot cause it to enter a port in the UK, may have its registration on the UK Ship Register terminated, and a master or pilot of a specified ship may be given a port barring direction, a detention direction, and a port entry direction or a movement direction.","TURBO VOYAGER (IMO 9299898) is involved in activity whose object or effect is to destabilise Ukraine or undermine or threaten the territorial integrity, sovereignty or independence of Ukraine or to obtain a benefit from or support the Government of Russia. Namely, TURBO VOYAGER is involved in carrying oil or oil products that originated in Russia from Russia to a third country."
#0047604,RUS2240,VARUNA,Primary Name,9332810.0,Gabon,,Oil Tanker,59164.0,,2007.0,,,"Shipping sanctions: a specified ship is prohibited from being provided with access to or having its master or pilot cause it to enter a port in the UK, may have its registration on the UK Ship Register terminated, and a master or pilot of a specified ship may be given a port barring direction, a detention direction, and a port entry direction or a movement direction.","VARUNA (IMO 9332810) is involved in activity whose object or effect is to destabilise Ukraine or undermine or threaten the territorial integrity, sovereignty or independence of Ukraine or to obtain a benefit from or support the Government of Russia, namely, the VARUNA is involved in carrying oil or oil products that originated in Russia from Russia to a third country."
#0047609,RUS2242,NS BORA,Primary Name,9412335.0,Gabon,,Oil Tanker,83747.0,,2010.0,,,"Shipping sanctions: a specified ship is prohibited from being provided with access to or having its master or pilot cause it to enter a port in the UK, may have its registration on the UK Ship Register terminated, and a master or pilot of a specified ship may be given a port barring direction, a detention direction, and a port entry direction or a movement direction.","NS BORA (IMO 9412335) is involved in activity whose object or effect is to destabilise Ukraine or undermine or threaten the territorial integrity, sovereignty or independence of Ukraine or to obtain a benefit from or support the Government of Russia. Namely, NS BORA is involved in carrying oil or oil products that originated in Russia from a place in Russia to a third country."
#0047610,RUS2243,EVEREST ENERGY,Primary Name,9243148.0,Palau,,LNG Tanker,93844.0,,2003.0,,,"Shipping sanctions: a specified ship is prohibited from being provided with access to or having its master or pilot cause it to enter a port in the UK, may have its registration on the UK Ship Register terminated, and a master or pilot of a specified ship may be given a port barring direction, a detention direction, and a port entry direction or a movement direction.","EVEREST ENERGY (IMO 9243148) is involved in activity whose object or effect is to destabilise Ukraine or undermine or threaten the territorial integrity, sovereignty or independence of Ukraine. Namely, EVEREST ENERGY is involved in carrying a good from a place in Russia to a third country that could contribute to destabilising Ukraine or undermining or threatening the territorial integrity, sovereignty or independence of Ukraine."
#0047611,RUS2244,MARSHAL VASILEVSKIY,Primary Name,9778313.0,Russia,,LNG Tanker,118423.0,,2018.0,,,"Shipping sanctions: a specified ship is prohibited from being provided with access to or having its master or pilot cause it to enter a port in the UK, may have its registration on the UK Ship Register terminated, and a master or pilot of a specified ship may be given a port barring direction, a detention direction, and a port entry direction or a movement direction.","MARSHAL VASILEVSKIY (IMO 9778313) is involved in activity whose object or effect is to destabilise Ukraine or undermine or threaten the territorial integrity, sovereignty or independence of Ukraine. Namely, MARSHAL VASILEVSKIY is involved in carrying a good from a place in Russia to a third country that could contribute to destabilising Ukraine or undermining or threatening the territorial integrity, sovereignty or independence of Ukraine."
#0047612,RUS2245,MULAN,Primary Name,9864837.0,Panama,,LNG Tanker,54836.0,,2024.0,,,"Shipping sanctions: a specified ship is prohibited from being provided with access to or having its master or pilot cause it to enter a port in the UK, may have its registration on the UK Ship Register terminated, and a master or pilot of a specified ship may be given a port barring direction, a detention direction, and a port entry direction or a movement direction.","MULAN (IMO 9864837 ) is involved in activity whose object or effect is to destabilise Ukraine or undermine or threaten the territorial integrity, sovereignty or independence of Ukraine. Namely, MULAN is involved in carrying a good from a place in Russia to a third country that could contribute to destabilising Ukraine or undermining or threatening the territorial integrity, sovereignty or independence of Ukraine."
#0047613,RUS2246,VELIKIY NOVGOROD,Primary Name,9630004.0,Barbados,,LNG Tanker,113876.0,,2014.0,,,"Shipping sanctions: a specified ship is prohibited from being provided with access to or having its master or pilot cause it to enter a port in the UK, may have its registration on the UK Ship Register terminated, and a master or pilot of a specified ship may be given a port barring direction, a detention direction, and a port entry direction or a movement direction.","VELIKIY NOVGOROD (IMO 9630004) is involved in activity whose object or effect is to destabilise Ukraine or undermine or threaten the territorial integrity, sovereignty or independence of Ukraine. Namely, VELIKIY NOVGOROD is involved in carrying a good from a place in Russia to a third country that could contribute to destabilising Ukraine or undermining or threatening the territorial integrity, sovereignty or independence of Ukraine."
#0047971,RUS2311,PORT OLYA-3,Primary Name,9481910.0,Russia,,General Cargo / Multi Purpose,,,2011.0,UNITED CARGO FLEET LTD,,"Shipping sanctions: a specified ship is prohibited from being provided with access to or having its master or pilot cause it to enter a port in the UK, may have its registration on the UK Ship Register terminated, and a master or pilot of a specified ship may be given a port barring direction, a detention direction, and a port entry direction or a movement direction.","PORT OLYA-3 (IMO 9481910) is involved in activity whose object or effect is to destabilise Ukraine or undermine or threaten the territorial integrity, sovereignty or independence of Ukraine or to obtain a benefit from or support the Government of Russia. Namely, PORT OLYA-3 is involved in carrying military goods from a third country to a place in Russia."
#0047981,RUS2321,MIKATI,Primary Name,9250892.0,Sierra Leone,Singapore; Vietnam,Oil Tanker,,,2003.0,VERT PROJECT LTD,,"Shipping sanctions: where shipping sanctions apply, a specified ship is prohibited from entering a port in the UK, may be given a movement or a port entry direction, can be detained, and will be refused permission to register on the UK Ship Register or have its existing registration terminated.","IMO 9250892 ('MIKATI') is involved in activity whose object or effect is to destabilise Ukraine or undermine or threaten the territorial integrity, sovereignty or independence of Ukraine or to obtain a benefit from or support the Government of Russia. Namely, MIKATI is involved in carrying oil or oil products that originated in Russia from Russia to a third country."
#0047983,RUS2322,NEOMI,Primary Name,9250543.0,Panama,,Oil Tanker,,,2004.0,Eastern Euro Ship Management; Trans See Inc,,"Shipping sanctions: where shipping sanctions apply, a specified ship is prohibited from entering a port in the UK, may be given a movement or a port entry direction, can be detained, and will be refused permission to register on the UK Ship Register or have its existing registration terminated.","IMO 9250543 ('NEOMI') is involved in activity whose object or effect is to destabilise Ukraine or undermine or threaten the territorial integrity, sovereignty or independence of Ukraine or to obtain a benefit from or support the Government of Russia. Namely, NEOMI is involved in carrying oil or oil products that originated in Russia from Russia to a third country."
#0047985,RUS2323,PYTHON,Primary Name,9250531.0,Cook Islands,,Oil Tanker,,,2004.0,Dream Islands Shipping LLC; Ocean Waters Maritime Corp,,"Shipping sanctions: where shipping sanctions apply, a specified ship is prohibited from entering a port in the UK, may be given a movement or a port entry direction, can be detained, and will be refused permission to register on the UK Ship Register or have its existing registration terminated.","IMO 9250531 ('PYTHON') is involved in activity whose object or effect is to destabilise Ukraine or undermine or threaten the territorial integrity, sovereignty or independence of Ukraine or to obtain a benefit from or support the Government of Russia. Namely, PYTHON is involved in carrying oil or oil products that originated in Russia from Russia to a third country."
#0047987,RUS2324,CHILLI,Primary Name,9249130.0,Antigua and Barbuda,,Oil Tanker,,,2004.0,CoastalCrest Shipping Ltd,,"Shipping sanctions: where shipping sanctions apply, a specified ship is prohibited from entering a port in the UK, may be given a movement or a port entry direction, can be detained, and will be refused permission to register on the UK Ship Register or have its existing registration terminated.","IMO 9249130 ('CHILLI') is involved in activity whose object or effect is to destabilise Ukraine or undermine or threaten the territorial integrity, sovereignty or independence of Ukraine or to obtain a benefit from or support the Government of Russia. Namely, CHILLI is involved in carrying oil or oil products that originated in Russia from Russia to a third country."
#0047988,RUS2325,KSENA,Primary Name,9232888.0,Panama,Cook Islands,Oil Tanker,,,2003.0,ALVIDO CHARTERING LTD; OST SHIPMANAGEMENT SRL,,"Shipping sanctions: where shipping sanctions apply, a specified ship is prohibited from entering a port in the UK, may be given a movement or a port entry direction, can be detained, and will be refused permission to register on the UK Ship Register or have its existing registration terminated.","IMO 9232888 ('KSENA') is involved in activity whose object or effect is to destabilise Ukraine or undermine or threaten the territorial integrity, sovereignty or independence of Ukraine or to obtain a benefit from or support the Government of Russia. Namely, KSENA is involved in carrying oil or oil products that originated in Russia from Russia to a third country."
#0047990,RUS2326,GURU,Primary Name,9353096.0,Gabon,,Chemical Carrier,,,,FU MAN SHIPPING LTD,,"Shipping sanctions: where shipping sanctions apply, a specified ship is prohibited from entering a port in the UK, may be given a movement or a port entry direction, can be detained, and will be refused permission to register on the UK Ship Register or have its existing registration terminated.","GURU (IMO 9353096) is involved in activity whose object or effect is to destabilise Ukraine or undermine or threaten the territorial integrity, sovereignty or independence of Ukraine or to obtain a benefit from or support the Government of Russia. Namely, GURU is involved in carrying oil or oil products that originated in Russia from Russia to a third country."
#0047991,RUS2327,ARIADNE,Primary Name,9289752.0,Gabon,,Oil Tanker,,,2005.0,ARAR MARITIME INC,,"Shipping sanctions: where shipping sanctions apply, a specified ship is prohibited from entering a port in the UK, may be given a movement or a port entry direction, can be detained, and will be refused permission to register on the UK Ship Register or have its existing registration terminated.","ARIADNE (IMO 9289752) is involved in activity whose object or effect is to destabilise Ukraine or undermine or threaten the territorial integrity, sovereignty or independence of Ukraine or to obtain a benefit from or support the Government of Russia. Namely, ARIADNE is involved in carrying oil or oil products that originated in Russia from Russia to a third country."
#0047992,RUS2328,ATALANTA,Primary Name,9319882.0,Gabon,Marshall Islands; Panama; Singapore; St Kitts and Nevis,Oil Tanker,,,2007.0,Angat Shipping Inc,,"Shipping sanctions: where shipping sanctions apply, a specified ship is prohibited from entering a port in the UK, may be given a movement or a port entry direction, can be detained, and will be refused permission to register on the UK Ship Register or have its existing registration terminated.","IMO 9319882 ('ATALANTA') is involved in activity whose object or effect is to destabilise Ukraine or undermine or threaten the territorial integrity, sovereignty or independence of Ukraine or to obtain a benefit from or support the Government of Russia. Namely, ATALANTA is involved in carrying oil or oil products that originated in Russia from Russia to a third country."
#0047996,RUS2329,SULEYMAN I,Primary Name,9297371.0,Panama,,Oil Tanker,,,2006.0,Morong Shipping Inc,,"Shipping sanctions: where shipping sanctions apply, a specified ship is prohibited from entering a port in the UK, may be given a movement or a port entry direction, can be detained, and will be refused permission to register on the UK Ship Register or have its existing registration terminated.","IMO 9297371 ('SULEYMAN I') is involved in activity whose object or effect is to destabilise Ukraine or undermine or threaten the territorial integrity, sovereignty or independence of Ukraine or to obtain a benefit from or support the Government of Russia. Namely, SULEYMAN I is involved in carrying oil or oil products that originated in Russia from Russia to a third country."
#0047997,RUS2330,NANDA DEVI,Primary Name,9274434.0,Gabon,Greece; Liberia; St Kitts and Nevis,Oil Tanker,,,2003.0,TAGABO MARITIME CORP,,"Shipping sanctions: where shipping sanctions apply, a specified ship is prohibited from entering a port in the UK, may be given a movement or a port entry direction, can be detained, and will be refused permission to register on the UK Ship Register or have its existing registration terminated.","IMO 9274434 ('NANDA DEVI') is involved in activity whose object or effect is to destabilise Ukraine or undermine or threaten the territorial integrity, sovereignty or independence of Ukraine or to obtain a benefit from or support the Government of Russia. Namely, NANDA DEVI is involved in carrying oil or oil products that originated in Russia from Russia to a third country."
#0048000,RUS2331,GEORGY MASLOV,Primary Name,9610793.0,Russia,Gabon; Liberia,Oil Tanker,66818.0,,2012.0,South Fleet Ltd,,"Shipping sanctions: a specified ship is prohibited from being provided with access to or having its master or pilot cause it to enter a port in the UK, may have its registration on the UK Ship Register terminated, and a master or pilot of a specified ship may be given a port barring direction, a detention direction, and a port entry direction or a movement direction.","IMO 9610793 (GEORGY MASLOV) is involved in activity whose object or effect is to destabilise Ukraine or undermine or threaten the territorial integrity, sovereignty or independence of Ukraine or to obtain a benefit from or support the Government of Russia. Namely, GEORGY MASLOV is involved in carrying oil or oil products that originated in Russia from Russia to a third country."
#0048002,RUS2334,DAKSHA,Primary Name,9259185.0,,China; Comoros; Hong Kong; Panama,,57979.0,,2002.0,,,"Shipping sanctions: a specified ship is prohibited from being provided with access to or having its master or pilot cause it to enter a port in the UK, may have its registration on the UK Ship Register terminated, and a master or pilot of a specified ship may be given a port barring direction, a detention direction, and a port entry direction or a movement direction.","IMO 9259185 ('DAKSHA') is involved in activity whose object or effect is to destabilise Ukraine or undermine or threaten the territorial integrity, sovereignty or independence of Ukraine or to obtain a benefit from or support the Government of Russia. Namely, DAKSHA is involved in carrying oil or oil products that originated in Russia from Russia to a third country."
#0048006,RUS2335,KEMEROVO,Primary Name,9312884.0,Russia,Gabon; Liberia,Oil Tanker,57248.0,,2007.0,SOVCOMFLOT,,"Shipping sanctions: a specified ship is prohibited from being provided with access to or having its master or pilot cause it to enter a port in the UK, may have its registration on the UK Ship Register terminated, and a master or pilot of a specified ship may be given a port barring direction, a detention direction, and a port entry direction or a movement direction.","IMO 9312884 ('KEMEROVO') is involved in activity whose object or effect is to destabilise Ukraine or undermine or threaten the territorial integrity, sovereignty or independence of Ukraine or to obtain a benefit from or support the Government of Russia. Namely, KEMEROVO is involved in carrying oil or oil products that originated in Russia from Russia to a third country."
#0048008,RUS2336,ANATOLY KOLODKIN,Primary Name,9610808.0,Russia,Liberia; Panama,Oil Tanker,66855.0,,2013.0,SOVCOMFLOT,,"Shipping sanctions: a specified ship is prohibited from being provided with access to or having its master or pilot cause it to enter a port in the UK, may have its registration on the UK Ship Register terminated, and a master or pilot of a specified ship may be given a port barring direction, a detention direction, and a port entry direction or a movement direction.","IMO 9610808 ('ANATOLY KOLODKIN') is involved in activity whose object or effect is to destabilise Ukraine or undermine or threaten the territorial integrity, sovereignty or independence of Ukraine or to obtain a benefit from or support the Government of Russia. Namely, ANATOLY KOLODKIN is involved in carrying oil or oil products that originated in Russia from Russia to a third country."
#0048010,RUS2337,KOLOMNA,Primary Name,9341093.0,Russia,,Oil Tanker,57248.0,,2006.0,SOVCOMFLOT,,"Shipping sanctions: a specified ship is prohibited from being provided with access to or having its master or pilot cause it to enter a port in the UK, may have its registration on the UK Ship Register terminated, and a master or pilot of a specified ship may be given a port barring direction, a detention direction, and a port entry direction or a movement direction.","IMO 9341093 ('KOLOMNA') is involved in activity whose object or effect is to destabilise Ukraine or undermine or threaten the territorial integrity, sovereignty or independence of Ukraine or to obtain a benefit from or support the Government of Russia. Namely, KOLOMNA is involved in carrying oil or oil products that originated in Russia from Russia to a third country."
#0048013,RUS2341,CEPHEUS,Primary Name,9299721.0,Panama,,Oil Tanker,,,2006.0,"Munne Co Ltd, Columba Ltd",,"Shipping sanctions: a specified ship is prohibited from being provided with access to or having its master or pilot cause it to enter a port in the UK, may have its registration on the UK Ship Register terminated, and a master or pilot of a specified ship may be given a port barring direction, a detention direction, and a port entry direction or a movement direction.","IMO 9299721 (CEPHEUS) is involved in activity whose object or effect is to destabilise Ukraine or undermine or threaten the territorial integrity, sovereignty or independence of Ukraine or to obtain a benefit from or support the Government of Russia. Namely, CEPHEUS is involved in carrying oil or oil products that originated in Russia from Russia to a third country."
#0048014,RUS2342,THEA,Primary Name,9290309.0,Panama,Malta,Oil Tanker,57226.0,243.96,2004.0,THEA STEWART LTD,,"Shipping sanctions: a specified ship is prohibited from being provided with access to or having its master or pilot cause it to enter a port in the UK, may have its registration on the UK Ship Register terminated, and a master or pilot of a specified ship may be given a port barring direction, a detention direction, and a port entry direction or a movement direction.","IMO 9290309 ('THEA') is involved in activity whose object or effect is to destabilise Ukraine or undermine or threaten the territorial integrity, sovereignty or independence of Ukraine or to obtain a benefit from or support the Government of Russia. Namely, THEA is involved in carrying oil or oil products that originated in Russia from Russia to a third country."
#0048015,RUS2342,SEAGRACE; PACIFIC ALLIANCE,Alias,9290309.0,Panama,Malta,Oil Tanker,57226.0,243.96,2004.0,THEA STEWART LTD,,"Shipping sanctions: a specified ship is prohibited from being provided with access to or having its master or pilot cause it to enter a port in the UK, may have its registration on the UK Ship Register terminated, and a master or pilot of a specified ship may be given a port barring direction, a detention direction, and a port entry direction or a movement direction.","IMO 9290309 ('THEA') is involved in activity whose object or effect is to destabilise Ukraine or undermine or threaten the territorial integrity, sovereignty or independence of Ukraine or to obtain a benefit from or support the Government of Russia. Namely, THEA is involved in carrying oil or oil products that originated in Russia from Russia to a third country."
#0048016,RUS2343,ATTICA,Primary Name,9436941.0,Gabon,Malta; Norway; Panama; St Kitts and Nevis,Oil Tanker,55898.0,,2010.0,UNKNOWN/ ELGON MARITIME CORP,,"Shipping sanctions: a specified ship is prohibited from being provided with access to or having its master or pilot cause it to enter a port in the UK, may have its registration on the UK Ship Register terminated, and a master or pilot of a specified ship may be given a port barring direction, a detention direction, and a port entry direction or a movement direction.","IMO 9436941 ('ATTICA') is involved in activity whose object or effect is to destabilise Ukraine or undermine or threaten the territorial integrity, sovereignty or independence of Ukraine or to obtain a benefit from or support the Government of Russia. Namely, ATTICA is involved in carrying oil or oil products that originated in Russia from Russia to a third country."
#0048020,RUS2345,BELGOROD,Primary Name,9412359.0,Russia,,Oil Tanker,,,2010.0,INVEST FLEET LTD; SOVCOMFLOT,,"Shipping sanctions: a specified ship is prohibited from being provided with access to or having its master or pilot cause it to enter a port in the UK, may have its registration on the UK Ship Register terminated, and a master or pilot of a specified ship may be given a port barring direction, a detention direction, and a port entry direction or a movement direction.","IMO 9412359 ('BELGOROD') is involved in activity whose object or effect is to destabilise Ukraine or undermine or threaten the territorial integrity, sovereignty or independence of Ukraine, and/or to obtain a benefit from or support the Government of Russia. Namely, BELGOROD is involved in carrying oil or oil products that originated in Russia from Russia to a third country."
#0048022,RUS2346,DELVINA,Primary Name,9331153.0,Barbados,,Oil Tanker,,,2007.0,ATOS REMOTE SOLUTIONS,,"Shipping sanctions: a specified ship is prohibited from being provided with access to or having its master or pilot cause it to enter a port in the UK, may have its registration on the UK Ship Register terminated, and a master or pilot of a specified ship may be given a port barring direction, a detention direction, and a port entry direction or a movement direction.","IMO 9331153 ('DELVINA') is involved in activity whose object or effect is to destabilise Ukraine or undermine or threaten the territorial integrity, sovereignty or independence of Ukraine or to obtain a benefit from or support the Government of Russia. Namely, DELVINA is involved in carrying oil or oil products that originated in Russia from Russia to a third country."
#0048023,RUS2347,BRATSK,Primary Name,9411020.0,Russia,,Other,,,2009.0,INVEST FLEET LTD; SOVCOMFLOT,,"Shipping sanctions: a specified ship is prohibited from being provided with access to or having its master or pilot cause it to enter a port in the UK, may have its registration on the UK Ship Register terminated, and a master or pilot of a specified ship may be given a port barring direction, a detention direction, and a port entry direction or a movement direction","IMO 9411020 ('BRATSK') is involved in activity whose object or effect is to destabilise Ukraine or undermine or threaten the territorial integrity, sovereignty or independence of Ukraine and/or to obtain a benefit from or support the Government of Russia. Namely, BRATSK is involved in carrying oil or oil products that originated in Russia from Russia to a third country."
#0048025,RUS2348,VALOUR,Primary Name,9410894.0,Guinea,,Oil Tanker,,,2009.0,HENNESEA HOLDINGS LTD,,"Shipping sanctions: a specified ship is prohibited from being provided with access to or having its master or pilot cause it to enter a port in the UK, may have its registration on the UK Ship Register terminated, and a master or pilot of a specified ship may be given a port barring direction, a detention direction, and a port entry direction or a movement direction.","IMO 9410894 ('VALOUR') is involved in activity whose object or effect is to destabilise Ukraine or undermine or threaten the territorial integrity, sovereignty or independence of Ukraine and/or to obtain a benefit from or support the Government of Russia. Namely, VALOUR is involved in carrying oil or oil products that originated in Russia from Russia to a third country."
#0048027,RUS2349,AGNES,Primary Name,9314167.0,Panama,,,,,2007.0,ATBARA MARITIME CORP,,"Shipping sanctions: a specified ship is prohibited from being provided with access to or having its master or pilot cause it to enter a port in the UK, may have its registration on the UK Ship Register terminated, and a master or pilot of a specified ship may be given a port barring direction, a detention direction, and a port entry direction or a movement direction.","IMO 9314167 ('AGNES') is involved in activity whose object or effect is to destabilise Ukraine or undermine or threaten the territorial integrity, sovereignty or independence of Ukraine or to obtain a benefit from or support the Government of Russia. Namely, AGNES is involved in carrying oil or oil products that originated in Russia from Russia to a third country."
#0048028,RUS2350,HS EVERETT,Primary Name,9410870.0,,,Oil Tanker,62775.0,,2008.0,,,"Shipping sanctions: a specified ship is prohibited from being provided with access to or having its master or pilot cause it to enter a port in the UK, may have its registration on the UK Ship Register terminated, and a master or pilot of a specified ship may be given a port barring direction, a detention direction, and a port entry direction or a movement direction.","IMO 9410870 ('HS EVERETT') is involved in activity whose object or effect is to destabilise Ukraine or undermine or threaten the territorial integrity, sovereignty or independence of Ukraine or to obtain a benefit from or support the Government of Russia. Namely, HS EVERETT is involved in carrying oil or oil products that originated in Russia from Russia to a third country."
#0048029,RUS2351,ANTARKTIKA,Primary Name,9413559.0,Russia,Gabon; Liberia,Oil Tanker,62433.0,,2009.0,Invest Fleet Ltd; NS Antarctic Shipping Inc; Sovcomflot,,"Shipping sanctions: a specified ship is prohibited from being provided with access to or having its master or pilot cause it to enter a port in the UK, may have its registration on the UK Ship Register terminated, and a master or pilot of a specified ship may be given a port barring direction, a detention direction, and a port entry direction or a movement direction.","IMO 9413559 ('ANTARKTIKA') is involved in activity whose object or effect is to destabilise Ukraine or undermine or threaten the territorial integrity, sovereignty or independence of Ukraine or to obtain a benefit from or support the Government of Russia. Namely, ANTARKTIKA is involved in carrying oil or oil products that originated in Russia from Russia to a third country."
#0048035,RUS2352,KRASNOYARSK,Primary Name,9312896.0,Russia,,Oil Tanker,57248.0,,2007.0,,,"Shipping sanctions: a specified ship is prohibited from being provided with access to or having its master or pilot cause it to enter a port in the UK, may have its registration on the UK Ship Register terminated, and a master or pilot of a specified ship may be given a port barring direction, a detention direction, and a port entry direction or a movement direction.","IMO 9312896 ('KRASNOYARSK') is involved in activity whose object or effect is to destabilise Ukraine or undermine or threaten the territorial integrity, sovereignty or independence of Ukraine or to obtain a benefit from or support the Government of Russia. Namely, KRASNOYARSK has been involved in carrying oil or oil products that originated in Russia from Russia to a third country."
#0048036,RUS2353,VIKTOR BAKAEV,Primary Name,9610810.0,Russia,Liberia,Oil Tanker,66855.0,,2013.0,Sovcomflot; South Fleet Ltd,,"Shipping sanctions: a specified ship is prohibited from being provided with access to or having its master or pilot cause it to enter a port in the UK, may have its registration on the UK Ship Register terminated, and a master or pilot of a specified ship may be given a port barring direction, a detention direction, and a port entry direction or a movement direction.","IMO 9610810 ('VIKTOR BAKAEV') is involved in activity whose object or effect is to destabilise Ukraine or undermine or threaten the territorial integrity, sovereignty or independence of Ukraine or to obtain a benefit from or support the Government of Russia. Namely, VIKTOR BAKAEV is involved in carrying oil or oil products that originated in Russia from Russia to a third country."
#0048038,RUS2353,VIKTOR BAKAEV,Primary Name,9610810.0,Russia,Liberia,Oil Tanker,66855.0,,2013.0,Streymoy Shipping Ltd,,"Shipping sanctions: a specified ship is prohibited from being provided with access to or having its master or pilot cause it to enter a port in the UK, may have its registration on the UK Ship Register terminated, and a master or pilot of a specified ship may be given a port barring direction, a detention direction, and a port entry direction or a movement direction.","IMO 9610810 ('VIKTOR BAKAEV') is involved in activity whose object or effect is to destabilise Ukraine or undermine or threaten the territorial integrity, sovereignty or independence of Ukraine or to obtain a benefit from or support the Government of Russia. Namely, VIKTOR BAKAEV is involved in carrying oil or oil products that originated in Russia from Russia to a third country."
#0048039,RUS2355,FENG SHOU,Primary Name,9402471.0,Panama,,Oil Tanker,63294.0,,2009.0,,,"Shipping sanctions: a specified ship is prohibited from being provided with access to or having its master or pilot cause it to enter a port in the UK, may have its registration on the UK Ship Register terminated, and a master or pilot of a specified ship may be given a port barring direction, a detention direction, and a port entry direction or a movement direction.","IMO 9402471 ('FENG SHOU') is involved in activity whose object or effect is to destabilise Ukraine or undermine or threaten the territorial integrity, sovereignty or independence of Ukraine, and/or to obtain a benefit from or support the Government of Russia. Namely, FENG SHOU is involved in carrying oil or oil products that originated in Russia from Russia to a third country."
#0048040,RUS2356,KELLY GRACE,Primary Name,9331141.0,Barbados,,Oil Tanker,61348.0,,2006.0,,,"Shipping sanctions: a specified ship is prohibited from being provided with access to or having its master or pilot cause it to enter a port in the UK, may have its registration on the UK Ship Register terminated, and a master or pilot of a specified ship may be given a port barring direction, a detention direction, and a port entry direction or a movement direction.","IMO 9331141 ('KELLY GRACE') is involved in activity whose object or effect is to destabilise Ukraine or undermine or threaten the territorial integrity, sovereignty or independence of Ukraine or to obtain a benefit from or support the Government of Russia. Namely, KELLY GRACE is involved in carrying oil or oil products that originated in Russia from Russia to a third country."
#0048041,RUS2357,EMILY S,Primary Name,9321847.0,Panama,,Oil Tanker,,,2006.0,Sunne Co Ltd,,"Shipping sanctions: a specified ship is prohibited from being provided with access to or having its master or pilot cause it to enter a port in the UK, may have its registration on the UK Ship Register terminated, and a master or pilot of a specified ship may be given a port barring direction, a detention direction, and a port entry direction or a movement direction.","IMO 9321847 ('EMILY S') is involved in activity whose object or effect is to destabilise Ukraine or undermine or threaten the territorial integrity, sovereignty or independence of Ukraine or to obtain a benefit from or support the Government of Russia. Namely, EMILY S is involved in carrying oil or oil products that originated in Russia from Russia to a third country."
#0048043,RUS2359,JUNIA,Primary Name,9293155.0,Panama,,Oil Tanker,,,2005.0,,,"Shipping sanctions: a specified ship is prohibited from being provided with access to or having its master or pilot cause it to enter a port in the UK, may have its registration on the UK Ship Register terminated, and a master or pilot of a specified ship may be given a port barring direction, a detention direction, and a port entry direction or a movement direction.","IMO 9293155 ('JUNIA') is involved in activity whose object or effect is to destabilise Ukraine or undermine or threaten the territorial integrity, sovereignty or independence of Ukraine or to obtain a benefit from or support the Government of Russia. Namely, JUNIA is involved in carrying oil or oil products that originated in Russia from Russia to a third country."
#0048044,RUS2360,MIANZIMU,Primary Name,9299666.0,Gabon,,Oil Tanker,,,2005.0,,,"Shipping sanctions: a specified ship is prohibited from being provided with access to or having its master or pilot cause it to enter a port in the UK, may have its registration on the UK Ship Register terminated, and a master or pilot of a specified ship may be given a port barring direction, a detention direction, and a port entry direction or a movement direction.","IMO 9299666 ('MIANZIMU') is involved in activity whose object or effect is to destabilise Ukraine or undermine or threaten the territorial integrity, sovereignty or independence of Ukraine or to obtain a benefit from or support the Government of Russia. Namely, MIANZIMU is involved in carrying oil or oil products that originated in Russia from Russia to a third country."
#0048045,RUS2361,BULL,Primary Name,9292503.0,Antigua and Barbuda,,,,,2005.0,,,"Shipping sanctions: a specified ship is prohibited from being provided with access to or having its master or pilot cause it to enter a port in the UK, may have its registration on the UK Ship Register terminated, and a master or pilot of a specified ship may be given a port barring direction, a detention direction, and a port entry direction or a movement direction.","IMO 9292503 ('BULL') is involved in activity whose object or effect is to destabilise Ukraine or undermine or threaten the territorial integrity, sovereignty or independence of Ukraine or to obtain a benefit from or support the Government of Russia. Namely, BULL is involved in carrying oil or oil products that originated in Russia from Russia to a third country."
#0048046,RUS2362,MARATHON,Primary Name,9288746.0,Gabon,,Oil Tanker,,,2005.0,,,"Shipping sanctions: a specified ship is prohibited from being provided with access to or having its master or pilot cause it to enter a port in the UK, may have its registration on the UK Ship Register terminated, and a master or pilot of a specified ship may be given a port barring direction, a detention direction, and a port entry direction or a movement direction.","IMO 9288746 ('MARATHON') is involved in activity whose object or effect is to destabilise Ukraine or undermine or threaten the territorial integrity, sovereignty or independence of Ukraine or to obtain a benefit from or support the Government of Russia. Namely, MARATHON is involved in carrying oil or oil products that originated in Russia from Russia to a third country."
#0048047,RUS2364,PONTUS I,Primary Name,9255660.0,Panama,,Oil Tanker,,,2004.0,,,"Shipping sanctions: a specified ship is prohibited from being provided with access to or having its master or pilot cause it to enter a port in the UK, may have its registration on the UK Ship Register terminated, and a master or pilot of a specified ship may be given a port barring direction, a detention direction, and a port entry direction or a movement direction.","IMO 9255660 ('PONTUS I') is involved in activity whose object or effect is to destabilise Ukraine or undermine or threaten the territorial integrity, sovereignty or independence of Ukraine or to obtain a benefit from or support the Government of Russia. Namely, PONTUS I is involved in carrying oil or oil products that originated in Russia from Russia to a third country."
#0048048,RUS2365,GARASAN,Primary Name,9323986.0,Gabon,,Oil Tanker,,,2007.0,,,"Shipping sanctions: a specified ship is prohibited from being provided with access to or having its master or pilot cause it to enter a port in the UK, may have its registration on the UK Ship Register terminated, and a master or pilot of a specified ship may be given a port barring direction, a detention direction, and a port entry direction or a movement direction.","IMO 9323986 ('GARASAN') is involved in activity whose object or effect is to destabilise Ukraine or undermine or threaten the territorial integrity, sovereignty or independence of Ukraine or to obtain a benefit from or support the Government of Russia. Namely, Garasan is involved in carrying oil or oil products that originated in Russia from Russia to a third country."
#0048049,RUS2366,FACCA,Primary Name,9271951.0,Panama,,Oil Tanker,,,2004.0,,,"Shipping sanctions: a specified ship is prohibited from being provided with access to or having its master or pilot cause it to enter a port in the UK, may have its registration on the UK Ship Register terminated, and a master or pilot of a specified ship may be given a port barring direction, a detention direction, and a port entry direction or a movement direction.","IMO 9271951 ('FACCA') is involved in activity whose object or effect is to destabilise Ukraine or undermine or threaten the territorial integrity, sovereignty or independence of Ukraine or to obtain a benefit from or support the Government of Russia. Namely, FACCA is involved in carrying oil or oil products that originated in Russia from Russia to a third country."
#0048050,RUS2367,SAGITTA,Primary Name,9296822.0,Panama,,Oil Tanker,56163.0,,2005.0,,,"Shipping sanctions: a specified ship is prohibited from being provided with access to or having its master or pilot cause it to enter a port in the UK, may have its registration on the UK Ship Register terminated, and a master or pilot of a specified ship may be given a port barring direction, a detention direction, and a port entry direction or a movement direction.","IMO 9296822 ('SAGITTA') is involved in activity whose object or effect is to destabilise Ukraine or undermine or threaten the territorial integrity, sovereignty or independence of Ukraine or to obtain a benefit from or support the Government of Russia. Namely, SAGITTA is involved in carrying oil or oil products that originated in Russia from Russia to a third country."
#0048051,RUS2368,FAST KATHY,Primary Name,9408205.0,Honduras,,Oil Tanker,,,2010.0,,,"Shipping sanctions: a specified ship is prohibited from being provided with access to or having its master or pilot cause it to enter a port in the UK, may have its registration on the UK Ship Register terminated, and a master or pilot of a specified ship may be given a port barring direction, a detention direction, and a port entry direction or a movement direction.","IMO 9408205 ('FAST KATHY') is involved in activity whose object or effect is to destabilise Ukraine or undermine or threaten the territorial integrity, sovereignty or independence of Ukraine or to obtain a benefit from or support the Government of Russia. Namely, FAST KATHY is involved in carrying oil or oil products that originated in Russia from Russia to a third country."
#0048052,RUS2369,MU DAN,Primary Name,9248801.0,Panama,,Oil Tanker,,,2003.0,,,"Shipping sanctions: a specified ship is prohibited from being provided with access to or having its master or pilot cause it to enter a port in the UK, may have its registration on the UK Ship Register terminated, and a master or pilot of a specified ship may be given a port barring direction, a detention direction, and a port entry direction or a movement direction.","IMO 9248801 (MU DAN) is involved in activity whose object or effect is to destabilise Ukraine or undermine or threaten the territorial integrity, sovereignty or independence of Ukraine or to obtain a benefit from or support the Government of Russia. Namely, MU DAN is involved in carrying oil or oil products that originated in Russia from Russia to a third country."
#0048053,RUS2370,OCEAN FAYE,Primary Name,9321689.0,Honduras,,Oil Tanker,,,2007.0,,,"Shipping sanctions: a specified ship is prohibited from being provided with access to or having its master or pilot cause it to enter a port in the UK, may have its registration on the UK Ship Register terminated, and a master or pilot of a specified ship may be given a port barring direction, a detention direction, and a port entry direction or a movement direction.","IMO 9321689 ('OCEAN FAYE') is involved in activity whose object or effect is to destabilise Ukraine or undermine or threaten the territorial integrity, sovereignty or independence of Ukraine or to obtain a benefit from or support the Government of Russia. Namely, OCEAN FAYE is involved in carrying oil or oil products that originated in Russia from Russia to a third country."
#0048054,RUS2371,SWIFTSEA RIDER,Primary Name,9318539.0,Honduras,,Oil Tanker,,,2007.0,,,"Shipping sanctions: a specified ship is prohibited from being provided with access to or having its master or pilot cause it to enter a port in the UK, may have its registration on the UK Ship Register terminated, and a master or pilot of a specified ship may be given a port barring direction, a detention direction, and a port entry direction or a movement direction.","IMO 9318539 (SWIFTSEA RIDER) is involved in activity whose object or effect is to destabilise Ukraine or undermine or threaten the territorial integrity, sovereignty or independence of Ukraine or to obtain a benefit from or support the Government of Russia. Namely, SWIFTSEA RIDER is involved in carrying oil or oil products that originated in Russia from Russia to a third country."
#0048055,RUS2372,MINERVA M,Primary Name,9282479.0,Panama,,Oil Tanker,,,2005.0,,,"Shipping sanctions: a specified ship is prohibited from being provided with access to or having its master or pilot cause it to enter a port in the UK, may have its registration on the UK Ship Register terminated, and a master or pilot of a specified ship may be given a port barring direction, a detention direction, and a port entry direction or a movement direction.","IMO 9282479 ('MINERVA M') is involved in activity whose object or effect is to destabilise Ukraine or undermine or threaten the territorial integrity, sovereignty or independence of Ukraine or to obtain a benefit from or support the Government of Russia. Namely, MINERVA M is involved in carrying oil or oil products that originated in Russia from a place in Russia to a third country."
#0048056,RUS2373,ANDAMAN SKIES,Primary Name,9288693.0,Honduras,,Oil Tanker,62320.0,,2004.0,,,"Shipping sanctions: a specified ship is prohibited from being provided with access to or having its master or pilot cause it to enter a port in the UK, may have its registration on the UK Ship Register terminated, and a master or pilot of a specified ship may be given a port barring direction, a detention direction, and a port entry direction or a movement","IMO 9288693 ('ANDAMAN SKIES') is involved in activity whose object or effect is to destabilise Ukraine or undermine or threaten the territorial integrity, sovereignty or independence of Ukraine or to obtain a benefit from or support the Government of Russia. Namely, ANDAMAN SKIES is involved in carrying oil or oil products that originated in Russia from Russia to a third country."
#0048057,RUS2374,MOTI,Primary Name,9281011.0,Djibouti,,Oil Tanker,,,2004.0,,,"Shipping sanctions: a specified ship is prohibited from being provided with access to or having its master or pilot cause it to enter a port in the UK, may have its registration on the UK Ship Register terminated, and a master or pilot of a specified ship may be given a port barring direction, a detention direction, and a port entry direction or a movement direction.","IMO 9281011 ('MOTI') is involved in activity whose object or effect is to destabilise Ukraine or undermine or threaten the territorial integrity, sovereignty or independence of Ukraine or to obtain a benefit from or support the Government of Russia. Namely, MOTI is involved in carrying oil or oil products that originated in Russia from Russia to a third country."
#0048058,RUS2375,ASHER,Primary Name,9258868.0,Vietnam,,Oil Tanker,,,2003.0,,,"Shipping sanctions: a specified ship is prohibited from being provided with access to or having its master or pilot cause it to enter a port in the UK, may have its registration on the UK Ship Register terminated, and a master or pilot of a specified ship may be given a port barring direction, a detention direction, and a port entry direction or a movement direction.","IMO 9258868 ('ASHER') is involved in activity whose object or effect is to destabilise Ukraine or undermine or threaten the territorial integrity, sovereignty or independence of Ukraine or to obtain a benefit from or support the Government of Russia. Namely, ASHER is involved in carrying oil or oil products that originated in Russia from Russia to a third country."
#0048059,RUS2376,LANG YA,Primary Name,9332781.0,Panama,,Oil Tanker,,,2006.0,,,"Shipping sanctions: a specified ship is prohibited from being provided with access to or having its master or pilot cause it to enter a port in the UK, may have its registration on the UK Ship Register terminated, and a master or pilot of a specified ship may be given a port barring direction, a detention direction, and a port entry direction or a movement direction.","IMO 9332781 ('LANG YA') is involved in activity whose object or effect is to destabilise Ukraine or undermine or threaten the territorial integrity, sovereignty or independence of Ukraine or to obtain a benefit from or support the Government of Russia. Namely, LANG YA is involved in carrying oil or oil products that originated in Russia from Russia to a third country."
#0048060,RUS2377,LACONIA,Primary Name,9257022.0,Gabon,,Oil Tanker,,,2003.0,,,"Shipping sanctions: a specified ship is prohibited from being provided with access to or having its master or pilot cause it to enter a port in the UK, may have its registration on the UK Ship Register terminated, and a master or pilot of a specified ship may be given a port barring direction, a detention direction, and a port entry direction or a movement direction.","IMO 9257022 ('LACONIA') is involved in activity whose object or effect is to destabilise Ukraine or undermine or threaten the territorial integrity, sovereignty or independence of Ukraine or to obtain a benefit from or support the Government of Russia. Namely, LACONIA is involved in carrying oil or oil products that originated in Russia from Russia to a third country."
#0048061,RUS2378,NURKEZ,Primary Name,9253325.0,Panama,Liberia,Oil Tanker,,,2004.0,,,"Shipping sanctions: a specified ship is prohibited from being provided with access to or having its master or pilot cause it to enter a port in the UK, may have its registration on the UK Ship Register terminated, and a master or pilot of a specified ship may be given a port barring direction, a detention direction, and a port entry direction or a movement direction.","IMO 9253325 ('NURKEZ') is involved in activity whose object or effect is to destabilise Ukraine or undermine or threaten the territorial integrity, sovereignty or independence of Ukraine or to obtain a benefit from or support the Government of Russia. Namely, NURKEZ is involved in carrying oil or oil products that originated in Russia from Russia to a third country."
#0048062,RUS2379,SAGAR VIOLET,Primary Name,9292981.0,Palau,Malaysia; Panama,Oil Tanker,,,2004.0,,,"Shipping sanctions: a specified ship is prohibited from being provided with access to or having its master or pilot cause it to enter a port in the UK, may have its registration on the UK Ship Register terminated, and a master or pilot of a specified ship may be given a port barring direction, a detention direction, and a port entry direction or a movement direction.","IMO 9292981 ('SAGAR VIOLET') is involved in activity whose object or effect is to destabilise Ukraine or undermine or threaten the territorial integrity, sovereignty or independence of Ukraine or to obtain a benefit from or support the Government of Russia. Namely, SAGAR VIOLET is involved in carrying oil or oil products that originated in Russia from Russia to a third country."
#0049018,RUS2454,UTAKI,Primary Name,9262924.0,Sierra Leone,,Oil Tanker,,,,JUST MARINE LTD,,"Shipping sanctions: a specified ship is prohibited from being provided with access to or having its master or pilot cause it to enter a port in the UK, may have its registration on the UK Ship Register terminated, and a master or pilot of a specified ship may be given a port barring direction, a detention direction, and a port entry direction or a movement direction.","IMO 9262924 (UTAKI) is involved in activity whose object or effect is to destabilise Ukraine or undermine or threaten the territorial integrity, sovereignty or independence of Ukraine or to obtain a benefit from or support the Government of Russia. Namely, IMO 9262924 is involved in carrying oil or oil products that originated in Russia from Russia to a third country."
#0049021,RUS2456,NICHOLE,Primary Name,9332822.0,Panama,,Oil Tanker,,,,WEALTHY CARRIER LTD,,"Shipping sanctions: a specified ship is prohibited from being provided with access to or having its master or pilot cause it to enter a port in the UK, may have its registration on the UK Ship Register terminated, and a master or pilot of a specified ship may be given a port barring direction, a detention direction, and a port entry direction or a movement direction.","IMO 9332822 ('NICHOLE') is involved in activity whose object or effect is to destabilise Ukraine or undermine or threaten the territorial integrity, sovereignty or independence of Ukraine or to obtain a benefit from or support the Government of Russia. Namely, NICHOLE is involved in carrying oil or oil products that originated in Russia from Russia to a third country."
#0049025,RUS2458,OCEAN EMBRACE,Primary Name,9327372.0,Djibouti,,,,,,YUGUAN SHIP MANAGEMENT,,"Shipping sanctions: a specified ship is prohibited from being provided with access to or having its master or pilot cause it to enter a port in the UK, may have its registration on the UK Ship Register terminated, and a master or pilot of a specified ship may be given a port barring direction, a detention direction, and a port entry direction or a movement direction.","IMO 9327372 (OCEAN EMBRACE) is involved in activity whose object or effect is to destabilise Ukraine or undermine or threaten the territorial integrity, sovereignty or independence of Ukraine or to obtain a benefit from or support the Government of Russia. Namely, IMO 9327372 (OCEAN EMBRACE) is involved in carrying oil or oil products that originated in Russia from Russia to a third country."
#0049028,RUS2460,EDERRA,Primary Name,9258026.0,Palau,,,,,,KINGS & QUEENS MARITIME CORP,,"Shipping sanctions: a specified ship is prohibited from being provided with access to or having its master or pilot cause it to enter a port in the UK, may have its registration on the UK Ship Register terminated, and a master or pilot of a specified ship may be given a port barring direction, a detention direction, and a port entry direction or a movement direction.","IMO 9258026 (EDERRA) is involved in activity whose object or effect is to destabilise Ukraine or undermine or threaten the territorial integrity, sovereignty or independence of Ukraine or to obtain a benefit from or support the Government of Russia. Namely, 9258026 is involved in carrying oil or oil products that originated in Russia from Russia to a third country."
#0049029,RUS2461,TEMIRO,Primary Name,9209972.0,Palau,,Oil Tanker,,,,DREAM WAVE CORP,,"Shipping sanctions: a specified ship is prohibited from being provided with access to or having its master or pilot cause it to enter a port in the UK, may have its registration on the UK Ship Register terminated, and a master or pilot of a specified ship may be given a port barring direction, a detention direction, and a port entry direction or a movement direction.","IMO 9209972 ('TEMIRO') is involved in activity whose object or effect is to destabilise Ukraine or undermine or threaten the territorial integrity, sovereignty or independence of Ukraine or to obtain a benefit from or support the Government of Russia. Namely, TEMIRO is involved in carrying oil or oil products that originated in Russia from Russia to a third country."
#0049030,RUS2462,NOBLE,Primary Name,9333400.0,Barbados,,Oil Tanker,,,,THUNDER SHIPMANAGEMENT LLC-FZ,,"Shipping sanctions: a specified ship is prohibited from being provided with access to or having its master or pilot cause it to enter a port in the UK, may have its registration on the UK Ship Register terminated, and a master or pilot of a specified ship may be given a port barring direction, a detention direction, and a port entry direction or a movement direction.","IMO 9333400 (NOBLE) is involved in activity whose object or effect is to destabilise Ukraine or undermine or threaten the territorial integrity, sovereignty or independence of Ukraine or to obtain a benefit from or support the Government of Russia. Namely, IMO 9333400 is involved in carrying oil or oil products that originated in Russia from Russia to a third country."
#0049031,RUS2463,WILMA II,Primary Name,9247431.0,Panama,,Oil Tanker,,,,PILOT SHIP MANAGEMENT OPC PVT,,"Shipping sanctions: a specified ship is prohibited from being provided with access to or having its master or pilot cause it to enter a port in the UK, may have its registration on the UK Ship Register terminated, and a master or pilot of a specified ship may be given a port barring direction, a detention direction, and a port entry direction or a movement direction.","IMO 9247431 ('WILMA II') is involved in activity whose object or effect is to destabilise Ukraine or undermine or threaten the territorial integrity, sovereignty or independence of Ukraine or to obtain a benefit from or support the Government of Russia. Namely, IMO 9247431 is involved in carrying oil or oil products that originated in Russia from Russia to a third country."
#0049032,RUS2464,PRAVASI,Primary Name,9409467.0,Gabon,,Oil Tanker,,,,AVISION SHIPPING SERVICES PVT,,"Shipping sanctions: a specified ship is prohibited from being provided with access to or having its master or pilot cause it to enter a port in the UK, may have its registration on the UK Ship Register terminated, and a master or pilot of a specified ship may be given a port barring direction, a detention direction, and a port entry direction or a movement direction.","IMO 9409467 ('PRAVASI') is involved in activity whose object or effect is to destabilise Ukraine or undermine or threaten the territorial integrity, sovereignty or independence of Ukraine or to obtain a benefit from or support the Government of Russia. Namely, IMO 9409467 is involved in carrying oil or oil products that originated in Russia from Russia to a third country."
#0049033,RUS2465,VICTOR KONETSKY,Primary Name,9301421.0,Panama,,Oil Tanker,,,,SOVCOMFLOT/STERLING SHIP MANAGEMENT,,"Shipping sanctions: a specified ship is prohibited from being provided with access to or having its master or pilot cause it to enter a port in the UK, may have its registration on the UK Ship Register terminated, and a master or pilot of a specified ship may be given a port barring direction, a detention direction, and a port entry direction or a movement direction.","IMO 9301421 (VICTOR KONETSKY) is involved in activity whose object or effect is to destabilise Ukraine or undermine or threaten the territorial integrity, sovereignty or independence of Ukraine or to obtain a benefit from or support the Government of Russia. Namely, IMO 9301421 is involved in carrying oil or oil products that originated in Russia from Russia to a third country."
#0049042,RUS2467,YURI SENKEVICH,Primary Name,9301419.0,Panama,,Oil Tanker,,,,SOVCOMFLOT/STERLING SHIP MANAGEMENT,,"Shipping sanctions: a specified ship is prohibited from being provided with access to or having its master or pilot cause it to enter a port in the UK, may have its registration on the UK Ship Register terminated, and a master or pilot of a specified ship may be given a port barring direction, a detention direction, and a port entry direction or a movement direction.","IMO 9301419 ('YURI SENKEVICH') is involved in activity whose object or effect is to destabilise Ukraine or undermine or threaten the territorial integrity, sovereignty or independence of Ukraine or to obtain a benefit from or support the Government of Russia. Namely, IMO 9301419 is involved in carrying oil or oil products that originated in Russia from Russia to a third country."
#0049043,RUS2469,VIKTOR TITOV,Primary Name,9301407.0,Panama,,Oil Tanker,60434.0,247.0,2005.0,Sovcomflot/Sterling Ship Management,,"Shipping sanctions: a specified ship is prohibited from being provided with access to or having its master or pilot cause it to enter a port in the UK, may have its registration on the UK Ship Register terminated, and a master or pilot of a specified ship may be given a port barring direction, a detention direction, and a port entry direction or a movement direction.","IMO 9301407 ('VIKTOR TITOV') is involved in activity whose object or effect is to destabilise Ukraine or undermine or threaten the territorial integrity, sovereignty or independence of Ukraine or to obtain a benefit from or support the Government of Russia. Namely, IMO 9301407 is involved in carrying oil or oil products that originated in Russia from Russia to a third country."
#0049053,RUS2471,CRIUS,Primary Name,9251274.0,Panama,,Oil Tanker,60381.0,248.0,2003.0,East Ocean Shipping Ltd-MAI,,"Shipping sanctions: a specified ship is prohibited from being provided with access to or having its master or pilot cause it to enter a port in the UK, may have its registration on the UK Ship Register terminated, and a master or pilot of a specified ship may be given a port barring direction, a detention direction, and a port entry direction or a movement direction.","IMO 9251274 ('CRIUS') is involved in activity whose object or effect is to destabilise Ukraine or undermine or threaten the territorial integrity, sovereignty or independence of Ukraine or to obtain a benefit from or support the Government of Russia. Namely, IMO 9251274 is involved in carrying oil or oil products that originated in Russia from Russia to a third country."
#0049054,RUS2472,CHEN LU,Primary Name,9404948.0,Panama,,Oil Tanker,58614.0,244.0,2009.0,Chang Bai Shan Shipmanagement,,"Shipping sanctions: a specified ship is prohibited from being provided with access to or having its master or pilot cause it to enter a port in the UK, may have its registration on the UK Ship Register terminated, and a master or pilot of a specified ship may be given a port barring direction, a detention direction, and a port entry direction or a movement direction.","IMO 9404948 ('CHEN LU') is involved in activity whose object or effect is to destabilise Ukraine or undermine or threaten the territorial integrity, sovereignty or independence of Ukraine or to obtain a benefit from or support the Government of Russia. Namely, IMO 9404948 is involved in carrying oil or oil products that originated in Russia from Russia to a third country."
#0049055,RUS2473,PROSPERITY,Primary Name,9322956.0,Barbados,,Oil Tanker,40119.0,176.0,2006.0,Fornax Ship Management,,"Shipping sanctions: a specified ship is prohibited from being provided with access to or having its master or pilot cause it to enter a port in the UK, may have its registration on the UK Ship Register terminated, and a master or pilot of a specified ship may be given a port barring direction, a detention direction, and a port entry direction or a movement direction.","IMO 9322956 ('PROSPERITY') is involved in activity whose object or effect is to destabilise Ukraine or undermine or threaten the territorial integrity, sovereignty or independence of Ukraine or to obtain a benefit from or support the Government of Russia. Namely, IMO 9322956 is involved in carrying oil or oil products that originated in Russia from Russia to a third country."
#0049056,RUS2474,ELECTRA,Primary Name,9307815.0,Gabon,,Oil Tanker,30053.0,182.0,2005.0,Katarina Shipping Inc-SEY,,"Shipping sanctions: a specified ship is prohibited from being provided with access to or having its master or pilot cause it to enter a port in the UK, may have its registration on the UK Ship Register terminated, and a master or pilot of a specified ship may be given a port barring direction, a detention direction, and a port entry direction or a movement direction.","IMO 9307815 ('ELECTRA') is involved in activity whose object or effect is to destabilise Ukraine or undermine or threaten the territorial integrity, sovereignty or independence of Ukraine or to obtain a benefit from or support the Government of Russia. Namely, IMO 9307815 is involved in carrying oil or oil products that originated in Russia from Russia to a third country."
#0049057,RUS2475,ARIA,Primary Name,9397559.0,Barbados,,Oil Tanker,29967.0,183.0,2008.0,Fornax Ship Management,,"Shipping sanctions: a specified ship is prohibited from being provided with access to or having its master or pilot cause it to enter a port in the UK, may have its registration on the UK Ship Register terminated, and a master or pilot of a specified ship may be given a port barring direction, a detention direction, and a port entry direction or a movement direction.","IMO 9397559 ('ARIA') is involved in activity whose object or effect is to destabilise Ukraine or undermine or threaten the territorial integrity, sovereignty or independence of Ukraine or to obtain a benefit from or support the Government of Russia. Namely, IMO 9397559 is involved in carrying oil or oil products that originated in Russia from Russia to a third country."
#0049058,RUS2476,UNITY,Primary Name,9388792.0,Russia,,Oil Tanker,62863.0,245.0,2009.0,Argo Tanker Group LLC,,"Shipping sanctions: a specified ship is prohibited from being provided with access to or having its master or pilot cause it to enter a port in the UK, may have its registration on the UK Ship Register terminated, and a master or pilot of a specified ship may be given a port barring direction, a detention direction, and a port entry direction or a movement direction.","IMO 9388792 ('UNITY') is involved in activity whose object or effect is to destabilise Ukraine or undermine or threaten the territorial integrity, sovereignty or independence of Ukraine or to obtain a benefit from or support the Government of Russia. Namely, IMO 9388792 is involved in carrying oil or oil products that originated in Russia from Russia to a third country."
#0049059,RUS2477,SAURI,Primary Name,9266475.0,Palau,,Oil Tanker,28059.0,180.0,2003.0,Great Wind Ltd,,"Shipping sanctions: a specified ship is prohibited from being provided with access to or having its master or pilot cause it to enter a port in the UK, may have its registration on the UK Ship Register terminated, and a master or pilot of a specified ship may be given a port barring direction, a detention direction, and a port entry direction or a movement direction.","IMO 9266475 ('SAURI') is involved in activity whose object or effect is to destabilise Ukraine or undermine or threaten the territorial integrity, sovereignty or independence of Ukraine or to obtain a benefit from or support the Government of Russia. Namely, IMO 9266475 is involved in carrying oil or oil products that originated in Russia from Russia to a third country."
#0049060,RUS2478,CORUM,Primary Name,9544281.0,Panama,,Oil Tanker,61241.0,249.0,2010.0,Kurow Shipping Ltd/Prominent Shipmanagement Ltd,,"Shipping sanctions: a specified ship is prohibited from being provided with access to or having its master or pilot cause it to enter a port in the UK, may have its registration on the UK Ship Register terminated, and a master or pilot of a specified ship may be given a port barring direction, a detention direction, and a port entry direction or a movement direction.","IMO 9544281 ('CORUM') is involved in activity whose object or effect is to destabilise Ukraine or undermine or threaten the territorial integrity, sovereignty or independence of Ukraine or to obtain a benefit from or support the Government of Russia. Namely, IMO 9544281 is involved in carrying oil or oil products that originated in Russia from Russia to a third country."
#0049073,RUS2480,EASTERN GLORY,Primary Name,9319674.0,Gabon,,Oil Tanker,,,2007.0,Lagoon Shipping Inc,,"Shipping sanctions: a specified ship is prohibited from being provided with access to or having its master or pilot cause it to enter a port in the UK, may have its registration on the UK Ship Register terminated, and a master or pilot of a specified ship may be given a port barring direction, a detention direction, and a port entry direction or a movement direction.","IMO 9319674 (EASTERN GLORY) is involved in activity whose object or effect is to destabilise Ukraine or undermine or threaten the territorial integrity, sovereignty or independence of Ukraine or to obtain a benefit from or support the Government of Russia. Namely, IMO 9319674 is involved in carrying oil or oil products that originated in Russia from Russia to a third country."
#0049074,RUS2481,IONIA,Primary Name,9310525.0,Gabon,,Oil Tanker,,,2006.0,Narus Maritime Corp,,"Shipping sanctions: a specified ship is prohibited from being provided with access to or having its master or pilot cause it to enter a port in the UK, may have its registration on the UK Ship Register terminated, and a master or pilot of a specified ship may be given a port barring direction, a detention direction, and a port entry direction or a movement direction.","IMO 9310525 ('IONIA') is involved in activity whose object or effect is to destabilise Ukraine or undermine or threaten the territorial integrity, sovereignty or independence of Ukraine or to obtain a benefit from or support the Government of Russia. Namely, IMO 9310525 is involved in carrying oil or oil products that originated in Russia from Russia to a third country."
#0049075,RUS2483,JUMBO,Primary Name,9290335.0,Gabon,,Oil Tanker,,,2004.0,Rahad Maritime Corp,,"Shipping sanctions: a specified ship is prohibited from being provided with access to or having its master or pilot cause it to enter a port in the UK, may have its registration on the UK Ship Register terminated, and a master or pilot of a specified ship may be given a port barring direction, a detention direction, and a port entry direction or a movement direction.","IMO 9290335 ('JUMBO') is involved in activity whose object or effect is to destabilise Ukraine or undermine or threaten the territorial integrity, sovereignty or independence of Ukraine or to obtain a benefit from or support the Government of Russia. Namely, IMO 9290335 is involved in carrying oil or oil products that originated in Russia from Russia to a third country."
#0049076,RUS2484,BAI LU,Primary Name,9388780.0,Panama,,Oil Tanker,,,2009.0,Bubble Marine Inc,,"Shipping sanctions: a specified ship is prohibited from being provided with access to or having its master or pilot cause it to enter a port in the UK, may have its registration on the UK Ship Register terminated, and a master or pilot of a specified ship may be given a port barring direction, a detention direction, and a port entry direction or a movement direction.","IMO 9388780 (BAI LU) is involved in activity whose object or effect is to destabilise Ukraine or undermine or threaten the territorial integrity, sovereignty or independence of Ukraine or to obtain a benefit from or support the Government of Russia. Namely, IMO 9388780 is involved in carrying oil or oil products that originated in Russia from Russia to a third country."
#0049077,RUS2485,NIKOLAY ZADORNOV,Primary Name,9901037.0,Panama,,Oil Tanker,,,2022.0,Sterling Ship Management,,"Shipping sanctions: a specified ship is prohibited from being provided with access to or having its master or pilot cause it to enter a port in the UK, may have its registration on the UK Ship Register terminated, and a master or pilot of a specified ship may be given a port barring direction, a detention direction, and a port entry direction or a movement direction.","IMO 9901037 (NIKOLAY ZADORNOV) is involved in activity whose object or effect is to destabilise Ukraine or undermine or threaten the territorial integrity, sovereignty or independence of Ukraine or to obtain a benefit from or support the Government of Russia. Namely, IMO 9901037 is involved in carrying oil or oil products that originated in Russia from Russia to a third country."
#0049078,RUS2486,ACHILLES,Primary Name,9368223.0,Panama,,Oil Tanker,,,2008.0,Aklan Shipping Inc,,"Shipping sanctions: a specified ship is prohibited from being provided with access to or having its master or pilot cause it to enter a port in the UK, may have its registration on the UK Ship Register terminated, and a master or pilot of a specified ship may be given a port barring direction, a detention direction, and a port entry direction or a movement direction.","IMO 9368223 (ACHILLES) is involved in activity whose object or effect is to destabilise Ukraine or undermine or threaten the territorial integrity, sovereignty or independence of Ukraine or to obtain a benefit from or support the Government of Russia. Namely, IMO 9368223 is involved in carrying oil or oil products that originated in Russia from Russia to a third country."
#0049079,RUS2487,GREAT JACOMBO,Primary Name,9319703.0,Gabon,,Oil Tanker,,,2008.0,Davao Shipping Inc,,"Shipping sanctions: a specified ship is prohibited from being provided with access to or having its master or pilot cause it to enter a port in the UK, may have its registration on the UK Ship Register terminated, and a master or pilot of a specified ship may be given a port barring direction, a detention direction, and a port entry direction or a movement direction.","IMO 9319703 ('GREAT JACOMBO') is involved in activity whose object or effect is to destabilise Ukraine or undermine or threaten the territorial integrity, sovereignty or independence of Ukraine or to obtain a benefit from or support the Government of Russia. Namely, GREAT JACOMBO is involved in carrying oil or oil products that originated in Russia from Russia to a third country."
#0049080,RUS2488,JUN MA,Primary Name,9353113.0,Tanzania,,Oil Tanker,,,2008.0,Elizario Shipping Inc,,"Shipping sanctions: a specified ship is prohibited from being provided with access to or having its master or pilot cause it to enter a port in the UK, may have its registration on the UK Ship Register terminated, and a master or pilot of a specified ship may be given a port barring direction, a detention direction, and a port entry direction or a movement direction.","IMO 9353113 (JUN MA) is involved in activity whose object or effect is to destabilise Ukraine or undermine or threaten the territorial integrity, sovereignty or independence of Ukraine or to obtain a benefit from or support the Government of Russia. Namely, IMO 9353113 is involved in carrying oil or oil products that originated in Russia from Russia to a third country."
#0049081,RUS2489,SURYA,Primary Name,9388742.0,Djibouti,,Oil Tanker,,,2008.0,Shan Hei Shipping Ltd,,"Shipping sanctions: a specified ship is prohibited from being provided with access to or having its master or pilot cause it to enter a port in the UK, may have its registration on the UK Ship Register terminated, and a master or pilot of a specified ship may be given a port barring direction, a detention direction, and a port entry direction or a movement direction.","IMO 9388742 (SURYA) is involved in activity whose object or effect is to destabilise Ukraine or undermine or threaten the territorial integrity, sovereignty or independence of Ukraine or to obtain a benefit from or support the Government of Russia. Namely, IMO 9388742 is involved in carrying oil or oil products that originated in Russia from Russia to a third country."
#0049082,RUS2490,FU HAI WAN,Primary Name,9368235.0,Panama,,Oil Tanker,,,2008.0,Lai Jing Shipping Ltd,,"Shipping sanctions: a specified ship is prohibited from being provided with access to or having its master or pilot cause it to enter a port in the UK, may have its registration on the UK Ship Register terminated, and a master or pilot of a specified ship may be given a port barring direction, a detention direction, and a port entry direction or a movement direction.","IMO 9368235 ('FU HAI WAN') is involved in activity whose object or effect is to destabilise Ukraine or undermine or threaten the territorial integrity, sovereignty or independence of Ukraine or to obtain a benefit from or support the Government of Russia. Namely, FU HAI WAN is involved in carrying oil or oil products that originated in Russia from Russia to a third country."
#0049083,RUS2491,RU YI,Primary Name,9345623.0,Panama,,Oil Tanker,,,2008.0,Cang Long Shipping Inc,,"Shipping sanctions: a specified ship is prohibited from being provided with access to or having its master or pilot cause it to enter a port in the UK, may have its registration on the UK Ship Register terminated, and a master or pilot of a specified ship may be given a port barring direction, a detention direction, and a port entry direction or a movement direction.","IMO 9345623 ('RU YI') is involved in activity whose object or effect is to destabilise Ukraine or undermine or threaten the territorial integrity, sovereignty or independence of Ukraine or to obtain a benefit from or support the Government of Russia. Namely, RU YI is involved in carrying oil or oil products that originated in Russia from Russia to a third country."
#0049084,RUS2492,GANGA,Primary Name,9378620.0,Djibouti,,Oil Tanker,,,2008.0,She Shan Shipmanagement Co Ltd,,"Shipping sanctions: a specified ship is prohibited from being provided with access to or having its master or pilot cause it to enter a port in the UK, may have its registration on the UK Ship Register terminated, and a master or pilot of a specified ship may be given a port barring direction, a detention direction, and a port entry direction or a movement direction.","IMO 9378620 (GANGA) is involved in activity whose object or effect is to destabilise Ukraine or undermine or threaten the territorial integrity, sovereignty or independence of Ukraine or to obtain a benefit from or support the Government of Russia. Namely, IMO 9378620 is involved in carrying oil or oil products that originated in Russia from Russia to a third country."
#0049089,RUS2494,SAMUDRA,Primary Name,9337901.0,Djibouti,,Oil Tanker,,,2006.0,Hei Long Jiang Shipmanagement,,"Shipping sanctions: a specified ship is prohibited from being provided with access to or having its master or pilot cause it to enter a port in the UK, may have its registration on the UK Ship Register terminated, and a master or pilot of a specified ship may be given a port barring direction, a detention direction, and a port entry direction or a movement direction.","IMO 9337901 ('SAMUDRA') is involved in activity whose object or effect is to destabilise Ukraine or undermine or threaten the territorial integrity, sovereignty or independence of Ukraine or to obtain a benefit from or support the Government of Russia. Namely, SAMUDRA is involved in carrying oil or oil products that originated in Russia from Russia to a third country."
#0049090,RUS2495,WISDOMS DAUGHTER,Primary Name,9332834.0,Gabon,,Oil Tanker,,,2007.0,OceanElite Innovations FZE,,"Shipping sanctions: a specified ship is prohibited from being provided with access to or having its master or pilot cause it to enter a port in the UK, may have its registration on the UK Ship Register terminated, and a master or pilot of a specified ship may be given a port barring direction, a detention direction, and a port entry direction or a movement direction.","IMO 9332834 (WISDOMS DAUGHTER) is involved in activity whose object or effect is to destabilise Ukraine or undermine or threaten the territorial integrity, sovereignty or independence of Ukraine or to obtain a benefit from or support the Government of Russia. Namely, WISDOMS DAUGHTER is involved in carrying oil or oil products that originated in Russia from Russia to a third country."
#0049091,RUS2496,KIRA K,Primary Name,9346720.0,Panama,,Oil Tanker,,,2007.0,Eastern Shipping Inc,,"Shipping sanctions: a specified ship is prohibited from being provided with access to or having its master or pilot cause it to enter a port in the UK, may have its registration on the UK Ship Register terminated, and a master or pilot of a specified ship may be given a port barring direction, a detention direction, and a port entry direction or a movement direction","IMO 9346720 (KIRA K) is involved in activity whose object or effect is to destabilise Ukraine or undermine or threaten the territorial integrity, sovereignty or independence of Ukraine or to obtain a benefit from or support the Government of Russia. Namely, KIRA K is involved in carrying oil or oil products that originated in Russia from Russia to a third country."
#0049092,RUS2497,JI XIANG,Primary Name,9384459.0,Panama,,Oil Tanker,,,,Luena Aquatic Inc,,"Shipping sanctions: a specified ship is prohibited from being provided with access to or having its master or pilot cause it to enter a port in the UK, may have its registration on the UK Ship Register terminated, and a master or pilot of a specified ship may be given a port barring direction, a detention direction, and a port entry direction or a movement direction.","JI XIANG (IMO 9384459) is involved in activity whose object or effect is to destabilise Ukraine or undermine or threaten the territorial integrity, sovereignty or independence of Ukraine or to obtain a benefit from or support the Government of Russia. Namely, JI XIANG is involved in carrying oil and/or oil products that originated in Russia from Russia to a third country."
#0049093,RUS2498,JALDHARA,Primary Name,9304825.0,Panama,,,,,,Campana Shipping Inc,,"Shipping sanctions: a specified ship is prohibited from being provided with access to or having its master or pilot cause it to enter a port in the UK, may have its registration on the UK Ship Register terminated, and a master or pilot of a specified ship may be given a port barring direction, a detention direction, and a port entry direction or a movement direction.","JALDHARA (IMO 9304825) is involved in activity whose object or effect is to destabilise Ukraine or undermine or threaten the territorial integrity, sovereignty or independence of Ukraine or to obtain a benefit from or support the Government of Russia. Namely, JALDHARA is involved in carrying oil and/or oil products that originated in Russia from Russia to a third country."
#0049094,RUS2499,YANGTZE,Primary Name,9274800.0,Gabon,,,,,,Zenith Shipping Inc,,"Shipping sanctions: a specified ship is prohibited from being provided with access to or having its master or pilot cause it to enter a port in the UK, may have its registration on the UK Ship Register terminated, and a master or pilot of a specified ship may be given a port barring direction, a detention direction, and a port entry direction or a movement direction.","YANGTZE (IMO 9274800) is involved in activity whose object or effect is to destabilise Ukraine or undermine or threaten the territorial integrity, sovereignty or independence of Ukraine or to obtain a benefit from or support the Government of Russia. Namely, YANGTZE is involved in carrying oil and/or oil products that originated in Russia from Russia to a third country."
#0049095,RUS2500,DESTAN,Primary Name,9388766.0,Panama,,,,,,Victory Shipping & Marine Inc,,"Shipping sanctions: a specified ship is prohibited from being provided with access to or having its master or pilot cause it to enter a port in the UK, may have its registration on the UK Ship Register terminated, and a master or pilot of a specified ship may be given a port barring direction, a detention direction, and a port entry direction or a movement direction.","DESTAN (IMO 9388766) is involved in activity whose object or effect is to destabilise Ukraine or undermine or threaten the territorial integrity, sovereignty or independence of Ukraine or to obtain a benefit from or support the Government of Russia. Namely, DESTAN is involved in carrying oil and/or oil products that originated in Russia from Russia to a third country."
#0049096,RUS2501,JUPITER I,Primary Name,9599341.0,Russia,,,,,,Rptd Sold Russia,,"Shipping sanctions: a specified ship is prohibited from being provided with access to or having its master or pilot cause it to enter a port in the UK, may have its registration on the UK Ship Register terminated, and a master or pilot of a specified ship may be given a port barring direction, a detention direction, and a port entry direction or a movement direction.","JUPITER I (IMO 9599341) is involved in activity whose object or effect is to destabilise Ukraine or undermine or threaten the territorial integrity, sovereignty or independence of Ukraine or to obtain a benefit from or support the Government of Russia. Namely, JUPITER I is involved in carrying oil and/or oil products that originated in Russia from Russia to a third country."
#0049097,RUS2502,MA JIN,Primary Name,9346744.0,Panama,,,,,,Citrine Shipping Inc,,"Shipping sanctions: a specified ship is prohibited from being provided with access to or having its master or pilot cause it to enter a port in the UK, may have its registration on the UK Ship Register terminated, and a master or pilot of a specified ship may be given a port barring direction, a detention direction, and a port entry direction or a movement direction.","MA JIN (IMO 9346744) is involved in activity whose object or effect is to destabilise Ukraine or undermine or threaten the territorial integrity, sovereignty or independence of Ukraine or to obtain a benefit from or support the Government of Russia. Namely, MA JIN is involved in carrying oil and/or oil products that originated in Russia from Russia to a third country."
#0049098,RUS2503,C Viking,Primary Name,9261657.0,Cook Islands,,Oil Tanker,25443.0,,2004.0,MarineQuest Corp,,"Shipping sanctions: a specified ship is prohibited from being provided with access to or having its master or pilot cause it to enter a port in the UK, may have its registration on the UK Ship Register terminated, and a master or pilot of a specified ship may be given a port barring direction, a detention direction, and a port entry direction or a movement direction.","IMO 9261657 ('C VIKING') is involved in activity whose object or effect is to destabilise Ukraine or undermine or threaten the territorial integrity, sovereignty or independence of Ukraine or to obtain a benefit from or support the Government of Russia. Namely, C Viking is involved in carrying oil or oil products that originated in Russia from Russia to a third country."
#0049099,RUS2504,SOFIA K,Primary Name,9299123.0,Panama,,Oil Tanker,36106.0,182.9,2005.0,Charai Sea Shipping Pvt Ltd,,"Shipping sanctions: a specified ship is prohibited from being provided with access to or having its master or pilot cause it to enter a port in the UK, may have its registration on the UK Ship Register terminated, and a master or pilot of a specified ship may be given a port barring direction, a detention direction, and a port entry direction or a movement direction.","IMO 9299123 ('SOFIA K') is and has been involved in a relevant activity as it is used for an activity whose object or effect is to destabilise Ukraine or undermine or threaten the territorial integrity, sovereignty or independence of Ukraine or to obtain a benefit from or support the Government of Russia. Namely, SOFIA K is and has been used for carrying oil or oil products that originated in Russia from Russia to a third country."
#0049100,RUS2505,SOUL,Primary Name,9263203.0,Guinea-Bissau,,Oil Tanker,22533.0,,2004.0,Sand Gemi Isletmeciligi AS,,"Shipping sanctions: a specified ship is prohibited from being provided with access to or having its master or pilot cause it to enter a port in the UK, may have its registration on the UK Ship Register terminated, and a master or pilot of a specified ship may be given a port barring direction, a detention direction, and a port entry direction or a movement direction.","IMO 9263203 ('SOUL') is involved in activity whose object or effect is to destabilise Ukraine or undermine or threaten the territorial integrity, sovereignty or independence of Ukraine or to obtain a benefit from or support the Government of Russia. Namely, IMO 9263203 is involved in carrying oil or oil products that originated in Russia from Russia to a third country."
#0049101,RUS2506,SPRIT,Primary Name,9248796.0,Barbados,,Oil Tanker,25287.0,,2003.0,Tokyo Gemi Isletmeciligi,,"Shipping sanctions: a specified ship is prohibited from being provided with access to or having its master or pilot cause it to enter a port in the UK, may have its registration on the UK Ship Register terminated, and a master or pilot of a specified ship may be given a port barring direction, a detention direction, and a port entry direction or a movement direction.","IMO 9248796 ('SPRIT') is involved in activity whose object or effect is to destabilise Ukraine or undermine or threaten the territorial integrity, sovereignty or independence of Ukraine or to obtain a benefit from or support the Government of Russia. Namely, SPRIT is involved in carrying oil or oil products that originated in Russia from Russia to a third country."
#0049102,RUS2507,TAI SHAN,Primary Name,9405057.0,Panama,,Oil Tanker,62856.0,250.0,2008.0,Shang Shipping Ltd,,"Shipping sanctions: a specified ship is prohibited from being provided with access to or having its master or pilot cause it to enter a port in the UK, may have its registration on the UK Ship Register terminated, and a master or pilot of a specified ship may be given a port barring direction, a detention direction, and a port entry direction or a movement direction.","IMO 9405057 ('TAI SHAN') is involved in activity whose object or effect is to destabilise Ukraine or undermine or threaten the territorial integrity, sovereignty or independence of Ukraine or to obtain a benefit from or support the Government of Russia. Namely, TAI SHAN is involved in carrying oil or oil products that originated in Russia from Russia to a third country."
#0049103,RUS2508,TENDUA,Primary Name,9299862.0,Panama,,Oil Tanker,23257.0,,2006.0,Ragang Shipping Inc,,"Shipping sanctions: a specified ship is prohibited from being provided with access to or having its master or pilot cause it to enter a port in the UK, may have its registration on the UK Ship Register terminated, and a master or pilot of a specified ship may be given a port barring direction, a detention direction, and a port entry direction or a movement direction.","IMO 9299862 ('TENDUA') is involved in activity whose object or effect is to destabilise Ukraine or undermine or threaten the territorial integrity, sovereignty or independence of Ukraine or to obtain a benefit from or support the Government of Russia. Namely, TENDUA is involved in carrying oil or oil products that originated in Russia from Russia to a third country."
#0049104,RUS2509,THANE,Primary Name,9237228.0,San Marino,,Oil Tanker,56204.0,,2002.0,Nissho Lines Inc,,"Shipping sanctions: a specified ship is prohibited from being provided with access to or having its master or pilot cause it to enter a port in the UK, may have its registration on the UK Ship Register terminated, and a master or pilot of a specified ship may be given a port barring direction, a detention direction, and a port entry direction or a movement direction.","IMO 9237228 ('THANE') is involved in activity whose object or effect is to destabilise Ukraine or undermine or threaten the territorial integrity, sovereignty or independence of Ukraine or to obtain a benefit from or support the Government of Russia. Namely, THANE is involved in carrying oil or oil products that originated in Russia from Russia to a third country."
#0049105,RUS2510,THEMIS,Primary Name,9264570.0,Panama,,Oil Tanker,56358.0,241.0,2002.0,Themis Ltd-MAI,,"Shipping sanctions: a specified ship is prohibited from being provided with access to or having its master or pilot cause it to enter a port in the UK, may have its registration on the UK Ship Register terminated, and a master or pilot of a specified ship may be given a port barring direction, a detention direction, and a port entry direction or a movement direction.","IMO 9264570 ('THEMIS') is involved in activity whose object or effect is to destabilise Ukraine or undermine or threaten the territorial integrity, sovereignty or independence of Ukraine or to obtain a benefit from or support the Government of Russia. Namely, THEMIS is involved in carrying oil or oil products that originated in Russia from Russia to a third country."
#0049106,RUS2511,THYA,Primary Name,9283289.0,Panama,,Oil Tanker,61724.0,,2005.0,Winocean Management Ltd,,"Shipping sanctions: a specified ship is prohibited from being provided with access to or having its master or pilot cause it to enter a port in the UK, may have its registration on the UK Ship Register terminated, and a master or pilot of a specified ship may be given a port barring direction, a detention direction, and a port entry direction or a movement direction.","IMO 9283289 ('THYA') is involved in activity whose object or effect is to destabilise Ukraine or undermine or threaten the territorial integrity, sovereignty or independence of Ukraine or to obtain a benefit from or support the Government of Russia. Namely, IMO 9283289 is involved in carrying oil or oil products that originated in Russia from Russia to a third country."
#0049107,RUS2512,TIBURON,Primary Name,9283291.0,Barbados,,Oil Tanker,61724.0,,2005.0,Black Pearl Marine Ltd,,"Shipping sanctions: a specified ship is prohibited from being provided with access to or having its master or pilot cause it to enter a port in the UK, may have its registration on the UK Ship Register terminated, and a master or pilot of a specified ship may be given a port barring direction, a detention direction, and a port entry direction or a movement direction.","IMO 9283291 ('TIBURON') is involved in activity whose object or effect is to destabilise Ukraine or undermine or threaten the territorial integrity, sovereignty or independence of Ukraine or to obtain a benefit from or support the Government of Russia. Namely, TIBURON is involved in carrying oil or oil products that originated in Russia from Russia to a third country."
#0049108,RUS2513,TREND,Primary Name,9231509.0,Barbados,,Oil Tanker,81085.0,,2002.0,Pacific Ocean Shipping Ltd,,"Shipping sanctions: a specified ship is prohibited from being provided with access to or having its master or pilot cause it to enter a port in the UK, may have its registration on the UK Ship Register terminated, and a master or pilot of a specified ship may be given a port barring direction, a detention direction, and a port entry direction or a movement direction.","IMO 9231509 ('TREND') is involved in activity whose object or effect is to destabilise Ukraine or undermine or threaten the territorial integrity, sovereignty or independence of Ukraine or to obtain a benefit from or support the Government of Russia. Namely, TREND is involved in carrying oil or oil products that originated in Russia from Russia to a third country."
#0049109,RUS2514,CHEETAH II,Primary Name,9222560.0,Panama,,Oil Tanker,,,2000.0,Maxcon Marine Services,,"Shipping sanctions: a specified ship is prohibited from being provided with access to or having its master or pilot cause it to enter a port in the UK, may have its registration on the UK Ship Register terminated, and a master or pilot of a specified ship may be given a port barring direction, a detention direction, and a port entry direction or a movement direction.","IMO 9222560 ('CHEETAH II') is involved in activity whose object or effect is to destabilise Ukraine or undermine or threaten the territorial integrity, sovereignty or independence of Ukraine or to obtain a benefit from or support the Government of Russia. Namely, IMO 9222560 is involved in carrying oil or oil products that originated in Russia from Russia to a third country."
#0049110,RUS2515,CLYDE NOBLE,Primary Name,9282792.0,Palau,,Oil Tanker,,,2004.0,Clyde Chartering Inc,,"Shipping sanctions: a specified ship is prohibited from being provided with access to or having its master or pilot cause it to enter a port in the UK, may have its registration on the UK Ship Register terminated, and a master or pilot of a specified ship may be given a port barring direction, a detention direction, and a port entry direction or a movement direction.","IMO 9282792 ('CLYDE NOBLE') is involved in activity whose object or effect is to destabilise Ukraine or undermine or threaten the territorial integrity, sovereignty or independence of Ukraine or to obtain a benefit from or support the Government of Russia. Namely, CLYDE NOBLE is involved in carrying oil or oil products that originated in Russia from Russia to a third country."
#0049111,RUS2516,CORDELIA MOON,Primary Name,9297888.0,Panama,,Oil Tanker,,,2006.0,Amber Shipping Inc-SEY,,"Shipping sanctions: a specified ship is prohibited from being provided with access to or having its master or pilot cause it to enter a port in the UK, may have its registration on the UK Ship Register terminated, and a master or pilot of a specified ship may be given a port barring direction, a detention direction, and a port entry direction or a movement direction.","IMO 9297888 ('CORDELIA MOON') is involved in activity whose object or effect is to destabilise Ukraine or undermine or threaten the territorial integrity, sovereignty or independence of Ukraine or to obtain a benefit from or support the Government of Russia. Namely, CORDELIA MOON is involved in carrying oil or oil products that originated in Russia from Russia to a third country."
#0049112,RUS2517,DAPHNE I,Primary Name,9251456.0,Panama,,Oil Tanker,,,2003.0,Maxcon Marine Services Inc,,"Shipping sanctions: a specified ship is prohibited from being provided with access to or having its master or pilot cause it to enter a port in the UK, may have its registration on the UK Ship Register terminated, and a master or pilot of a specified ship may be given a port barring direction, a detention direction, and a port entry direction or a movement direction.","IMO 9251456 ('DAPHNE I') is involved in activity whose object or effect is to destabilise Ukraine or undermine or threaten the territorial integrity, sovereignty or independence of Ukraine or to obtain a benefit from or support the Government of Russia. Namely, DAPHNE I is involved in carrying oil or oil products that originated in Russia from Russia to a third country."
#0049113,RUS2518,ELEPHANT,Primary Name,9374868.0,Vietnam,,Oil Tanker,,,2007.0,Hung Phat Maritime Trading,,"Shipping sanctions: a specified ship is prohibited from being provided with access to or having its master or pilot cause it to enter a port in the UK, may have its registration on the UK Ship Register terminated, and a master or pilot of a specified ship may be given a port barring direction, a detention direction, and a port entry direction or a movement direction.","IMO 9374868 ('ELEPHANT') is and has been involved in a relevant activity as it is used for an activity whose object or effect is to destabilise Ukraine or undermine or threaten the territorial integrity, sovereignty or independence of Ukraine or to obtain a benefit from or support the Government of Russia. Namely, ELEPHANT is and has been used for carrying oil or oil products that originated in Russia from Russia to a third country."
#0049114,RUS2519,ELISE,Primary Name,9277747.0,Palau,,Oil Tanker,,,2004.0,Virgo Inc,,"Shipping sanctions: a specified ship is prohibited from being provided with access to or having its master or pilot cause it to enter a port in the UK, may have its registration on the UK Ship Register terminated, and a master or pilot of a specified ship may be given a port barring direction, a detention direction, and a port entry direction or a movement direction.","IMO 9277747 ('ELISE') is involved in activity whose object or effect is to destabilise Ukraine or undermine or threaten the territorial integrity, sovereignty or independence of Ukraine or to obtain a benefit from or support the Government of Russia. Namely, ELISE is involved in carrying oil or oil products that originated in Russia from Russia to a third country."
#0049115,RUS2520,ENIGMA,Primary Name,9333412.0,Barbados,,Oil Tanker,,,2007.0,Westanker Denizcilik ve Tic,,"Shipping sanctions: a specified ship is prohibited from being provided with access to or having its master or pilot cause it to enter a port in the UK, may have its registration on the UK Ship Register terminated, and a master or pilot of a specified ship may be given a port barring direction, a detention direction, and a port entry direction or a movement direction.","IMO 9333412 ('ENIGMA') is involved in activity whose object or effect is to destabilise Ukraine or undermine or threaten the territorial integrity, sovereignty or independence of Ukraine or to obtain a benefit from or support the Government of Russia. Namely, ENIGMA is involved in carrying oil or oil products that originated in Russia from Russia to a third country."
#0049116,RUS2521,HERA,Primary Name,9326720.0,Vietnam,,Oil Tanker,,,,HUNG PHAT MARITIME TRADING,,"Shipping sanctions: a specified ship is prohibited from being provided with access to or having its master or pilot cause it to enter a port in the UK, may have its registration on the UK Ship Register terminated, and a master or pilot of a specified ship may be given a port barring direction, a detention direction, and a port entry direction or a movement direction.","IMO 9326720 ('HERA') is involved in activity whose object or effect is to destabilise Ukraine or undermine or threaten the territorial integrity, sovereignty or independence of Ukraine or to obtain a benefit from or support the Government of Russia. Namely, HERA is involved in carrying oil or oil products that originated in Russia from Russia to a third country."
#0049117,RUS2522,FIESTA,Primary Name,9260823.0,Sierra Leone,,Oil Tanker,,,2004.0,Voyage Craft Inc,,"Shipping sanctions: a specified ship is prohibited from being provided with access to or having its master or pilot cause it to enter a port in the UK, may have its registration on the UK Ship Register terminated, and a master or pilot of a specified ship may be given a port barring direction, a detention direction, and a port entry direction or a movement direction.","IMO 9260823 ('FIESTA') is involved in activity whose object or effect is to destabilise Ukraine or undermine or threaten the territorial integrity, sovereignty or independence of Ukraine or to obtain a benefit from or support the Government of Russia. Namely, FIESTA is involved in carrying oil or oil products that originated in Russia from Russia to a third country."
#0049118,RUS2523,HU PO,Primary Name,9319686.0,Panama,,Oil Tanker,,,,WU HU SHIPMANAGEMENT CO LTD,,"Shipping sanctions: a specified ship is prohibited from being provided with access to or having its master or pilot cause it to enter a port in the UK, may have its registration on the UK Ship Register terminated, and a master or pilot of a specified ship may be given a port barring direction, a detention direction, and a port entry direction or a movement direction.","IMO 9319686 ('HU PO') is involved in activity whose object or effect is to destabilise Ukraine or undermine or threaten the territorial integrity, sovereignty or independence of Ukraine or to obtain a benefit from or support the Government of Russia. Namely, HU PO is involved in carrying oil or oil products that originated in Russia from Russia to a third country."
#0049119,RUS2524,FOTUO,Primary Name,9293959.0,Liberia,,Oil Tanker,,,2006.0,Ledri Shipping Co ltd,,"Shipping sanctions: a specified ship is prohibited from being provided with access to or having its master or pilot cause it to enter a port in the UK, may have its registration on the UK Ship Register terminated, and a master or pilot of a specified ship may be given a port barring direction, a detention direction, and a port entry direction or a movement direction.","IMO 9293959 ('FOTUO') is and has been involved in a relevant activity as it is used for an activity whose object or effect is to destabilise Ukraine or undermine or threaten the territorial integrity, sovereignty or independence of Ukraine or to obtain a benefit from or support the Government of Russia. Namely, IMO 9293959 is and has been used for carrying oil or oil products that originated in Russia from Russia to a third country."
#0049120,RUS2525,INDRAS,Primary Name,9314894.0,Panama,,Oil Tanker,,,,HONG HU SHIPPING LTD,,"Shipping sanctions: a specified ship is prohibited from being provided with access to or having its master or pilot cause it to enter a port in the UK, may have its registration on the UK Ship Register terminated, and a master or pilot of a specified ship may be given a port barring direction, a detention direction, and a port entry direction or a movement direction.","IMO 9314894 ('INDRAS') is involved in activity whose object or effect is to destabilise Ukraine or undermine or threaten the territorial integrity, sovereignty or independence of Ukraine or to obtain a benefit from or support the Government of Russia. Namely, INDRAS is involved in carrying oil or oil products that originated in Russia from Russia to a third country."
#0049121,RUS2526,INDUS 1,Primary Name,9360415.0,Panama,,Oil Tanker,,,,TIGWA SHIPPING INC,,"Shipping sanctions: a specified ship is prohibited from being provided with access to or having its master or pilot cause it to enter a port in the UK, may have its registration on the UK Ship Register terminated, and a master or pilot of a specified ship may be given a port barring direction, a detention direction, and a port entry direction or a movement direction.","IMO 9360415 ('INDUS 1') is involved in activity whose object or effect is to destabilise Ukraine or undermine or threaten the territorial integrity, sovereignty or independence of Ukraine or to obtain a benefit from or support the Government of Russia. Namely, INDUS 1 is involved in carrying oil or oil products that originated in Russia from Russia to a third country."
#0049122,RUS2527,ARGENT,Primary Name,9293002.0,Guinea-Bissau,,Oil Tanker,,,,SAPANG SHIPPING INC,,"Shipping sanctions: a specified ship is prohibited from being provided with access to or having its master or pilot cause it to enter a port in the UK, may have its registration on the UK Ship Register terminated, and a master or pilot of a specified ship may be given a port barring direction, a detention direction, and a port entry direction or a movement direction.","IMO 9293002 (' ARGENT') is involved in activity whose object or effect is to destabilise Ukraine or undermine or threaten the territorial integrity, sovereignty or independence of Ukraine or to obtain a benefit from or support the Government of Russia. Namely, ARGENT is involved in carrying oil or oil products that originated in Russia from Russia to a third country."
#0049123,RUS2528,GENJI,Primary Name,9289738.0,Gabon,,Oil Tanker,,,2005.0,Naga Shipping Inc,,"Shipping sanctions: a specified ship is prohibited from being provided with access to or having its master or pilot cause it to enter a port in the UK, may have its registration on the UK Ship Register terminated, and a master or pilot of a specified ship may be given a port barring direction, a detention direction, and a port entry direction or a movement direction.","IMO 9289738 ('GENJI') is involved in activity whose object or effect is to destabilise Ukraine or undermine or threaten the territorial integrity, sovereignty or independence of Ukraine or to obtain a benefit from or support the Government of Russia. Namely, GENJI is involved in carrying oil or oil products that originated in Russia from Russia to a third country."
#0049129,RUS2533,Blue,Primary Name,9236353.0,Antigua and Barbuda,,Oil Tanker,,,2003.0,Crestwave Maritime Ltd,,"Shipping sanctions: a specified ship is prohibited from being provided with access to or having its master or pilot cause it to enter a port in the UK, may have its registration on the UK Ship Register terminated, and a master or pilot of a specified ship may be given a port barring direction, a detention direction, and a port entry direction or a movement direction.","IMO 9236353 ('BLUE') is involved in activity whose object or effect is to destabilise Ukraine or undermine or threaten the territorial integrity, sovereignty or independence of Ukraine or to obtain a benefit from or support the Government of Russia. Namely, BLUE is involved in carrying oil or oil products that originated in Russia from Russia to a third country."
#0049132,RUS2536,Blue Talu,Primary Name,9334557.0,Panama,Liberia,Oil Tanker,40865.0,228.5,2007.0,Vindhya Shipping Pvt Ltd,,"Shipping sanctions: a specified ship is prohibited from being provided with access to or having its master or pilot cause it to enter a port in the UK, may have its registration on the UK Ship Register terminated, and a master or pilot of a specified ship may be given a port barring direction, a detention direction, and a port entry direction or a movement direction.","IMO 9334557 ('BLUE TALU') is involved in activity whose object or effect is to destabilise Ukraine or undermine or threaten the territorial integrity, sovereignty or independence of Ukraine or to obtain a benefit from or support the Government of Russia. Namely, BLUE TALU is involved in carrying oil or oil products that originated in Russia from Russia to a third country."
#0049134,RUS2538,Fuga Bluemarine,Primary Name,9235725.0,The Gambia,,Oil Tanker,,,,Fuga Shipmanagement SA,,"Shipping sanctions: a specified ship is prohibited from being provided with access to or having its master or pilot cause it to enter a port in the UK, may have its registration on the UK Ship Register terminated, and a master or pilot of a specified ship may be given a port barring direction, a detention direction, and a port entry direction or a movement direction.","IMO 9235725 ('FUGA BLUEMARINE') is involved in activity whose object or effect is to destabilise Ukraine or undermine or threaten the territorial integrity, sovereignty or independence of Ukraine or to obtain a benefit from or support the Government of Russia. Namely, FUGA BLUEMARINE is involved in carrying oil or oil products that originated in Russia from Russia to a third country."
#0049137,RUS2540,Bonifacy,Primary Name,9284726.0,Palau,Panama,Oil Tanker,28059.0,179.88,2004.0,Blossom Bridge Corp / Seafaring Savants LLC,,"Shipping sanctions: a specified ship is prohibited from being provided with access to or having its master or pilot cause it to enter a port in the UK, may have its registration on the UK Ship Register terminated, and a master or pilot of a specified ship may be given a port barring direction, a detention direction, and a port entry direction or a movement direction.","IMO 9284726 ('BONIFACY') is involved in activity whose object or effect is to destabilise Ukraine or undermine or threaten the territorial integrity, sovereignty or independence of Ukraine or to obtain a benefit from or support the Government of Russia. Namely, BONIFACY is involved in carrying oil or oil products that originated in Russia from Russia to a third country."
#0049139,RUS2542,Cai Yun,Primary Name,9437983.0,Panama,,Oil Tanker,60237.0,,2010.0,Acceronix Ltd,,"Shipping sanctions: a specified ship is prohibited from being provided with access to or having its master or pilot cause it to enter a port in the UK, may have its registration on the UK Ship Register terminated, and a master or pilot of a specified ship may be given a port barring direction, a detention direction, and a port entry direction or a movement direction.","IMO 9437983 ('CAI YUN') is involved in activity whose object or effect is to destabilise Ukraine or undermine or threaten the territorial integrity, sovereignty or independence of Ukraine or to obtain a benefit from or support the Government of Russia. Namely, CAI YUN is involved in carrying oil or oil products that originated in Russia from Russia to a third country."
#0049142,RUS2544,Beast,Primary Name,9290921.0,Palau,,Oil Tanker,30030.0,,2005.0,Ocean Voyage Corp,,"Shipping sanctions: a specified ship is prohibited from being provided with access to or having its master or pilot cause it to enter a port in the UK, may have its registration on the UK Ship Register terminated, and a master or pilot of a specified ship may be given a port barring direction, a detention direction, and a port entry direction or a movement direction.","IMO 9290921 ('BEAST') is and has been involved in a relevant activity as it is used for an activity whose object or effect is to destabilise Ukraine or undermine or threaten the territorial integrity, sovereignty or independence of Ukraine or to obtain a benefit from or support the Government of Russia. Namely, BEAST is and has been used for carrying oil or oil products that originated in Russia from Russia to a third country."
#0049143,RUS2545,DENEB,Primary Name,9301524.0,Sierra Leone,,Oil Tanker,81380.0,,2006.0,Insist Line Ltd,,"Shipping sanctions: a specified ship is prohibited from being provided with access to or having its master or pilot cause it to enter a port in the UK, may have its registration on the UK Ship Register terminated, and a master or pilot of a specified ship may be given a port barring direction, a detention direction, and a port entry direction or a movement direction.","IMO 9301524 ('DENEB') is involved in activity whose object or effect is to destabilise Ukraine or undermine or threaten the territorial integrity, sovereignty or independence of Ukraine or to obtain a benefit from or support the Government of Russia. Namely, DENEB is involved in carrying oil or oil products that originated in Russia from Russia to a third country."
#0049144,RUS2546,E MEI SHAN,Primary Name,9290828.0,Panama,,Oil Tanker,23298.0,,2005.0,Thanda Aye Shipping Ltd,,"Shipping sanctions: a specified ship is prohibited from being provided with access to or having its master or pilot cause it to enter a port in the UK, may have its registration on the UK Ship Register terminated, and a master or pilot of a specified ship may be given a port barring direction, a detention direction, and a port entry direction or a movement direction.","IMO 9290828 ('E MEI SHAN') is involved in activity whose object or effect is to destabilise Ukraine or undermine or threaten the territorial integrity, sovereignty or independence of Ukraine or to obtain a benefit from or support the Government of Russia. Namely, IMO 9290828 is involved in carrying oil or oil products that originated in Russia from Russia to a third country."
#0049145,RUS2547,EAST 1,Primary Name,9240885.0,,,Oil Tanker,30128.0,,2002.0,HongKong Eastern Shipping Ltd,,"Shipping sanctions: a specified ship is prohibited from being provided with access to or having its master or pilot cause it to enter a port in the UK, may have its registration on the UK Ship Register terminated, and a master or pilot of a specified ship may be given a port barring direction, a detention direction, and a port entry direction or a movement direction.","IMO 9240885 ('EAST 1') is involved in activity whose object or effect is to destabilise Ukraine or undermine or threaten the territorial integrity, sovereignty or independence of Ukraine or to obtain a benefit from or support the Government of Russia. Namely, EAST 1 is involved in carrying oil or oil products that originated in Russia from Russia to a third country."
#0049146,RUS2548,GAURI,Primary Name,9270749.0,Barbados,,Oil Tanker,28799.0,,2004.0,Gauri Shipping Inc,,"Shipping sanctions: a specified ship is prohibited from being provided with access to or having its master or pilot cause it to enter a port in the UK, may have its registration on the UK Ship Register terminated, and a master or pilot of a specified ship may be given a port barring direction, a detention direction, and a port entry direction or a movement direction.","IMO 9270749 ('GAURI') is involved in activity whose object or effect is to destabilise Ukraine or undermine or threaten the territorial integrity, sovereignty or independence of Ukraine or to obtain a benefit from or support the Government of Russia. Namely, GAURI is involved in carrying oil or oil products that originated in Russia from Russia to a third country."
#0049147,RUS2549,GURUDEV,Primary Name,9253234.0,Panama,,Oil Tanker,,,2003.0,Hajrah Maritime Inc,,"Shipping sanctions: a specified ship is prohibited from being provided with access to or having its master or pilot cause it to enter a port in the UK, may have its registration on the UK Ship Register terminated, and a master or pilot of a specified ship may be given a port barring direction, a detention direction, and a port entry direction or a movement direction.","IMO 9253234 ('GURUDEV') is involved in activity whose object or effect is to destabilise Ukraine or undermine or threaten the territorial integrity, sovereignty or independence of Ukraine or to obtain a benefit from or support the Government of Russia. Namely, GURUDEV is involved in carrying oil or oil products that originated in Russia from Russia to a third country."
#0049148,RUS2550,HATTI,Primary Name,9247883.0,Barbados,,Oil Tanker,57326.0,,2002.0,HCC Shipmanagement Inc,,"Shipping sanctions: a specified ship is prohibited from being provided with access to or having its master or pilot cause it to enter a port in the UK, may have its registration on the UK Ship Register terminated, and a master or pilot of a specified ship may be given a port barring direction, a detention direction, and a port entry direction or a movement direction.","IMO 9247883 ('HATTI') is involved in activity whose object or effect is to destabilise Ukraine or undermine or threaten the territorial integrity, sovereignty or independence of Ukraine or to obtain a benefit from or support the Government of Russia. Namely, HATTI is involved in carrying oil or oil products that originated in Russia from Russia to a third country."
#0049149,RUS2551,VAYU 1,Primary Name,9290517.0,Gabon,,Oil Tanker,23240.0,,2005.0,Layla Maritime Inc,,"Shipping sanctions: a specified ship is prohibited from being provided with access to or having its master or pilot cause it to enter a port in the UK, may have its registration on the UK Ship Register terminated, and a master or pilot of a specified ship may be given a port barring direction, a detention direction, and a port entry direction or a movement direction.","IMO 9290517 ('VAYU 1') is involved in activity whose object or effect is to destabilise Ukraine or undermine or threaten the territorial integrity, sovereignty or independence of Ukraine or to obtain a benefit from or support the Government of Russia. Namely, VAYU 1 is involved in carrying oil or oil products that originated in Russia from Russia to a third country."
#0049150,RUS2552,VENUS III,Primary Name,9599353.0,Russia,,Oil Tanker,4800.0,,2011.0,Rui Lin Shipping Ltd,,"Shipping sanctions: a specified ship is prohibited from being provided with access to or having its master or pilot cause it to enter a port in the UK, may have its registration on the UK Ship Register terminated, and a master or pilot of a specified ship may be given a port barring direction, a detention direction, and a port entry direction or a movement direction.","IMO 9599353 ('VENUS III') is involved in activity whose object or effect is to destabilise Ukraine or undermine or threaten the territorial integrity, sovereignty or independence of Ukraine or to obtain a benefit from or support the Government of Russia. Namely, VENUS III is involved in carrying oil or oil products that originated in Russia from Russia to a third country."
#0049151,RUS2553,VOLANS,Primary Name,9422988.0,Barbados,,Oil Tanker,54916.0,,2009.0,Jetee Co Ltd,,"Shipping sanctions: a specified ship is prohibited from being provided with access to or having its master or pilot cause it to enter a port in the UK, may have its registration on the UK Ship Register terminated, and a master or pilot of a specified ship may be given a port barring direction, a detention direction, and a port entry direction or a movement direction.","IMO 9422988 ('VOLANS') is involved in activity whose object or effect is to destabilise Ukraine or undermine or threaten the territorial integrity, sovereignty or independence of Ukraine or to obtain a benefit from or support the Government of Russia. Namely, VOLANS is involved in carrying oil or oil products that originated in Russia from Russia to a third country."
#0049152,RUS2555,WUDI,Primary Name,9335094.0,Panama,,Oil Tanker,29490.0,,2006.0,Red Lantern Ltd,,"Shipping sanctions: a specified ship is prohibited from being provided with access to or having its master or pilot cause it to enter a port in the UK, may have its registration on the UK Ship Register terminated, and a master or pilot of a specified ship may be given a port barring direction, a detention direction, and a port entry direction or a movement direction.","IMO 9335094 ('WUDI') is involved in activity whose object or effect is to destabilise Ukraine or undermine or threaten the territorial integrity, sovereignty or independence of Ukraine or to obtain a benefit from or support the Government of Russia. Namely, WUDI is involved in carrying oil or oil products that originated in Russia from Russia to a third country."
#0049153,RUS2556,DELIVER,Primary Name,9194983.0,,,Oil Tanker,79063.0,,2000.0,Stellar Ocean Ltd,,"Shipping sanctions: a specified ship is prohibited from being provided with access to or having its master or pilot cause it to enter a port in the UK, may have its registration on the UK Ship Register terminated, and a master or pilot of a specified ship may be given a port barring direction, a detention direction, and a port entry direction or a movement direction.","IMO 9194983 ('DELIVER') is involved in activity whose object or effect is to destabilise Ukraine or undermine or threaten the territorial integrity, sovereignty or independence of Ukraine or to obtain a benefit from or support the Government of Russia. Namely, IMO 9194983 is involved in carrying oil or oil products that originated in Russia from Russia to a third country."
#0049154,RUS2558,WU TAI,Primary Name,9419151.0,Panama,,Oil Tanker,62775.0,,2010.0,Namas Maritime Inc,,"Shipping sanctions: a specified ship is prohibited from being provided with access to or having its master or pilot cause it to enter a port in the UK, may have its registration on the UK Ship Register terminated, and a master or pilot of a specified ship may be given a port barring direction, a detention direction, and a port entry direction or a movement direction.","IMO 9419151 ('WU TAI') is involved in activity whose object or effect is to destabilise Ukraine or undermine or threaten the territorial integrity, sovereignty or independence of Ukraine or to obtain a benefit from or support the Government of Russia. Namely, WU TAI is involved in carrying oil or oil products that originated in Russia from Russia to a third country."
#0049155,RUS2559,FIORA,Primary Name,9282493.0,,,Oil Tanker,63598.0,,2005.0,Vanship Maritime Pvt Ltd,,"Shipping sanctions: a specified ship is prohibited from being provided with access to or having its master or pilot cause it to enter a port in the UK, may have its registration on the UK Ship Register terminated, and a master or pilot of a specified ship may be given a port barring direction, a detention direction, and a port entry direction or a movement direction.","IMO 9282493 (FIORA) is involved in activity whose object or effect is to destabilise Ukraine or undermine or threaten the territorial integrity, sovereignty or independence of Ukraine or to obtain a benefit from or support the Government of Russia. Namely, IMO 9282493 is involved in carrying oil or oil products that originated in Russia from Russia to a third country."
#0049156,RUS2560,XING CHEN,Primary Name,9550682.0,Panama,,Oil Tanker,73427.0,,2009.0,Fafana Ltd,,"Shipping sanctions: a specified ship is prohibited from being provided with access to or having its master or pilot cause it to enter a port in the UK, may have its registration on the UK Ship Register terminated, and a master or pilot of a specified ship may be given a port barring direction, a detention direction, and a port entry direction or a movement direction.","IMO 9550682 ('XING CHEN') is involved in activity whose object or effect is to destabilise Ukraine or undermine or threaten the territorial integrity, sovereignty or independence of Ukraine or to obtain a benefit from or support the Government of Russia. Namely, XING CHEN is involved in carrying oil or oil products that originated in Russia from Russia to a third country."
#0049157,RUS2561,XUE SONG,Primary Name,9428358.0,Gabon,,Oil Tanker,30006.0,,2009.0,Tai Shan Yong Heng Shipmgmt,,"Shipping sanctions: a specified ship is prohibited from being provided with access to or having its master or pilot cause it to enter a port in the UK, may have its registration on the UK Ship Register terminated, and a master or pilot of a specified ship may be given a port barring direction, a detention direction, and a port entry direction or a movement direction.","IMO 9428358 ('XUE SONG') is involved in activity whose object or effect is to destabilise Ukraine or undermine or threaten the territorial integrity, sovereignty or independence of Ukraine or to obtain a benefit from or support the Government of Russia. Namely, XUE SONG is involved in carrying oil or oil products that originated in Russia from Russia to a third country."
#0049158,RUS2562,YI TONG,Primary Name,9259733.0,Panama,,Oil Tanker,84855.0,,2004.0,Yitong Shipping Ltd,,"Shipping sanctions: a specified ship is prohibited from being provided with access to or having its master or pilot cause it to enter a port in the UK, may have its registration on the UK Ship Register terminated, and a master or pilot of a specified ship may be given a port barring direction, a detention direction, and a port entry direction or a movement direction.","IMO 9259733 ('YI TONG') is involved in activity whose object or effect is to destabilise Ukraine or undermine or threaten the territorial integrity, sovereignty or independence of Ukraine or to obtain a benefit from or support the Government of Russia. Namely, YI TONG is involved in carrying oil or oil products that originated in Russia from Russia to a third country."
#0049159,RUS2563,RAVEN,Primary Name,9205067.0,Barbados,,Oil Tanker,79812.0,,2001.0,Infinite Tide Corp,,"Shipping sanctions: a specified ship is prohibited from being provided with access to or having its master or pilot cause it to enter a port in the UK, may have its registration on the UK Ship Register terminated, and a master or pilot of a specified ship may be given a port barring direction, a detention direction, and a port entry direction or a movement direction.","IMO 9205067 ('RAVEN') is involved in activity whose object or effect is to destabilise Ukraine or undermine or threaten the territorial integrity, sovereignty or independence of Ukraine or to obtain a benefit from or support the Government of Russia. Namely, RAVEN is involved in carrying oil or oil products that originated in Russia from Russia to a third country."
#0049160,RUS2564,REUS,Primary Name,9253076.0,Sierra Leone,,Oil Tanker,,,2003.0,S&F Marine Ltd,,"Shipping sanctions: a specified ship is prohibited from being provided with access to or having its master or pilot cause it to enter a port in the UK, may have its registration on the UK Ship Register terminated, and a master or pilot of a specified ship may be given a port barring direction, a detention direction, and a port entry direction or a movement direction.","IMO 9253076 ('REUS') is involved in activity whose object or effect is to destabilise Ukraine or undermine or threaten the territorial integrity, sovereignty or independence of Ukraine or to obtain a benefit from or support the Government of Russia. Namely, REUS is involved in carrying oil or oil products that originated in Russia from Russia to a third country."
#0049161,RUS2565,RIGEL,Primary Name,9296406.0,Panama,,Oil Tanker,77636.0,,2006.0,Sobat Maritime Corp,,"Shipping sanctions: a specified ship is prohibited from being provided with access to or having its master or pilot cause it to enter a port in the UK, may have its registration on the UK Ship Register terminated, and a master or pilot of a specified ship may be given a port barring direction, a detention direction, and a port entry direction or a movement direction.","IMO 9296406 ('RIGEL') is involved in activity whose object or effect is to destabilise Ukraine or undermine or threaten the territorial integrity, sovereignty or independence of Ukraine or to obtain a benefit from or support the Government of Russia. Namely, RIGEL is involved in carrying oil or oil products that originated in Russia from Russia to a third country."
#0049162,RUS2566,SAATHI,Primary Name,9402732.0,Panama,,Oil Tanker,,,2008.0,Obsidian Shipping Inc-SEY (Seychelles),,"Shipping sanctions: a specified ship is prohibited from being provided with access to or having its master or pilot cause it to enter a port in the UK, may have its registration on the UK Ship Register terminated, and a master or pilot of a specified ship may be given a port barring direction, a detention direction, and a port entry direction or a movement direction.","IMO 9402732 ('SAATHI') is involved in activity whose object or effect is to destabilise Ukraine or undermine or threaten the territorial integrity, sovereignty or independence of Ukraine or to obtain a benefit from or support the Government of Russia. Namely, SAATHI is involved in carrying oil or oil products that originated in Russia from Russia to a third country."
#0049163,RUS2567,SOFOS,Primary Name,9278064.0,Cook Islands,,Oil Tanker,30095.0,183.0,2004.0,New Dawn Marine Corp (Seychelles),,"Shipping sanctions: a specified ship is prohibited from being provided with access to or having its master or pilot cause it to enter a port in the UK, may have its registration on the UK Ship Register terminated, and a master or pilot of a specified ship may be given a port barring direction, a detention direction, and a port entry direction or a movement direction.","IMO 9278064 (' SOFOS ') is involved in activity whose object or effect is to destabilise Ukraine or undermine or threaten the territorial integrity, sovereignty or independence of Ukraine or to obtain a benefit from or support the Government of Russia. Namely, SOFOS is involved in carrying oil or oil products that originated in Russia from Russia to a third country."
#0049164,RUS2568,HIMALAYA,Primary Name,9314882.0,Panama,,Oil Tanker,,,,ELMENTEITA SHIPPIN INC,,"Shipping sanctions: a specified ship is prohibited from being provided with access to or having its master or pilot cause it to enter a port in the UK, may have its registration on the UK Ship Register terminated, and a master or pilot of a specified ship may be given a port barring direction, a detention direction, and a port entry direction or a movement direction.","IMO 9314882 ('HIMALAYA') is involved in activity whose object or effect is to destabilise Ukraine or undermine or threaten the territorial integrity, sovereignty or independence of Ukraine or to obtain a benefit from or support the Government of Russia. Namely, HIMALAYA is involved in carrying oil or oil products that originated in Russia from Russia to a third country."
#0049165,RUS2569,HUANG HE,Primary Name,9306627.0,Panama,,Oil Tanker,,,,OCEAN SHIPPING & MARINE INC,,"Shipping sanctions: a specified ship is prohibited from being provided with access to or having its master or pilot cause it to enter a port in the UK, may have its registration on the UK Ship Register terminated, and a master or pilot of a specified ship may be given a port barring direction, a detention direction, and a port entry direction or a movement direction.","IMO 9306627 ('HUANG HE') is involved in activity whose object or effect is to destabilise Ukraine or undermine or threaten the territorial integrity, sovereignty or independence of Ukraine or to obtain a benefit from or support the Government of Russia. Namely, HUANG HE is involved in carrying oil or oil products that originated in Russia from Russia to a third country."
#0049166,RUS2570,INA,Primary Name,9308443.0,Antigua and Barbuda,,Oil Tanker,,,,PISHA INTERNATIONAL SHIPPING,,"Shipping sanctions: a specified ship is prohibited from being provided with access to or having its master or pilot cause it to enter a port in the UK, may have its registration on the UK Ship Register terminated, and a master or pilot of a specified ship may be given a port barring direction, a detention direction, and a port entry direction or a movement direction.","IMO 9308443 ('INA') is involved in activity whose object or effect is to destabilise Ukraine or undermine or threaten the territorial integrity, sovereignty or independence of Ukraine or to obtain a benefit from or support the Government of Russia. Namely, INA is involved in carrying oil or oil products that originated in Russia from Russia to a third country."
#0049167,RUS2571,IZOLA,Primary Name,9249312.0,Barbados,,Oil Tanker,,,,Longren Navigation Ltd,,"Shipping sanctions: a specified ship is prohibited from being provided with access to or having its master or pilot cause it to enter a port in the UK, may have its registration on the UK Ship Register terminated, and a master or pilot of a specified ship may be given a port barring direction, a detention direction, and a port entry direction or a movement direction.","IMO 9249312 ('IZOLA') is involved in activity whose object or effect is to destabilise Ukraine or undermine or threaten the territorial integrity, sovereignty or independence of Ukraine or to obtain a benefit from or support the Government of Russia. Namely, IMO 9249312 is involved in carrying oil or oil products that originated in Russia from Russia to a third country."
#0049168,RUS2572,JI LI I,Primary Name,9384435.0,Panama,,Oil Tanker,,,,KASAI AQUATIC INC,,"Shipping sanctions: a specified ship is prohibited from being provided with access to or having its master or pilot cause it to enter a port in the UK, may have its registration on the UK Ship Register terminated, and a master or pilot of a specified ship may be given a port barring direction, a detention direction, and a port entry direction or a movement direction.","IMO 9384435 ('JI LI I') is involved in activity whose object or effect is to destabilise Ukraine or undermine or threaten the territorial integrity, sovereignty or independence of Ukraine or to obtain a benefit from or support the Government of Russia. Namely, JI LI I is involved in carrying oil or oil products that originated in Russia from Russia to a third country."
#0049169,RUS2573,JI SHUN,Primary Name,9384447.0,Panama,,,,,,BENGO AQUATIC INC,,"Shipping sanctions: a specified ship is prohibited from being provided with access to or having its master or pilot cause it to enter a port in the UK, may have its registration on the UK Ship Register terminated, and a master or pilot of a specified ship may be given a port barring direction, a detention direction, and a port entry direction or a movement direction.","IMO 9384447 ('JI SHUN') is involved in activity whose object or effect is to destabilise Ukraine or undermine or threaten the territorial integrity, sovereignty or independence of Ukraine or to obtain a benefit from or support the Government of Russia. Namely, JI SHUN is involved in carrying oil or oil products that originated in Russia from Russia to a third country."
#0049170,RUS2574,VENETIANS,Primary Name,9436018.0,Panama,,Oil Tanker,,,,Eurus Shipping Co Ltd-HKG,,"Shipping sanctions: a specified ship is prohibited from being provided with access to or having its master or pilot cause it to enter a port in the UK, may have its registration on the UK Ship Register terminated, and a master or pilot of a specified ship may be given a port barring direction, a detention direction, and a port entry direction or a movement direction.","IMO 9436018 (' VENETIANS') is involved in activity whose object or effect is to destabilise Ukraine or undermine or threaten the territorial integrity, sovereignty or independence of Ukraine or to obtain a benefit from or support the Government of Russia. Namely, VENETIANS is involved in carrying oil or oil products that originated in Russia from Russia to a third country."
#0049171,RUS2575,KUSTO,Primary Name,9308833.0,Panama,,Oil Tanker,,,,SOLSTICE CORP,,"Shipping sanctions: a specified ship is prohibited from being provided with access to or having its master or pilot cause it to enter a port in the UK, may have its registration on the UK Ship Register terminated, and a master or pilot of a specified ship may be given a port barring direction, a detention direction, and a port entry direction or a movement direction.","IMO 9308833 ('KUSTO') is involved in activity whose object or effect is to destabilise Ukraine or undermine or threaten the territorial integrity, sovereignty or independence of Ukraine or to obtain a benefit from or support the Government of Russia. Namely, KUSTO is involved in carrying oil or oil products that originated in Russia from Russia to a third country."
#0049172,RUS2576,LALIQUE,Primary Name,9247792.0,Panama,,Oil Tanker,,,,QINGDAO HUITONG SHIPPING CO,,"Shipping sanctions: a specified ship is prohibited from being provided with access to or having its master or pilot cause it to enter a port in the UK, may have its registration on the UK Ship Register terminated, and a master or pilot of a specified ship may be given a port barring direction, a detention direction, and a port entry direction or a movement direction.","IMO 9247792 ('LALIQUE') is involved in activity whose object or effect is to destabilise Ukraine or undermine or threaten the territorial integrity, sovereignty or independence of Ukraine or to obtain a benefit from or support the Government of Russia. Namely, IMO 9247792 is involved in carrying oil or oil products that originated in Russia from Russia to a third country."
#0049173,RUS2577,LEA I,Primary Name,9277759.0,Liberia,,Oil Tanker,,,,Eastern Euro Ship Management,,"Shipping sanctions: a specified ship is prohibited from being provided with access to or having its master or pilot cause it to enter a port in the UK, may have its registration on the UK Ship Register terminated, and a master or pilot of a specified ship may be given a port barring direction, a detention direction, and a port entry direction or a movement direction.","IMO 9277759 ('LEA I') is involved in activity whose object or effect is to destabilise Ukraine or undermine or threaten the territorial integrity, sovereignty or independence of Ukraine or to obtain a benefit from or support the Government of Russia. Namely, LEA I is involved in carrying oil or oil products that originated in Russia from Russia to a third country."
#0049174,RUS2578,LUCKY FAIRY,Primary Name,9348479.0,Panama,,Oil Tanker,,,,XINGJUN INTERNATIONAL GROUP,,"Shipping sanctions: a specified ship is prohibited from being provided with access to or having its master or pilot cause it to enter a port in the UK, may have its registration on the UK Ship Register terminated, and a master or pilot of a specified ship may be given a port barring direction, a detention direction, and a port entry direction or a movement direction.","IMO 9348479 ('LUCKY FAIRY') is involved in activity whose object or effect is to destabilise Ukraine or undermine or threaten the territorial integrity, sovereignty or independence of Ukraine or to obtain a benefit from or support the Government of Russia. Namely, LUCKY FAIRY is involved in carrying oil or oil products that originated in Russia from Russia to a third country."
#0049175,RUS2579,ZANGAZUR,Primary Name,9420617.0,Azerbaijan,,Oil Tanker,60379.0,,2010.0,SA Maritime AFEZCO,,"Shipping sanctions: a specified ship is prohibited from being provided with access to or having its master or pilot cause it to enter a port in the UK, may have its registration on the UK Ship Register terminated, and a master or pilot of a specified ship may be given a port barring direction, a detention direction, and a port entry direction or a movement direction.","IMO 9420617 ('ZANGAZUR') is involved in activity whose object or effect is to destabilise Ukraine or undermine or threaten the territorial integrity, sovereignty or independence of Ukraine or to obtain a benefit from or support the Government of Russia. Namely, ZANGAZUR is involved in carrying oil or oil products that originated in Russia from Russia to a third country."
#0049176,RUS2580,CARCHARODON,Primary Name,9258882.0,Palau,,Oil Tanker,63661.0,,2003.0,Oceanpack Ship management Pvt,,"Shipping sanctions: a specified ship is prohibited from being provided with access to or having its master or pilot cause it to enter a port in the UK, may have its registration on the UK Ship Register terminated, and a master or pilot of a specified ship may be given a port barring direction, a detention direction, and a port entry direction or a movement direction.","IMO 9258882 ('CARCHARODON') is involved in activity whose object or effect is to destabilise Ukraine or undermine or threaten the territorial integrity, sovereignty or independence of Ukraine or to obtain a benefit from or support the Government of Russia. Namely, IMO 9258882 is involved in carrying oil or oil products that originated in Russia from Russia to a third country."
#0049177,RUS2581,CARUZO,Primary Name,9137648.0,Sierra Leone,,Oil Tanker,81148.0,,1998.0,First Light Marine Corp,,"Shipping sanctions: a specified ship is prohibited from being provided with access to or having its master or pilot cause it to enter a port in the UK, may have its registration on the UK Ship Register terminated, and a master or pilot of a specified ship may be given a port barring direction, a detention direction, and a port entry direction or a movement direction.","IMO 9137648 ('CARUZO') is involved in activity whose object or effect is to destabilise Ukraine or undermine or threaten the territorial integrity, sovereignty or independence of Ukraine or to obtain a benefit from or support the Government of Russia. Namely, CARUZO is involved in carrying oil or oil products that originated in Russia from Russia to a third country."
#0049178,RUS2582,CHANDRA,Primary Name,9353125.0,Panama,,Oil Tanker,23353.0,,2008.0,Zhao Yao Shipping Ltd,,"Shipping sanctions: a specified ship is prohibited from being provided with access to or having its master or pilot cause it to enter a port in the UK, may have its registration on the UK Ship Register terminated, and a master or pilot of a specified ship may be given a port barring direction, a detention direction, and a port entry direction or a movement direction.","IMO 9353125 ('CHANDRA') is involved in activity whose object or effect is to destabilise Ukraine or undermine or threaten the territorial integrity, sovereignty or independence of Ukraine or to obtain a benefit from or support the Government of Russia. Namely, CHANDRA is involved in carrying oil or oil products that originated in Russia from Russia to a third country."
#0049179,RUS2583,ARLAN,Primary Name,9227443.0,Sierra Leone,,Oil Tanker,84598.0,,2002.0,Deamar Voyage Corp,,"Shipping sanctions: a specified ship is prohibited from being provided with access to or having its master or pilot cause it to enter a port in the UK, may have its registration on the UK Ship Register terminated, and a master or pilot of a specified ship may be given a port barring direction, a detention direction, and a port entry direction or a movement direction.","IMO 9227443 ('ARLAN') is involved in activity whose object or effect is to destabilise Ukraine or undermine or threaten the territorial integrity, sovereignty or independence of Ukraine or to obtain a benefit from or support the Government of Russia. Namely, ARLAN is involved in carrying oil or oil products that originated in Russia from Russia to a third country."
#0049180,RUS2584,ATLANTICOS,Primary Name,9282986.0,Russia,,Oil Tanker,23271.0,,2004.0,Munai Invest LLC,,"Shipping sanctions: a specified ship is prohibited from being provided with access to or having its master or pilot cause it to enter a port in the UK, may have its registration on the UK Ship Register terminated, and a master or pilot of a specified ship may be given a port barring direction, a detention direction, and a port entry direction or a movement direction.","IMO 9282986 ('ATLANTICOS') is involved in activity whose object or effect is to destabilise Ukraine or undermine or threaten the territorial integrity, sovereignty or independence of Ukraine or to obtain a benefit from or support the Government of Russia. Namely, ATLANTICOS is involved in carrying oil or oil products that originated in Russia from Russia to a third country."
#0049181,RUS2585,AFKADA,Primary Name,9311531.0,Gabon,,Oil Tanker,,,2005.0,QATIF MARITIME INC,,"Shipping sanctions: a specified ship is prohibited from being provided with access to or having its master or pilot cause it to enter a port in the UK, may have its registration on the UK Ship Register terminated, and a master or pilot of a specified ship may be given a port barring direction, a detention direction, and a port entry direction or a movement direction.","IMO 9311531 ('AFKADA') is involved in activity whose object or effect is to destabilise Ukraine or undermine or threaten the territorial integrity, sovereignty or independence of Ukraine or to obtain a benefit from or support the Government of Russia. Namely, AFKADA is involved in carrying oil or oil products that originated in Russia from Russia to a third country."
#0049182,RUS2586,AKAR WEST,Primary Name,9258167.0,Barbados,,Oil Tanker,,,2003.0,GOLDEN GATE SHIP MANAGEMENT,,"Shipping sanctions: a specified ship is prohibited from being provided with access to or having its master or pilot cause it to enter a port in the UK, may have its registration on the UK Ship Register terminated, and a master or pilot of a specified ship may be given a port barring direction, a detention direction, and a port entry direction or a movement direction.","IMO 9258167 ('AKAR WEST') is involved in activity whose object or effect is to destabilise Ukraine or undermine or threaten the territorial integrity, sovereignty or independence of Ukraine or to obtain a benefit from or support the Government of Russia. Namely, AKAR WEST is involved in carrying oil or oil products that originated in Russia from Russia to a third country."
#0049183,RUS2587,ALISSA,Primary Name,9273052.0,Gabon,,Oil Tanker,,,2003.0,LEORA SHIPPING LLC,,"Shipping sanctions: a specified ship is prohibited from being provided with access to or having its master or pilot cause it to enter a port in the UK, may have its registration on the UK Ship Register terminated, and a master or pilot of a specified ship may be given a port barring direction, a detention direction, and a port entry direction or a movement direction.","IMO 9273052 ('ALISSA') is involved in activity whose object or effect is to destabilise Ukraine or undermine or threaten the territorial integrity, sovereignty or independence of Ukraine or to obtain a benefit from or support the Government of Russia. Namely, ALISSA is involved in carrying oil or oil products that originated in Russia from Russia to a third country."
#0049184,RUS2588,AQUARIUS II,Primary Name,9346873.0,Panama,,Oil Tanker,,,2008.0,Octans Dorne Ltd,,"Shipping sanctions: a specified ship is prohibited from being provided with access to or having its master or pilot cause it to enter a port in the UK, may have its registration on the UK Ship Register terminated, and a master or pilot of a specified ship may be given a port barring direction, a detention direction, and a port entry direction or a movement direction.","IMO 9346873 ('AQUARIUS II') is involved in activity whose object or effect is to destabilise Ukraine or undermine or threaten the territorial integrity, sovereignty or independence of Ukraine or to obtain a benefit from or support the Government of Russia. Namely, AQUARIUS II is involved in carrying oil or oil products that originated in Russia from Russia to a third country."
#0049185,RUS2589,ARABESCA,Primary Name,9288734.0,Cook Islands,,Oil Tanker,,,2005.0,PEARL CASCADE CORP,,"Shipping sanctions: a specified ship is prohibited from being provided with access to or having its master or pilot cause it to enter a port in the UK, may have its registration on the UK Ship Register terminated, and a master or pilot of a specified ship may be given a port barring direction, a detention direction, and a port entry direction or a movement direction.","IMO 9288734 ('ARABESCA') is involved in activity whose object or effect is to destabilise Ukraine or undermine or threaten the territorial integrity, sovereignty or independence of Ukraine or to obtain a benefit from or support the Government of Russia. Namely, ARABESCA is involved in carrying oil or oil products that originated in Russia from Russia to a third country."
#0049186,RUS2590,SAINT,Primary Name,9263198.0,Guinea-Bissau,,Oil Tanker,22531.0,,2004.0,Cape Gemi Isletmeciligi AS (Turkey),,"Shipping sanctions: a specified ship is prohibited from being provided with access to or having its master or pilot cause it to enter a port in the UK, may have its registration on the UK Ship Register terminated, and a master or pilot of a specified ship may be given a port barring direction, a detention direction, and a port entry direction or a movement direction.","IMO 9263198 ('SAINT') is involved in activity whose object or effect is to destabilise Ukraine or undermine or threaten the territorial integrity, sovereignty or independence of Ukraine or to obtain a benefit from or support the Government of Russia. Namely, SAINT is involved in carrying oil or oil products that originated in Russia from Russia to a third country."
#0049187,RUS2591,SANDHYA,Primary Name,9352195.0,Panama,,Oil Tanker,23304.0,,2007.0,Tunasan Shipping Inc (Mauritius),,"Shipping sanctions: a specified ship is prohibited from being provided with access to or having its master or pilot cause it to enter a port in the UK, may have its registration on the UK Ship Register terminated, and a master or pilot of a specified ship may be given a port barring direction, a detention direction, and a port entry direction or a movement direction.","IMO 9352195 ('SANDHYA') is involved in activity whose object or effect is to destabilise Ukraine or undermine or threaten the territorial integrity, sovereignty or independence of Ukraine or to obtain a benefit from or support the Government of Russia. Namely, SANDHYA is involved in carrying oil or oil products that originated in Russia from Russia to a third country."
#0049188,RUS2592,SATURN I,Primary Name,9655470.0,Panama,,,5075.0,,2013.0,Prime Shipping LLC-RUS,,"Shipping sanctions: a specified ship is prohibited from being provided with access to or having its master or pilot cause it to enter a port in the UK, may have its registration on the UK Ship Register terminated, and a master or pilot of a specified ship may be given a port barring direction, a detention direction, and a port entry direction or a movement direction.","IMO 9655470 ('SATURN I') is involved in activity whose object or effect is to destabilise Ukraine or undermine or threaten the territorial integrity, sovereignty or independence of Ukraine or to obtain a benefit from or support the Government of Russia. Namely, SATURN I is involved in carrying oil or oil products that originated in Russia from Russia to a third country."
#0049189,RUS2593,SEA MARINE 1,Primary Name,9255830.0,Vietnam,,Oil Tanker,25561.0,,2003.0,Lan Dung Sea Freight Service,,"Shipping sanctions: a specified ship is prohibited from being provided with access to or having its master or pilot cause it to enter a port in the UK, may have its registration on the UK Ship Register terminated, and a master or pilot of a specified ship may be given a port barring direction, a detention direction, and a port entry direction or a movement direction.","IMO 9255830 ('SEA MARINE 1') is involved in activity whose object or effect is to destabilise Ukraine or undermine or threaten the territorial integrity, sovereignty or independence of Ukraine or to obtain a benefit from or support the Government of Russia. Namely, IMO 9255830 is involved in carrying oil or oil products that originated in Russia from Russia to a third country."
#0049190,RUS2594,SEA MAVERICK,Primary Name,9265885.0,Sierra Leone,,Oil Tanker,30036.0,,2004.0,Prime Choice navigation ltd,,"Shipping sanctions: a specified ship is prohibited from being provided with access to or having its master or pilot cause it to enter a port in the UK, may have its registration on the UK Ship Register terminated, and a master or pilot of a specified ship may be given a port barring direction, a detention direction, and a port entry direction or a movement direction.","IMO 9265885 ('SEA MAVERICK') is and has been involved in a relevant activity as it is used for an activity whose object or effect is to destabilise Ukraine or undermine or threaten the territorial integrity, sovereignty or independence of Ukraine or to obtain a benefit from or support the Government of Russia. Namely, SEA MAVERICK is and has been used for carrying oil or oil products that originated in Russia from Russia to a third country."
#0049191,RUS2595,SEAL,Primary Name,9263186.0,Guinea-Bissau,,Oil Tanker,,,2004.0,Cape Gemi Isletmeciligi AS (Turkey),,"Shipping sanctions: a specified ship is prohibited from being provided with access to or having its master or pilot cause it to enter a port in the UK, may have its registration on the UK Ship Register terminated, and a master or pilot of a specified ship may be given a port barring direction, a detention direction, and a port entry direction or a movement direction.","IMO 9263186 ('SEAL') is involved in activity whose object or effect is to destabilise Ukraine or undermine or threaten the territorial integrity, sovereignty or independence of Ukraine or to obtain a benefit from or support the Government of Russia. Namely, SEAL is involved in carrying oil or oil products that originated in Russia from Russia to a third country."
#0049192,RUS2596,MAINI,Primary Name,9319870.0,,,,,,,Rong Yu Shipping Ltd,,"Shipping sanctions: a specified ship is prohibited from being provided with access to or having its master or pilot cause it to enter a port in the UK, may have its registration on the UK Ship Register terminated, and a master or pilot of a specified ship may be given a port barring direction, a detention direction, and a port entry direction or a movement direction.","IMO 9319870 (' MAINI ') is involved in activity whose object or effect is to destabilise Ukraine or undermine or threaten the territorial integrity, sovereignty or independence of Ukraine or to obtain a benefit from or support the Government of Russia. Namely, MAINI is involved in carrying oil or oil products that originated in Russia from Russia to a third country."
#0049193,RUS2597,SEALION I,Primary Name,9234501.0,Panama,,Oil Tanker,30770.0,,2002.0,Maxcon Marine Services Inc (UAE),,"Shipping sanctions: a specified ship is prohibited from being provided with access to or having its master or pilot cause it to enter a port in the UK, may have its registration on the UK Ship Register terminated, and a master or pilot of a specified ship may be given a port barring direction, a detention direction, and a port entry direction or a movement direction.","IMO 9234501 ('SEALION I') is involved in activity whose object or effect is to destabilise Ukraine or undermine or threaten the territorial integrity, sovereignty or independence of Ukraine or to obtain a benefit from or support the Government of Russia. Namely, SEALION I is involved in carrying oil or oil products that originated in Russia from Russia to a third country."
#0049194,RUS2598,MAISAN,Primary Name,9289776.0,,,,,,,Bagsak Shipping Inc,,"Shipping sanctions: a specified ship is prohibited from being provided with access to or having its master or pilot cause it to enter a port in the UK, may have its registration on the UK Ship Register terminated, and a master or pilot of a specified ship may be given a port barring direction, a detention direction, and a port entry direction or a movement direction.","IMO 9289776 ('MAISAN') is involved in activity whose object or effect is to destabilise Ukraine or undermine or threaten the territorial integrity, sovereignty or independence of Ukraine or to obtain a benefit from or support the Government of Russia. Namely, MAISAN is involved in carrying oil or oil products that originated in Russia from Russia to a third country."
#0049195,RUS2599,SEZAR,Primary Name,9259991.0,Panama,,Oil Tanker,,,2003.0,Cape Gemi Isletmeciligi AS,,"Shipping sanctions: a specified ship is prohibited from being provided with access to or having its master or pilot cause it to enter a port in the UK, may have its registration on the UK Ship Register terminated, and a master or pilot of a specified ship may be given a port barring direction, a detention direction, and a port entry direction or a movement direction.","IMO 9259991 ('SEZAR') is involved in activity whose object or effect is to destabilise Ukraine or undermine or threaten the territorial integrity, sovereignty or independence of Ukraine or to obtain a benefit from or support the Government of Russia. Namely, SEZAR is involved in carrying oil or oil products that originated in Russia from Russia to a third country."
#0049196,RUS2600,SHAANXI,Primary Name,9338905.0,Gabon,Greece,Oil Tanker,61473.0,,2007.0,Anemone Marine Inc,,"Shipping sanctions: a specified ship is prohibited from being provided with access to or having its master or pilot cause it to enter a port in the UK, may have its registration on the UK Ship Register terminated, and a master or pilot of a specified ship may be given a port barring direction, a detention direction, and a port entry direction or a movement direction.","IMO 9338905 ('SHAANXI') is involved in activity whose object or effect is to destabilise Ukraine or undermine or threaten the territorial integrity, sovereignty or independence of Ukraine or to obtain a benefit from or support the Government of Russia. Namely, SHAANXI is involved in carrying oil or oil products that originated in Russia from Russia to a third country."
#0049197,RUS2601,MAISHA,Primary Name,9232929.0,,,,,,,SeaSerenity Shipping Ltd,,"Shipping sanctions: a specified ship is prohibited from being provided with access to or having its master or pilot cause it to enter a port in the UK, may have its registration on the UK Ship Register terminated, and a master or pilot of a specified ship may be given a port barring direction, a detention direction, and a port entry direction or a movement direction.","IMO 9232929 ('MAISHA') is involved in activity whose object or effect is to destabilise Ukraine or undermine or threaten the territorial integrity, sovereignty or independence of Ukraine or to obtain a benefit from or support the Government of Russia. Namely, MAISHA is involved in carrying oil or oil products that originated in Russia from Russia to a third country."
#0049198,RUS2602,MARABELLA SUN,Primary Name,9323376.0,,,,,,,Clariton Shipping Ltd,,"Shipping sanctions: a specified ship is prohibited from being provided with access to or having its master or pilot cause it to enter a port in the UK, may have its registration on the UK Ship Register terminated, and a master or pilot of a specified ship may be given a port barring direction, a detention direction, and a port entry direction or a movement direction.","IMO 9323376 ('MARABELLA SUN') is involved in activity whose object or effect is to destabilise Ukraine or undermine or threaten the territorial integrity, sovereignty or independence of Ukraine or to obtain a benefit from or support the Government of Russia. Namely, MARABELLA SUN is involved in carrying oil or oil products that originated in Russia from Russia to a third country."
#0049199,RUS2603,MARBLE,Primary Name,9323974.0,,,,,,,Sunflower Marine Inc,,"Shipping sanctions: a specified ship is prohibited from being provided with access to or having its master or pilot cause it to enter a port in the UK, may have its registration on the UK Ship Register terminated, and a master or pilot of a specified ship may be given a port barring direction, a detention direction, and a port entry direction or a movement direction.","IMO 9323974 (MARBLE) is involved in activity whose object or effect is to destabilise Ukraine or undermine or threaten the territorial integrity, sovereignty or independence of Ukraine or to obtain a benefit from or support the Government of Russia. Namely, MARBLE is involved in carrying oil or oil products that originated in Russia from Russia to a third country."
#0049200,RUS2604,MD MIRANDA,Primary Name,9198290.0,,,,,,,Dory Maritime Co,,"Shipping sanctions: a specified ship is prohibited from being provided with access to or having its master or pilot cause it to enter a port in the UK, may have its registration on the UK Ship Register terminated, and a master or pilot of a specified ship may be given a port barring direction, a detention direction, and a port entry direction or a movement direction.","IMO 9198290 ('MD MIRANDA') is involved in activity whose object or effect is to destabilise Ukraine or undermine or threaten the territorial integrity, sovereignty or independence of Ukraine or to obtain a benefit from or support the Government of Russia. Namely, MD MIRANDA is involved in carrying oil or oil products that originated in Russia from Russia to a third country."
#0049201,RUS2605,MILLEROVO,Primary Name,9035541.0,,,,,,,Traveler Shipping Ltd,,"Shipping sanctions: a specified ship is prohibited from being provided with access to or having its master or pilot cause it to enter a port in the UK, may have its registration on the UK Ship Register terminated, and a master or pilot of a specified ship may be given a port barring direction, a detention direction, and a port entry direction or a movement direction.","IMO 9035541 ('MILLEROVO') is involved in activity whose object or effect is to destabilise Ukraine or undermine or threaten the territorial integrity, sovereignty or independence of Ukraine or to obtain a benefit from or support the Government of Russia. Namely, MILLEROVO is involved in carrying oil or oil products that originated in Russia from Russia to a third country."
#0049202,RUS2606,QUARTANUS,Primary Name,9247443.0,,,,,,,Golden Fleece Ship Mgmt & Op,,"Shipping sanctions: a specified ship is prohibited from being provided with access to or having its master or pilot cause it to enter a port in the UK, may have its registration on the UK Ship Register terminated, and a master or pilot of a specified ship may be given a port barring direction, a detention direction, and a port entry direction or a movement direction.","IMO 9247443 ('QUARTANUS') is involved in activity whose object or effect is to destabilise Ukraine or undermine or threaten the territorial integrity, sovereignty or independence of Ukraine or to obtain a benefit from or support the Government of Russia. Namely, QUARTANUS is involved in carrying oil or oil products that originated in Russia from Russia to a third country, or from one third country to another third country."
#0049203,RUS2607,NACHOS,Primary Name,9330604.0,,,,,,,Egemen Shipping Corp,,"Shipping sanctions: a specified ship is prohibited from being provided with access to or having its master or pilot cause it to enter a port in the UK, may have its registration on the UK Ship Register terminated, and a master or pilot of a specified ship may be given a port barring direction, a detention direction, and a port entry direction or a movement direction.","IMO 9330604 (NACHOS) is involved in activity whose object or effect is to destabilise Ukraine or undermine or threaten the territorial integrity, sovereignty or independence of Ukraine or to obtain a benefit from or support the Government of Russia. Namely, IMO 9330604 is involved in carrying oil or oil products that originated in Russia from Russia to a third country."
#0049204,RUS2608,NARCISSUS,Primary Name,9232931.0,,,,,,,Talihong Shipping Ltd,,"Shipping sanctions: a specified ship is prohibited from being provided with access to or having its master or pilot cause it to enter a port in the UK, may have its registration on the UK Ship Register terminated, and a master or pilot of a specified ship may be given a port barring direction, a detention direction, and a port entry direction or a movement direction.","IMO 9232931 ('NARCISSUS') is involved in activity whose object or effect is to destabilise Ukraine or undermine or threaten the territorial integrity, sovereignty or independence of Ukraine or to obtain a benefit from or support the Government of Russia. Namely, IMO 9232931 is involved in carrying oil or oil products that originated in Russia from Russia to a third country."
#0049205,RUS2609,NAXOS,Primary Name,9336426.0,,,,,,,ArcticTransit Maritime Ltd,,"Shipping sanctions: a specified ship is prohibited from being provided with access to or having its master or pilot cause it to enter a port in the UK, may have its registration on the UK Ship Register terminated, and a master or pilot of a specified ship may be given a port barring direction, a detention direction, and a port entry direction or a movement direction.","IMO 9336426 ('NAXOS') is involved in activity whose object or effect is to destabilise Ukraine or undermine or threaten the territorial integrity, sovereignty or independence of Ukraine or to obtain a benefit from or support the Government of Russia. Namely, NAXOS is involved in carrying oil or oil products that originated in Russia from Russia to a third country."
#0049206,RUS2610,NEON,Primary Name,9183295.0,,,,,,,Voyage Guard Shipmanagement,,"Shipping sanctions: a specified ship is prohibited from being provided with access to or having its master or pilot cause it to enter a port in the UK, may have its registration on the UK Ship Register terminated, and a master or pilot of a specified ship may be given a port barring direction, a detention direction, and a port entry direction or a movement direction.","IMO 9183295 ('NEON') is involved in activity whose object or effect is to destabilise Ukraine or undermine or threaten the territorial integrity, sovereignty or independence of Ukraine or to obtain a benefit from or support the Government of Russia. Namely, NEON is involved in carrying oil or oil products that originated in Russia from Russia to a third country."
#0049207,RUS2611,OASIS,Primary Name,9265756.0,,,,,,,Polo Maritime & Trading Inc,,"Shipping sanctions: a specified ship is prohibited from being provided with access to or having its master or pilot cause it to enter a port in the UK, may have its registration on the UK Ship Register terminated, and a master or pilot of a specified ship may be given a port barring direction, a detention direction, and a port entry direction or a movement direction.","IMO 9265756 ('OASIS') is involved in activity whose object or effect is to destabilise Ukraine or undermine or threaten the territorial integrity, sovereignty or independence of Ukraine or to obtain a benefit from or support the Government of Russia. Namely, OASIS is involved in carrying oil or oil products that originated in Russia from Russia to a third country."
#0049208,RUS2612,ODUNE,Primary Name,9229374.0,,,,,,,JUBILEE WAVES CORP,,"Shipping sanctions: a specified ship is prohibited from being provided with access to or having its master or pilot cause it to enter a port in the UK, may have its registration on the UK Ship Register terminated, and a master or pilot of a specified ship may be given a port barring direction, a detention direction, and a port entry direction or a movement direction.","IMO 9229374 ('ODUNE') is involved in activity whose object or effect is to destabilise Ukraine or undermine or threaten the territorial integrity, sovereignty or independence of Ukraine or to obtain a benefit from or support the Government of Russia. Namely, ODUNE is involved in carrying oil or oil products that originated in Russia from Russia to a third country."
#0049209,RUS2613,OLIVE,Primary Name,9318034.0,,,,,,,Charai Sea shipping Pvt. Ltd.,,"Shipping sanctions: a specified ship is prohibited from being provided with access to or having its master or pilot cause it to enter a port in the UK, may have its registration on the UK Ship Register terminated, and a master or pilot of a specified ship may be given a port barring direction, a detention direction, and a port entry direction or a movement direction.","IMO 9318034 ('OLIVE') is involved in activity whose object or effect is to destabilise Ukraine or undermine or threaten the territorial integrity, sovereignty or independence of Ukraine or to obtain a benefit from or support the Government of Russia. Nam ely, OLIVE i s involved in carrying oil or oil products that originated in Russia from Russia to a third country."
#0049210,RUS2614,PACIFICOS,Primary Name,9288930.0,,,,,,,Munai Invest LLC,,"Shipping sanctions: a specified ship is prohibited from being provided with access to or having its master or pilot cause it to enter a port in the UK, may have its registration on the UK Ship Register terminated, and a master or pilot of a specified ship may be given a port barring direction, a detention direction, and a port entry direction or a movement direction.","IMO 9288930 ('PACIFICOS') is involved in activity whose object or effect is to destabilise Ukraine or undermine or threaten the territorial integrity, sovereignty or independence of Ukraine or to obtain a benefit from or support the Government of Russia. Namely, PACIFICOS is involved in carrying oil or oil products that originated in Russia from Russia to a third country."
#0049211,RUS2615,VENGERY,Primary Name,9451642.0,Russia,,,,,2010.0,MORSEVLOGISTIC LTD,,"Shipping sanctions: a specified ship is prohibited from being provided with access to or having its master or pilot cause it to enter a port in the UK, may have its registration on the UK Ship Register terminated, and a master or pilot of a specified ship may be given a port barring direction, a detention direction, and a port entry direction or a movement direction.","IMO 9451642 ('VENGERY') is, has been, or is likely to be involved in activity whose object or effect is to obtain a benefit from or support the Government of Russia."
#0049421,RUS2642,CORTEX,Primary Name,9291250.0,Comoros,,Oil Tanker,,,2005.0,Cape Gemi Isletmeciligi AS,,"Shipping sanctions: a specified ship is prohibited from being provided with access to or having its master or pilot cause it to enter a port in the UK, may have its registration on the UK Ship Register terminated, and a master or pilot of a specified ship may be given a port barring direction, a detention direction, and a port entry direction or a movement direction.","IMO 9291250 ('CORTEX') is involved in activity whose object or effect is to destabilise Ukraine or undermine or threaten the territorial integrity, sovereignty or independence of Ukraine or to obtain a benefit from or support the Government of Russia. Namely, CORTEX is involved in carrying oil or oil products that originated in Russia from Russia to a third country."
#0049430,RUS2648,MAIN,Primary Name,9387255.0,Barbados,Marshall Islands,Oil Tanker,,,2008.0,Tokyo Gemi Isletmeciligi AS,"National Maritime Inc, Beks Tanker Isletmeciligi AS","Shipping sanctions: a specified ship is prohibited from being provided with access to or having its master or pilot cause it to enter a port in the UK, may have its registration on the UK Ship Register terminated, and a master or pilot of a specified ship may be given a port barring direction, a detention direction, and a port entry direction or a movement direction.","IMO 9387255 ('MAIN') is involved in activity whose object or effect is to destabilise Ukraine or undermine or threaten the territorial integrity, sovereignty or independence of Ukraine or to obtain a benefit from or support the Government of Russia. Namely, IMO 9387255 is involved in carrying oil or oil products that originated in Russia from Russia to a third country."
#0049465,RUS2659,OTLA,Primary Name,9299719.0,Comoros,,Oil Tanker,,,2005.0,Invest Fleet Ltd,,"Shipping sanctions: a specified ship is prohibited from being provided with access to or having its master or pilot cause it to enter a port in the UK, may have its registration on the UK Ship Register terminated, and a master or pilot of a specified ship may be given a port barring direction, a detention direction, and a port entry direction or a movement direction.","IMO 9299719 ('OTLA') is involved in activity whose object or effect is to destabilise Ukraine or undermine or threaten the territorial integrity, sovereignty or independence of Ukraine or to obtain a benefit from or support the Government of Russia. Namely, IMO 9299719 ('OTLA') is involved in carrying oil or oil products that originated in Russia from Russia to a third country."
#0049526,RUS2695,FURIA,Primary Name,9257802.0,,,Oil Tanker,,,2002.0,Whispering Willow Corp,,"Shipping sanctions: a specified ship is prohibited from being provided with access to or having its master or pilot cause it to enter a port in the UK, may have its registration on the UK Ship Register terminated, and a master or pilot of a specified ship may be given a port barring direction, a detention direction, and a port entry direction or a movement direction.","IMO 9257802 ('FURIA') is involved in activity whose object or effect is to destabilise Ukraine or undermine or threaten the territorial integrity, sovereignty or independence of Ukraine or to obtain a benefit from or support the Government of Russia. Namely, IMO 9257802 is involved in carrying oil or oil products that originated in Russia from Russia to a third country."
#0049528,RUS2697,RAGNAR,Primary Name,9384095.0,Palau,,Oil Tanker,,,2008.0,New Star Marine Limited,,"Shipping sanctions: a specified ship is prohibited from being provided with access to or having its master or pilot cause it to enter a port in the UK, may have its registration on the UK Ship Register terminated, and a master or pilot of a specified ship may be given a port barring direction, a detention direction, and a port entry direction or a movement direction.","IMO 9384095 ('RAGNAR') is involved in activity whose object or effect is to destabilise Ukraine or undermine or threaten the territorial integrity, sovereignty or independence of Ukraine or to obtain a benefit from or support the Government of Russia. Namely, IMO 9384095 is involved in carrying oil or oil products that originated in Russia from Russia to a third country."
#0049530,RUS2699,CETUS,Primary Name,9418482.0,,,Oil Tanker,,,2009.0,Tetris Associates LLC,,"Shipping sanctions: a specified ship is prohibited from being provided with access to or having its master or pilot cause it to enter a port in the UK, may have its registration on the UK Ship Register terminated, and a master or pilot of a specified ship may be given a port barring direction, a detention direction, and a port entry direction or a movement direction.","IMO 9418482 ('CETUS') is involved in activity whose object or effect is to destabilise Ukraine or undermine or threaten the territorial integrity, sovereignty or independence of Ukraine or to obtain a benefit from or support the Government of Russia. Namely, IMO 9418482 is involved in carrying oil or oil products that originated in Russia from Russia to a third country."
#0049535,RUS2704,ARABELA,Primary Name,9253313.0,Barbados,,Oil Tanker,,,2003.0,Oasis Bloom Corp,,"Shipping sanctions: a specified ship is prohibited from being provided with access to or having its master or pilot cause it to enter a port in the UK, may have its registration on the UK Ship Register terminated, and a master or pilot of a specified ship may be given a port barring direction, a detention direction, and a port entry direction or a movement direction.","IMO 9253313 ('ARABELA') is involved in activity whose object or effect is to destabilise Ukraine or undermine or threaten the territorial integrity, sovereignty or independence of Ukraine or to obtain a benefit from or support the Government of Russia. Namely, IMO 9253313 is involved in carrying oil or oil products that originated in Russia from Russia to a third country."
#0049553,RUS2709,NAUTILUS,Primary Name,9434890.0,Barbados,,Oil Tanker,,,2010.0,Winter Wind Navigation Ltd,,"Shipping sanctions: a specified ship is prohibited from being provided with access to or having its master or pilot cause it to enter a port in the UK, may have its registration on the UK Ship Register terminated, and a master or pilot of a specified ship may be given a port barring direction, a detention direction, and a port entry direction or a movement direction.","IMO 9434890 ('NAUTILUS') is involved in activity whose object or effect is to destabilise Ukraine or undermine or threaten the territorial integrity, sovereignty or independence of Ukraine or to obtain a benefit from or support the Government of Russia. Namely, IMO 9434890 is involved in carrying oil or oil products that originated in Russia from Russia to a third country."
#0049554,RUS2710,RICCA,Primary Name,9292577.0,Panama,,Oil Tanker,,,2005.0,Hung Phat Maritime Trading,,"Shipping sanctions: a specified ship is prohibited from being provided with access to or having its master or pilot cause it to enter a port in the UK, may have its registration on the UK Ship Register terminated, and a master or pilot of a specified ship may be given a port barring direction, a detention direction, and a port entry direction or a movement direction.","IMO 9292577 ('RICCA') is involved in activity whose object or effect is to destabilise Ukraine or undermine or threaten the territorial integrity, sovereignty or independence of Ukraine or to obtain a benefit from or support the Government of Russia. Namely, IMO 9292577 is involved in carrying oil or oil products that originated in Russia from Russia to a third country."
#0049557,RUS2712,TEAM,Primary Name,9292589.0,Panama,,Oil Tanker,,,2005.0,Cape Gemi Isletmeciligi AS,,"Shipping sanctions: a specified ship is prohibited from being provided with access to or having its master or pilot cause it to enter a port in the UK, may have its registration on the UK Ship Register terminated, and a master or pilot of a specified ship may be given a port barring direction, a detention direction, and a port entry direction or a movement direction.","IMO 9292589 ('TEAM') is involved in activity whose object or effect is to destabilise Ukraine or undermine or threaten the territorial integrity, sovereignty or independence of Ukraine or to obtain a benefit from or support the Government of Russia. Namely, IMO 9292589 is involved in carrying oil or oil products that originated in Russia from Russia to a third country."
#0049558,RUS2713,TORONTO,Primary Name,8808525.0,Liberia,,Oil Tanker,,,2005.0,Ascon Tankercilik AS,,"Shipping sanctions: a specified ship is prohibited from being provided with access to or having its master or pilot cause it to enter a port in the UK, may have its registration on the UK Ship Register terminated, and a master or pilot of a specified ship may be given a port barring direction, a detention direction, and a port entry direction or a movement direction.","IMO 8808525 ('TORONTO') is involved in activity whose object or effect is to destabilise Ukraine or undermine or threaten the territorial integrity, sovereignty or independence of Ukraine or to obtain a benefit from or support the Government of Russia. Namely, IMO 8808525 is involved in carrying oil or oil products that originated in Russia from Russia to a third country."
#0049559,RUS2714,NEXT,Primary Name,9286023.0,Guinea-Bissau,,Oil Tanker,,,2004.0,Cape Gemi Isletmeciligi AS,,"Shipping sanctions: a specified ship is prohibited from being provided with access to or having its master or pilot cause it to enter a port in the UK, may have its registration on the UK Ship Register terminated, and a master or pilot of a specified ship may be given a port barring direction, a detention direction, and a port entry direction or a movement direction.","IMO 9286023 ('NEXT') is involved in activity whose object or effect is to destabilise Ukraine or undermine or threaten the territorial integrity, sovereignty or independence of Ukraine or to obtain a benefit from or support the Government of Russia. Namely, IMO 9286023 is involved in carrying oil or oil products that originated in Russia from Russia to a third country."
#0049560,RUS2715,LEOPARD,Primary Name,9284594.0,Vietnam,,Oil Tanker,,,2004.0,Hung Phat Maritime Trading,,"Shipping sanctions: a specified ship is prohibited from being provided with access to or having its master or pilot cause it to enter a port in the UK, may have its registration on the UK Ship Register terminated, and a master or pilot of a specified ship may be given a port barring direction, a detention direction, and a port entry direction or a movement direction.","IMO 9284594 ('LEOPARD') is involved in activity whose object or effect is to destabilise Ukraine or undermine or threaten the territorial integrity, sovereignty or independence of Ukraine or to obtain a benefit from or support the Government of Russia. Namely, IMO 9284594 is involved in carrying oil or oil products that originated in Russia from Russia to a third country"
#0049561,RUS2716,SPRING FORTUNE,Primary Name,9386536.0,Panama,,Oil Tanker,,,2009.0,Chiwei International Group Limited,,"Shipping sanctions: a specified ship is prohibited from being provided with access to or having its master or pilot cause it to enter a port in the UK, may have its registration on the UK Ship Register terminated, and a master or pilot of a specified ship may be given a port barring direction, a detention direction, and a port entry direction or a movement direction.","IMO 9386536 ('SPRING FORTUNE') is involved in activity whose object or effect is to destabilise Ukraine or undermine or threaten the territorial integrity, sovereignty or independence of Ukraine or to obtain a benefit from or support the Government of Russia. Namely, IMO 9386536 is involved in carrying oil or oil products that originated in Russia from Russia to a third country."
#0049562,RUS2717,PIERRE,Primary Name,9266877.0,Sierra Leone,,Oil Tanker,,,2004.0,Zest Chartering Ltd,,"Shipping sanctions: a specified ship is prohibited from being provided with access to or having its master or pilot cause it to enter a port in the UK, may have its registration on the UK Ship Register terminated, and a master or pilot of a specified ship may be given a port barring direction, a detention direction, and a port entry direction or a movement direction.","IMO 9266877 ('PIERRE') is, has been, or is likely to be involved in activity whose object or effect is to destabilise Ukraine or undermine or threaten the territorial integrity, sovereignty or independence of Ukraine or to obtain a benefit from or support the Government of Russia. Namely, IMO 9266877 is involved in carrying oil or oil products that originated in Russia from Russia to a third country."
#0049564,RUS2719,JAMES II,Primary Name,9253909.0,Palau,,Oil Tanker,,,2002.0,Gama Link Tech Services Co,,"Shipping sanctions: a specified ship is prohibited from being provided with access to or having its master or pilot cause it to enter a port in the UK, may have its registration on the UK Ship Register terminated, and a master or pilot of a specified ship may be given a port barring direction, a detention direction, and a port entry direction or a movement direction.","IMO 9253909 ('JAMES II') is involved in activity whose object or effect is to destabilise Ukraine or undermine or threaten the territorial integrity, sovereignty or independence of Ukraine or to obtain a benefit from or support the Government of Russia. Namely, IMO 9253909 is involved in carrying oil or oil products that originated in Russia from Russia to a third country."
#0049565,RUS2720,LIETO,Primary Name,9389679.0,Barbados,,Oil Tanker,,,2008.0,Light Maritime Ltd,,"Shipping sanctions: a specified ship is prohibited from being provided with access to or having its master or pilot cause it to enter a port in the UK, may have its registration on the UK Ship Register terminated, and a master or pilot of a specified ship may be given a port barring direction, a detention direction, and a port entry direction or a movement direction.","IMO 9389679 ('LIETO') is involved in activity whose object or effect is to destabilise Ukraine or undermine or threaten the territorial integrity, sovereignty or independence of Ukraine or to obtain a benefit from or support the Government of Russia. Namely, IMO 9389679 is involved in carrying oil or oil products that originated in Russia from Russia to a third country."
#0049566,RUS2721,MISSONI,Primary Name,9296810.0,Panama,,Oil Tanker,,,2005.0,Polaris Shipmanagement Ltd,,"Shipping sanctions: a specified ship is prohibited from being provided with access to or having its master or pilot cause it to enter a port in the UK, may have its registration on the UK Ship Register terminated, and a master or pilot of a specified ship may be given a port barring direction, a detention direction, and a port entry direction or a movement direction.","IMO 9296810 ('MISSONI') is involved in activity whose object or effect is to destabilise Ukraine or undermine or threaten the territorial integrity, sovereignty or independence of Ukraine or to obtain a benefit from or support the Government of Russia. Namely, IMO 9296810 is involved in carrying oil or oil products that originated in Russia from Russia to a third country."
#0049592,RUS2728,ASTORIA,Primary Name,9166314.0,Russia,,Oil Tanker,,,1999.0,Trinity Shipping LLC-RUS,,"Shipping sanctions: a specified ship is prohibited from being provided with access to or having its master or pilot cause it to enter a port in the UK, may have its registration on the UK Ship Register terminated, and a master or pilot of a specified ship may be given a port barring direction, a detention direction, and a port entry direction or a movement direction.","IMO 9166314 ('ASTORIA') is involved in activity whose object or effect is to destabilise Ukraine or undermine or threaten the territorial integrity, sovereignty or independence of Ukraine or to obtain a benefit from or support the Government of Russia. Namely, ASTORIA is involved in carrying oil or oil products that originated in Russia from Russia to a third country."
#0049593,RUS2729,CHENG HE,Primary Name,9304629.0,Panama,,Oil Tanker,,,2007.0,Hengrong Shipping Limited,,"Shipping sanctions: a specified ship is prohibited from being provided with access to or having its master or pilot cause it to enter a port in the UK, may have its registration on the UK Ship Register terminated, and a master or pilot of a specified ship may be given a port barring direction, a detention direction, and a port entry direction or a movement direction.","IMO 9304629 ('CHENG HE') is involved in activity whose object or effect is to destabilise Ukraine or undermine or threaten the territorial integrity, sovereignty or independence of Ukraine or to obtain a benefit from or support the Government of Russia. Namely, CHENG HE is involved in carrying oil or oil products that originated in Russia from Russia to a third country."
#0049594,RUS2730,GOGLAND,Primary Name,9430210.0,Palau,,Oil Tanker,,,2018.0,Staksel Co Ltd,,"Shipping sanctions: a specified ship is prohibited from being provided with access to or having its master or pilot cause it to enter a port in the UK, may have its registration on the UK Ship Register terminated, and a master or pilot of a specified ship may be given a port barring direction, a detention direction, and a port entry direction or a movement direction.","IMO 9430210 ('GOGLAND') is involved in activity whose object or effect is to destabilise Ukraine or undermine or threaten the territorial integrity, sovereignty or independence of Ukraine or to obtain a benefit from or support the Government of Russia. Namely, GOGLAND is involved in carrying oil or oil products that originated in Russia from Russia to a third country."
#0049595,RUS2731,JAZZ,Primary Name,9337327.0,Panama,,Oil Tanker,,,2006.0,Sand Gemi Isletmeciligi AS,,"Shipping sanctions: a specified ship is prohibited from being provided with access to or having its master or pilot cause it to enter a port in the UK, may have its registration on the UK Ship Register terminated, and a master or pilot of a specified ship may be given a port barring direction, a detention direction, and a port entry direction or a movement direction.","IMO 9337327 ('JAZZ') is involved in activity whose object or effect is to destabilise Ukraine or undermine or threaten the territorial integrity, sovereignty or independence of Ukraine or to obtain a benefit from or support the Government of Russia. Namely, JAZZ is involved in carrying oil or oil products that originated in Russia from Russia to a third country."
#0049596,RUS2732,KYLO,Primary Name,9189146.0,Cook Islands,,Oil Tanker,,,2001.0,Kylo Shipping Inc,,"Shipping sanctions: a specified ship is prohibited from being provided with access to or having its master or pilot cause it to enter a port in the UK, may have its registration on the UK Ship Register terminated, and a master or pilot of a specified ship may be given a port barring direction, a detention direction, and a port entry direction or a movement direction.","IMO 9189146 ('KYLO') is involved in activity whose object or effect is to destabilise Ukraine or undermine or threaten the territorial integrity, sovereignty or independence of Ukraine or to obtain a benefit from or support the Government of Russia. Namely, KYLO is involved in carrying oil or oil products that originated in Russia from Russia to a third country."
#0049597,RUS2733,LEBRE,Primary Name,9255672.0,Barbados,,Oil Tanker,,,2004.0,My Fallen Ltd,,"Shipping sanctions: a specified ship is prohibited from being provided with access to or having its master or pilot cause it to enter a port in the UK, may have its registration on the UK Ship Register terminated, and a master or pilot of a specified ship may be given a port barring direction, a detention direction, and a port entry direction or a movement direction.","IMO 9255672 ('LEBRE') is involved in activity whose object or effect is to destabilise Ukraine or undermine or threaten the territorial integrity, sovereignty or independence of Ukraine or to obtain a benefit from or support the Government of Russia. Namely, LEBRE is involved in carrying oil or oil products that originated in Russia from Russia to a third country."
#0049598,RUS2734,MIRES,Primary Name,9299771.0,Sierra Leone,,Oil Tanker,,,2005.0,Ancora Voyage Ltd,,"Shipping sanctions: a specified ship is prohibited from being provided with access to or having its master or pilot cause it to enter a port in the UK, may have its registration on the UK Ship Register terminated, and a master or pilot of a specified ship may be given a port barring direction, a detention direction, and a port entry direction or a movement direction.","IMO 9299771 ('MIRES') is involved in activity whose object or effect is to destabilise Ukraine or undermine or threaten the territorial integrity, sovereignty or independence of Ukraine or to obtain a benefit from or support the Government of Russia. Namely, MIRES is involved in carrying oil or oil products that originated in Russia from Russia to a third country."
#0049599,RUS2735,OCEAN AUTUMN,Primary Name,9379052.0,Panama,,Oil Tanker,,,2009.0,Hung Phat Maritime Trading,,"Shipping sanctions: a specified ship is prohibited from being provided with access to or having its master or pilot cause it to enter a port in the UK, may have its registration on the UK Ship Register terminated, and a master or pilot of a specified ship may be given a port barring direction, a detention direction, and a port entry direction or a movement direction.","IMO 9379052 ('OCEAN AUTUMN') is involved in activity whose object or effect is to destabilise Ukraine or undermine or threaten the territorial integrity, sovereignty or independence of Ukraine or to obtain a benefit from or support the Government of Russia. Namely, OCEAN AUTUMN is involved in carrying oil or oil products that originated in Russia from Russia to a third country."
#0049600,RUS2736,PONE,Primary Name,9306562.0,Guinea-Bissau,,Oil Tanker,,,2005.0,Tokyo Gemi Isletmeciligi AS,,"Shipping sanctions: a specified ship is prohibited from being provided with access to or having its master or pilot cause it to enter a port in the UK, may have its registration on the UK Ship Register terminated, and a master or pilot of a specified ship may be given a port barring direction, a detention direction, and a port entry direction or a movement direction.","IMO 9306562 ('PONE') is involved in activity whose object or effect is to destabilise Ukraine or undermine or threaten the territorial integrity, sovereignty or independence of Ukraine or to obtain a benefit from or support the Government of Russia. Namely, PONE is involved in carrying oil or oil products that originated in Russia from Russia to a third country."
#0049601,RUS2737,UNITE,Primary Name,9308132.0,Guinea-Bissau,,Oil Tanker,,,2006.0,Sand Gemi Isletmeciligi AS,,"Shipping sanctions: a specified ship is prohibited from being provided with access to or having its master or pilot cause it to enter a port in the UK, may have its registration on the UK Ship Register terminated, and a master or pilot of a specified ship may be given a port barring direction, a detention direction, and a port entry direction or a movement direction.","IMO 9308132 ('UNITE') is involved in activity whose object or effect is to destabilise Ukraine or undermine or threaten the territorial integrity, sovereignty or independence of Ukraine or to obtain a benefit from or support the Government of Russia. Namely, UNITE is involved in carrying oil or oil products that originated in Russia from Russia to a third country."
#0049602,RUS2738,VIPER,Primary Name,9299874.0,Panama,,Oil Tanker,,,2005.0,Tokyo Gemi Isletmeciligi AS,,"Shipping sanctions: a specified ship is prohibited from being provided with access to or having its master or pilot cause it to enter a port in the UK, may have its registration on the UK Ship Register terminated, and a master or pilot of a specified ship may be given a port barring direction, a detention direction, and a port entry direction or a movement direction.","IMO 9299874 ('VIPER') is involved in activity whose object or effect is to destabilise Ukraine or undermine or threaten the territorial integrity, sovereignty or independence of Ukraine or to obtain a benefit from or support the Government of Russia. Namely, VIPER is involved in carrying oil or oil products that originated in Russia from Russia to a third country."
#0049603,RUS2740,EVITA,Primary Name,9408530.0,Barbados,,Oil Tanker,,,2008.0,Aether Craft Co Ltd,,"Shipping sanctions: a specified ship is prohibited from being provided with access to or having its master or pilot cause it to enter a port in the UK, may have its registration on the UK Ship Register terminated, and a master or pilot of a specified ship may be given a port barring direction, a detention direction, and a port entry direction or a movement direction.","IMO 9408530 ('EVITA') is involved in activity whose object or effect is to destabilise Ukraine or undermine or threaten the territorial integrity, sovereignty or independence of Ukraine or to obtain a benefit from or support the Government of Russia. Namely, EVITA is involved in carrying oil or oil products that originated in Russia from Russia to a third country."
#0049648,RUS2756,KALUGA,Primary Name,9585924.0,Russia,,Oil Tanker,,,2021.0,Trinity Shipping LLC-RUS,,"Shipping sanctions: a specified ship is prohibited from being provided with access to or having its master or pilot cause it to enter a port in the UK, may have its registration on the UK Ship Register terminated, and a master or pilot of a specified ship may be given a port barring direction, a detention direction, and a port entry direction or a movement direction.","IMO 9585924 ('KALUGA') is involved in activity whose object or effect is to destabilise Ukraine or undermine or threaten the territorial integrity, sovereignty or independence of Ukraine or to obtain a benefit from or support the Government of Russia. Namely, KALUGA is involved in carrying oil or oil products that originated in Russia from Russia to a third country."
#0049649,RUS2759,MARLIN,Primary Name,9585912.0,Russia,,Oil Tanker,,,2020.0,Trinity Shipping LLC-RUS,,"Shipping sanctions: a specified ship is prohibited from being provided with access to or having its master or pilot cause it to enter a port in the UK, may have its registration on the UK Ship Register terminated, and a master or pilot of a specified ship may be given a port barring direction, a detention direction, and a port entry direction or a movement direction.","IMO 9585912 ('MARLIN') is involved in activity whose object or effect is to destabilise Ukraine or undermine or threaten the territorial integrity, sovereignty or independence of Ukraine or to obtain a benefit from or support the Government of Russia. Namely, MARLIN is involved in carrying oil or oil products that originated in Russia from Russia to a third country."
#0049650,RUS2760,SPIRIT 2,Primary Name,9409259.0,Panama,,Oil Tanker,,,2008.0,Auburn Shipmanagement Pt Ltd,,"Shipping sanctions: a specified ship is prohibited from being provided with access to or having its master or pilot cause it to enter a port in the UK, may have its registration on the UK Ship Register terminated, and a master or pilot of a specified ship may be given a port barring direction, a detention direction, and a port entry direction or a movement direction.","IMO 9409259 ('SPIRIT 2') is involved in activity whose object or effect is to destabilise Ukraine or undermine or threaten the territorial integrity, sovereignty or independence of Ukraine or to obtain a benefit from or support the Government of Russia. Namely, SPIRIT 2 is involved in carrying oil or oil products that originated in Russia from Russia to a third country."
#0049651,RUS2762,THORIN,Primary Name,9330472.0,Panama,,Oil Tanker,,,2007.0,Noble Sphere Corp,,"Shipping sanctions: a specified ship is prohibited from being provided with access to or having its master or pilot cause it to enter a port in the UK, may have its registration on the UK Ship Register terminated, and a master or pilot of a specified ship may be given a port barring direction, a detention direction, and a port entry direction or a movement direction.","IMO 9330472 ('THORIN') is involved in activity whose object or effect is to destabilise Ukraine or undermine or threaten the territorial integrity, sovereignty or independence of Ukraine or to obtain a benefit from or support the Government of Russia. Namely, THORIN is involved in carrying oil or oil products that originated in Russia from Russia to a third country."
#0049652,RUS2763,YODAN,Primary Name,9304356.0,Barbados,,Oil Tanker,,,2005.0,Grannus Shipholding Ltd,,"Shipping sanctions: a specified ship is prohibited from being provided with access to or having its master or pilot cause it to enter a port in the UK, may have its registration on the UK Ship Register terminated, and a master or pilot of a specified ship may be given a port barring direction, a detention direction, and a port entry direction or a movement direction.","IMO 9304356 ('YODAN') is involved in activity whose object or effect is to destabilise Ukraine or undermine or threaten the territorial integrity, sovereignty or independence of Ukraine or to obtain a benefit from or support the Government of Russia. Namely, YODAN is involved in carrying oil or oil products that originated in Russia from Russia to a third country."
#0049653,RUS2764,MONTE 1,Primary Name,9297553.0,Panama,,Oil Tanker,,,2006.0,Mariam Ship Management Service,,"Shipping sanctions: a specified ship is prohibited from being provided with access to or having its master or pilot cause it to enter a port in the UK, may have its registration on the UK Ship Register terminated, and a master or pilot of a specified ship may be given a port barring direction, a detention direction, and a port entry direction or a movement direction.","IMO 9297553 ('MONTE 1') is involved in activity whose object or effect is to destabilise Ukraine or undermine or threaten the territorial integrity, sovereignty or independence of Ukraine or to obtain a benefit from or support the Government of Russia. Namely, IMO 9297553 is involved in carrying oil or oil products that originated in Russia from Russia to a third country."
#0049654,RUS2765,FELIKS,Primary Name,9459242.0,Sierra Leone,,Oil Tanker,,,2010.0,Tranquil Meadow Corp,,"Shipping sanctions: a specified ship is prohibited from being provided with access to or having its master or pilot cause it to enter a port in the UK, may have its registration on the UK Ship Register terminated, and a master or pilot of a specified ship may be given a port barring direction, a detention direction, and a port entry direction or a movement direction.","IMO 9459242 ('FELIKS') is involved in activity whose object or effect is to destabilise Ukraine or undermine or threaten the territorial integrity, sovereignty or independence of Ukraine or to obtain a benefit from or support the Government of Russia. Namely, FELIKS is involved in carrying oil or oil products that originated in Russia from Russia to a third country."
#0049655,RUS2766,JAVA,Primary Name,9298595.0,Panama,,Oil Tanker,,,2005.0,Reef Marine Group Corp,,"Shipping sanctions: a specified ship is prohibited from being provided with access to or having its master or pilot cause it to enter a port in the UK, may have its registration on the UK Ship Register terminated, and a master or pilot of a specified ship may be given a port barring direction, a detention direction, and a port entry direction or a movement direction.","IMO 9298595 ('JAVA') is involved in activity whose object or effect is to destabilise Ukraine or undermine or threaten the territorial integrity, sovereignty or independence of Ukraine or to obtain a benefit from or support the Government of Russia. Namely, IMO 9298595 is involved in carrying oil or oil products that originated in Russia from Russia to a third country."
#0049656,RUS2767,OLAF 1,Primary Name,9224465.0,Comoros,,,,,2002.0,Vigor Marine Services LLP,,"Shipping sanctions: a specified ship is prohibited from being provided with access to or having its master or pilot cause it to enter a port in the UK, may have its registration on the UK Ship Register terminated, and a master or pilot of a specified ship may be given a port barring direction, a detention direction, and a port entry direction or a movement direction.","IMO 9224465 ('Olaf 1') is, has been or is likely to be involved in activity whose object or effect is to destabilise Ukraine or undermine or threaten the territorial integrity, sovereignty or independence of Ukraine or to obtain a benefit from or support the Government of Russia. Namely, 9224465 is involved in carrying oil or oil products that originated in Russia from Russia to a third country."
#0049657,RUS2768,OKEANSKY PROSPECT,Primary Name,9866380.0,Russia,,,,,2022.0,SOVCOMFLOT,,"Shipping sanctions: a specified ship is prohibited from being provided with access to or having its master or pilot cause it to enter a port in the UK, may have its registration on the UK Ship Register terminated, and a master or pilot of a specified ship may be given a port barring direction, a detention direction, and a port entry direction or a movement direction.","IMO 9866380 ('Okeansky Prospect') is, has been or is likely to be involved in activity whose object or effect is to destabilise Ukraine or undermine or threaten the territorial integrity, sovereignty or independence of Ukraine or to obtain a benefit from or support the Government of Russia. Namely, 9866380 is involved in carrying oil or oil products that originated in Russia from Russia to a third country."
#0049658,RUS2769,OKEAN,Primary Name,9142916.0,Russia,,,,,1996.0,SAKHOYLSERVIS OOO,,"Shipping sanctions: a specified ship is prohibited from being provided with access to or having its master or pilot cause it to enter a port in the UK, may have its registration on the UK Ship Register terminated, and a master or pilot of a specified ship may be given a port barring direction, a detention direction, and a port entry direction or a movement direction.","IMO 9142916 ('Okean') is, has been or is likely to be involved in activity whose object or effect is to destabilise Ukraine or undermine or threaten the territorial integrity, sovereignty or independence of Ukraine or to obtain a benefit from or support the Government of Russia. Namely, 9142916 is involved in carrying oil or oil products that originated in Russia from Russia to a third country."
#0049659,RUS2770,ODIN,Primary Name,9151890.0,Russia,,,,,1998.0,KONTUR SPB,,"Shipping sanctions: a specified ship is prohibited from being provided with access to or having its master or pilot cause it to enter a port in the UK, may have its registration on the UK Ship Register terminated, and a master or pilot of a specified ship may be given a port barring direction, a detention direction, and a port entry direction or a movement direction.","IMO 9151890 ('Odin') is, has been or is likely to be involved in activity whose object or effect is to destabilise Ukraine or undermine or threaten the territorial integrity, sovereignty or independence of Ukraine or to obtain a benefit from or support the Government of Russia. Namely, 9151890 is involved in carrying oil or oil products that originated in Russia from Russia to a third country."
#0049660,RUS2771,NP DUDINKA,Primary Name,9183831.0,Russia,,,,,2000.0,TK NORD PROJECT LLC,,"Shipping sanctions: a specified ship is prohibited from being provided with access to or having its master or pilot cause it to enter a port in the UK, may have its registration on the UK Ship Register terminated, and a master or pilot of a specified ship may be given a port barring direction, a detention direction, and a port entry direction or a movement direction.","IMO 9183831 ('Np Dudinka') is, has been or is likely to be involved in activity whose object or effect is to destabilise Ukraine or undermine or threaten the territorial integrity, sovereignty or independence of Ukraine or to obtain a benefit from or support the Government of Russia. Namely, 9183831 is involved in carrying oil or oil products that originated in Russia from Russia to a third country."
#0049661,RUS2772,NIMBUS SPB,Primary Name,8821761.0,Russia,,,,,1991.0,LUKOIL BUNKER,,"Shipping sanctions: a specified ship is prohibited from being provided with access to or having its master or pilot cause it to enter a port in the UK, may have its registration on the UK Ship Register terminated, and a master or pilot of a specified ship may be given a port barring direction, a detention direction, and a port entry direction or a movement direction.","IMO 8821761 ('Nimbus Spb') is, has been or is likely to be involved in activity whose object or effect is to destabilise Ukraine or undermine or threaten the territorial integrity, sovereignty or independence of Ukraine or to obtain a benefit from or support the Government of Russia. Namely, 8821761 is involved in carrying oil or oil products that originated in Russia from Russia to a third country."
#0049662,RUS2774,NEW POWER,Primary Name,9266853.0,Comoros,,,,,2004.0,UVA ALBILLA GROUP LTD,,"Shipping sanctions: a specified ship is prohibited from being provided with access to or having its master or pilot cause it to enter a port in the UK, may have its registration on the UK Ship Register terminated, and a master or pilot of a specified ship may be given a port barring direction, a detention direction, and a port entry direction or a movement direction.","IMO 9266853 ('New Power') is, has been or is likely to be involved in activity whose object or effect is to destabilise Ukraine or undermine or threaten the territorial integrity, sovereignty or independence of Ukraine or to obtain a benefit from or support the Government of Russia. Namely, 9266853 is involved in carrying oil or oil products that originated in Russia from Russia to a third country."
#0049663,RUS2775,NEER 1,Primary Name,9224283.0,The Gambia,,,,,2002.0,Worthaliance Ltd,,"Shipping sanctions: a specified ship is prohibited from being provided with access to or having its master or pilot cause it to enter a port in the UK, may have its registration on the UK Ship Register terminated, and a master or pilot of a specified ship may be given a port barring direction, a detention direction, and a port entry direction or a movement direction.","IMO 9224283 ('Neer 1') is, has been or is likely to be involved in activity whose object or effect is to destabilise Ukraine or undermine or threaten the territorial integrity, sovereignty or independence of Ukraine or to obtain a benefit from or support the Government of Russia. Namely, 9224283 is involved in carrying oil or oil products that originated in Russia from Russia to a third country."
#0049664,RUS2778,EAGLE S,Primary Name,9329760.0,Cook Islands,,,,,2006.0,Caravella LLCFZ,,"Shipping sanctions: a specified ship is prohibited from being provided with access to or having its master or pilot cause it to enter a port in the UK, may have its registration on the UK Ship Register terminated, and a master or pilot of a specified ship may be given a port barring direction, a detention direction, and a port entry direction or a movement direction.","IMO 9329760 ('Eagle S') is, has been or is likely to be involved in activity whose object or effect is to destabilise Ukraine or undermine or threaten the territorial integrity, sovereignty or independence of Ukraine or to obtain a benefit from or support the Government of Russia. Namely, 9329760 is involved in carrying oil or oil products that originated in Russia from Russia to a third country."
#0049665,RUS2779,ECHO,Primary Name,9276030.0,Barbados,,,,,2004.0,Orchid Ship management LLC-FZ,,"Shipping sanctions: a specified ship is prohibited from being provided with access to or having its master or pilot cause it to enter a port in the UK, may have its registration on the UK Ship Register terminated, and a master or pilot of a specified ship may be given a port barring direction, a detention direction, and a port entry direction or a movement direction.","IMO 9276030 ('Echo') is, has been or is likely to be involved in activity whose object or effect is to destabilise Ukraine or undermine or threaten the territorial integrity, sovereignty or independence of Ukraine or to obtain a benefit from or support the Government of Russia. Namely, 9276030 is involved in carrying oil or oil products that originated in Russia from Russia to a third country."
#0049666,RUS2780,VALENTE,Primary Name,9288863.0,The Gambia,,,,,2004.0,Deniz Maritime Ltd,,"Shipping sanctions: a specified ship is prohibited from being provided with access to or having its master or pilot cause it to enter a port in the UK, may have its registration on the UK Ship Register terminated, and a master or pilot of a specified ship may be given a port barring direction, a detention direction, and a port entry direction or a movement direction.","IMO 9288863 ('Valente') is, has been or is likely to be involved in activity whose object or effect is to destabilise Ukraine or undermine or threaten the territorial integrity, sovereignty or independence of Ukraine or to obtain a benefit from or support the Government of Russia. Namely, 9288863 is involved in carrying oil or oil products that originated in Russia from Russia to a third country."
#0049667,RUS2781,EMINENT,Primary Name,9383950.0,Barbados,,,,,2009.0,Glory Shipping HK Ltd,,"Shipping sanctions: a specified ship is prohibited from being provided with access to or having its master or pilot cause it to enter a port in the UK, may have its registration on the UK Ship Register terminated, and a master or pilot of a specified ship may be given a port barring direction, a detention direction, and a port entry direction or a movement direction.","IMO 9383950 ('Eminent') is, has been or is likely to be involved in activity whose object or effect is to destabilise Ukraine or undermine or threaten the territorial integrity, sovereignty or independence of Ukraine or to obtain a benefit from or support the Government of Russia. Namely, 9383950 is involved in carrying oil or oil products that originated in Russia from Russia to a third country."
#0049668,RUS2784,ETERNAL PEACE,Primary Name,9259745.0,,,,,,2004.0,Star Ocean Shipmanage Ltd,,"Shipping sanctions: a specified ship is prohibited from being provided with access to or having its master or pilot cause it to enter a port in the UK, may have its registration on the UK Ship Register terminated, and a master or pilot of a specified ship may be given a port barring direction, a detention direction, and a port entry direction or a movement direction.","IMO 9259745 ('Eternal Peace') is, has been or is likely to be involved in activity whose object or effect is to destabilise Ukraine or undermine or threaten the territorial integrity, sovereignty or independence of Ukraine or to obtain a benefit from or support the Government of Russia. Namely, 9259745 is involved in carrying oil or oil products that originated in Russia from Russia to a third country."
#0049669,RUS2785,RANGLER,Primary Name,9206671.0,Cameroon,,Oil Tanker,,,2001.0,ETHEREAL HARBOR CORP,,"Shipping sanctions: a specified ship is prohibited from being provided with access to or having its master or pilot cause it to enter a port in the UK, may have its registration on the UK Ship Register terminated, and a master or pilot of a specified ship may be given a port barring direction, a detention direction, and a port entry direction or a movement direction.","IMO 9206671 ('Rangler') is, has been or is likely to be involved in activity whose object or effect is to destabilise Ukraine or undermine or threaten the territorial integrity, sovereignty or independence of Ukraine or to obtain a benefit from or support the Government of Russia. Namely, 9206671 is involved in carrying oil or oil products that originated in Russia from Russia to a third country."
#0049670,RUS2786,EVENTIN,Primary Name,9308065.0,,,,,,2006.0,Vaigai Lines Inc,,"Shipping sanctions: a specified ship is prohibited from being provided with access to or having its master or pilot cause it to enter a port in the UK, may have its registration on the UK Ship Register terminated, and a master or pilot of a specified ship may be given a port barring direction, a detention direction, and a port entry direction or a movement direction.","IMO 9308065 ('Eventin') is, has been or is likely to be involved in activity whose object or effect is to destabilise Ukraine or undermine or threaten the territorial integrity, sovereignty or independence of Ukraine or to obtain a benefit from or support the Government of Russia. Namely, 9308065 is involved in carrying oil or oil products that originated in Russia from Russia to a third country."
#0049671,RUS2787,MITZEL,Primary Name,9233741.0,Comoros,,,,,2003.0,FRINA EXPRESS CORP,,"Shipping sanctions: a specified ship is prohibited from being provided with access to or having its master or pilot cause it to enter a port in the UK, may have its registration on the UK Ship Register terminated, and a master or pilot of a specified ship may be given a port barring direction, a detention direction, and a port entry direction or a movement direction.","IMO 9233741 ('Mitzel') is, has been or is likely to be involved in activity whose object or effect is to destabilise Ukraine or undermine or threaten the territorial integrity, sovereignty or independence of Ukraine or to obtain a benefit from or support the Government of Russia. Namely, 9233741 is involved in carrying oil or oil products that originated in Russia from Russia to a third country."
#0049672,RUS2788,FEARLESS,Primary Name,9513139.0,Comoros,,,,,2011.0,Glory Shipping HK Ltd,,"Shipping sanctions: a specified ship is prohibited from being provided with access to or having its master or pilot cause it to enter a port in the UK, may have its registration on the UK Ship Register terminated, and a master or pilot of a specified ship may be given a port barring direction, a detention direction, and a port entry direction or a movement direction.","IMO 9513139 ('Fearless') is, has been or is likely to be involved in activity whose object or effect is to destabilise Ukraine or undermine or threaten the territorial integrity, sovereignty or independence of Ukraine or to obtain a benefit from or support the Government of Russia. Namely, 9513139 is involved in carrying oil or oil products that originated in Russia from Russia to a third country."
#0049673,RUS2789,FREDA,Primary Name,9402469.0,,,,,,2009.0,Hera Gam Ltd,,"Shipping sanctions: a specified ship is prohibited from being provided with access to or having its master or pilot cause it to enter a port in the UK, may have its registration on the UK Ship Register terminated, and a master or pilot of a specified ship may be given a port barring direction, a detention direction, and a port entry direction or a movement direction.","IMO 9402469 ('Freda') is, has been or is likely to be involved in activity whose object or effect is to destabilise Ukraine or undermine or threaten the territorial integrity, sovereignty or independence of Ukraine or to obtain a benefit from or support the Government of Russia. Namely, 9402469 is involved in carrying oil or oil products that originated in Russia from Russia to a third country."
#0049674,RUS2790,FRUNZE,Primary Name,9263643.0,,,,,,2003.0,Magic Shipping Ltd,,"Shipping sanctions: a specified ship is prohibited from being provided with access to or having its master or pilot cause it to enter a port in the UK, may have its registration on the UK Ship Register terminated, and a master or pilot of a specified ship may be given a port barring direction, a detention direction, and a port entry direction or a movement direction.","IMO 9263643 ('Frunze') is, has been or is likely to be involved in activity whose object or effect is to destabilise Ukraine or undermine or threaten the territorial integrity, sovereignty or independence of Ukraine or to obtain a benefit from or support the Government of Russia. Namely, 9263643 is involved in carrying oil or oil products that originated in Russia from Russia to a third country."
#0049675,RUS2791,FULGER,Primary Name,9326718.0,Sierra Leone,,,,,2007.0,JERMEX MARINE INC,,"Shipping sanctions: a specified ship is prohibited from being provided with access to or having its master or pilot cause it to enter a port in the UK, may have its registration on the UK Ship Register terminated, and a master or pilot of a specified ship may be given a port barring direction, a detention direction, and a port entry direction or a movement direction.","IMO 9326718 ('Fulger') is, has been or is likely to be involved in activity whose object or effect is to destabilise Ukraine or undermine or threaten the territorial integrity, sovereignty or independence of Ukraine or to obtain a benefit from or support the Government of Russia. Namely, 9326718 is involved in carrying oil or oil products that originated in Russia from Russia to a third country."
#0049676,RUS2792,GRINCH,Primary Name,9288851.0,Comoros,,,,,2004.0,CUBE VENTURES SHIPPING SA,,"Shipping sanctions: a specified ship is prohibited from being provided with access to or having its master or pilot cause it to enter a port in the UK, may have its registration on the UK Ship Register terminated, and a master or pilot of a specified ship may be given a port barring direction, a detention direction, and a port entry direction or a movement direction.","IMO 9288851 ('Grinch') is, has been or is likely to be involved in activity whose object or effect is to destabilise Ukraine or undermine or threaten the territorial integrity, sovereignty or independence of Ukraine or to obtain a benefit from or support the Government of Russia. Namely, 9288851 is involved in carrying oil or oil products that originated in Russia from Russia to a third country."
#0049677,RUS2793,ONYX,Primary Name,9236640.0,,,,,,2003.0,Avision Shipping Services Pvt,,"Shipping sanctions: a specified ship is prohibited from being provided with access to or having its master or pilot cause it to enter a port in the UK, may have its registration on the UK Ship Register terminated, and a master or pilot of a specified ship may be given a port barring direction, a detention direction, and a port entry direction or a movement direction.","IMO 9236640 ('Onyx') is, has been or is likely to be involved in activity whose object or effect is to destabilise Ukraine or undermine or threaten the territorial integrity, sovereignty or independence of Ukraine or to obtain a benefit from or support the Government of Russia. Namely, 9236640 is involved in carrying oil or oil products that originated in Russia from Russia to a third country."
#0049678,RUS2794,OSTROV RUSSKIY,Primary Name,9087714.0,Russia,,,,,1994.0,Nayada Co Ltd,,"Shipping sanctions: a specified ship is prohibited from being provided with access to or having its master or pilot cause it to enter a port in the UK, may have its registration on the UK Ship Register terminated, and a master or pilot of a specified ship may be given a port barring direction, a detention direction, and a port entry direction or a movement direction.","IMO 9087714 ('Ostrov Russkiy') is, has been or is likely to be involved in activity whose object or effect is to destabilise Ukraine or undermine or threaten the territorial integrity, sovereignty or independence of Ukraine or to obtain a benefit from or support the Government of Russia. Namely, 9087714 is involved in carrying oil or oil products that originated in Russia from Russia to a third country."
#0049679,RUS2795,PACIFIC,Primary Name,9329667.0,Comoros,,,,,2008.0,Orchid Shipmanagement LLC-FZ,,"Shipping sanctions: a specified ship is prohibited from being provided with access to or having its master or pilot cause it to enter a port in the UK, may have its registration on the UK Ship Register terminated, and a master or pilot of a specified ship may be given a port barring direction, a detention direction, and a port entry direction or a movement direction.","IMO 9329667 ('Pacific') is, has been or is likely to be involved in activity whose object or effect is to destabilise Ukraine or undermine or threaten the territorial integrity, sovereignty or independence of Ukraine or to obtain a benefit from or support the Government of Russia. Namely, 9329667 is involved in carrying oil or oil products that originated in Russia from Russia to a third country."
#0049680,RUS2797,PACIFIC 01,Primary Name,9395379.0,Panama,,,,,2008.0,Pacific Logistic & Maritime,,"Shipping sanctions: a specified ship is prohibited from being provided with access to or having its master or pilot cause it to enter a port in the UK, may have its registration on the UK Ship Register terminated, and a master or pilot of a specified ship may be given a port barring direction, a detention direction, and a port entry direction or a movement direction.","IMO 9395379 ('Pacific 01') is, has been or is likely to be involved in activity whose object or effect is to destabilise Ukraine or undermine or threaten the territorial integrity, sovereignty or independence of Ukraine or to obtain a benefit from or support the Government of Russia. Namely, 9395379 is involved in carrying oil or oil products that originated in Russia from Russia to a third country."
#0049681,RUS2798,PANDA,Primary Name,9284582.0,,,,,,2004.0,Sao Viet Petrol Transportation,,"Shipping sanctions: a specified ship is prohibited from being provided with access to or having its master or pilot cause it to enter a port in the UK, may have its registration on the UK Ship Register terminated, and a master or pilot of a specified ship may be given a port barring direction, a detention direction, and a port entry direction or a movement direction.","IMO 9284582 ('Panda') is, has been or is likely to be involved in activity whose object or effect is to destabilise Ukraine or undermine or threaten the territorial integrity, sovereignty or independence of Ukraine or to obtain a benefit from or support the Government of Russia. Namely, 9284582 is involved in carrying oil or oil products that originated in Russia from Russia to a third country."
#0049682,RUS2799,PARTIZANSK,Primary Name,8700096.0,Russia,,,,,1998.0,ULISS CO LTD,,"Shipping sanctions: a specified ship is prohibited from being provided with access to or having its master or pilot cause it to enter a port in the UK, may have its registration on the UK Ship Register terminated, and a master or pilot of a specified ship may be given a port barring direction, a detention direction, and a port entry direction or a movement direction.","IMO 8700096 ('Partizansk') is, has been or is likely to be involved in activity whose object or effect is to destabilise Ukraine or undermine or threaten the territorial integrity, sovereignty or independence of Ukraine or to obtain a benefit from or support the Government of Russia. Namely, 8700096 is involved in carrying oil or oil products that originated in Russia from Russia to a third country."
#0049683,RUS2801,PATHFINDER,Primary Name,9577094.0,Barbados,,,,,2011.0,Orchid Shipmanagement LLC-FZ,,"Shipping sanctions: a specified ship is prohibited from being provided with access to or having its master or pilot cause it to enter a port in the UK, may have its registration on the UK Ship Register terminated, and a master or pilot of a specified ship may be given a port barring direction, a detention direction, and a port entry direction or a movement direction.","IMO 9577094 ('Pathfinder') is, has been or is likely to be involved in activity whose object or effect is to destabilise Ukraine or undermine or threaten the territorial integrity, sovereignty or independence of Ukraine or to obtain a benefit from or support the Government of Russia. Namely, 9577094 is involved in carrying oil or oil products that originated in Russia from Russia to a third country."
#0049684,RUS2802,PAVEL CHERNYSH,Primary Name,9301380.0,Russia,,,,,2005.0,South Fleet Ltd,,"Shipping sanctions: a specified ship is prohibited from being provided with access to or having its master or pilot cause it to enter a port in the UK, may have its registration on the UK Ship Register terminated, and a master or pilot of a specified ship may be given a port barring direction, a detention direction, and a port entry direction or a movement direction.","IMO 9301380 ('Pavel Chernysh') is, has been or is likely to be involved in activity whose object or effect is to destabilise Ukraine or undermine or threaten the territorial integrity, sovereignty or independence of Ukraine or to obtain a benefit from or support the Government of Russia. Namely, 9301380 is involved in carrying oil or oil products that originated in Russia from Russia to a third country."
#0049685,RUS2803,PIER,Primary Name,9273442.0,Barbados,,,,,2004.0,Sand Gemi Isletmeciligi AS,,"Shipping sanctions: a specified ship is prohibited from being provided with access to or having its master or pilot cause it to enter a port in the UK, may have its registration on the UK Ship Register terminated, and a master or pilot of a specified ship may be given a port barring direction, a detention direction, and a port entry direction or a movement direction.","IMO 9273442 ('Pier') is, has been or is likely to be involved in activity whose object or effect is to destabilise Ukraine or undermine or threaten the territorial integrity, sovereignty or independence of Ukraine or to obtain a benefit from or support the Government of Russia. Namely, 9273442 is involved in carrying oil or oil products that originated in Russia from Russia to a third country."
#0049686,RUS2804,SAGA,Primary Name,9318553.0,Barbados,,,,,2006.0,Moonlight Shipmanagement LLC,,"Shipping sanctions: a specified ship is prohibited from being provided with access to or having its master or pilot cause it to enter a port in the UK, may have its registration on the UK Ship Register terminated, and a master or pilot of a specified ship may be given a port barring direction, a detention direction, and a port entry direction or a movement direction.","IMO 9318553 ('Saga') is, has been or is likely to be involved in activity whose object or effect is to destabilise Ukraine or undermine or threaten the territorial integrity, sovereignty or independence of Ukraine or to obtain a benefit from or support the Government of Russia. Namely, 9318553 is involved in carrying oil or oil products that originated in Russia from Russia to a third country."
#0049687,RUS2805,PREMIER,Primary Name,9577082.0,Comoros,,,,,2011.0,Orchid Shipmanagement LLC-FZ,,"Shipping sanctions: a specified ship is prohibited from being provided with access to or having its master or pilot cause it to enter a port in the UK, may have its registration on the UK Ship Register terminated, and a master or pilot of a specified ship may be given a port barring direction, a detention direction, and a port entry direction or a movement direction.","IMO 9577082 ('Premier') is, has been or is likely to be involved in activity whose object or effect is to destabilise Ukraine or undermine or threaten the territorial integrity, sovereignty or independence of Ukraine or to obtain a benefit from or support the Government of Russia. Namely, 9577082 is involved in carrying oil or oil products that originated in Russia from Russia to a third country."
#0049688,RUS2806,SAKINA,Primary Name,9530917.0,Comoros,,Oil Tanker,,,2013.0,Glory Shipping HK Ltd,,"Shipping sanctions: a specified ship is prohibited from being provided with access to or having its master or pilot cause it to enter a port in the UK, may have its registration on the UK Ship Register terminated, and a master or pilot of a specified ship may be given a port barring direction, a detention direction, and a port entry direction or a movement direction.","IMO 9530917 ('Sakina') is, has been or is likely to be involved in activity whose object or effect is to destabilise Ukraine or undermine or threaten the territorial integrity, sovereignty or independence of Ukraine or to obtain a benefit from or support the Government of Russia. Namely, 9530917 is involved in carrying oil or oil products that originated in Russia from Russia to a third country."
#0049689,RUS2807,SAMIRA,Primary Name,9436006.0,Comoros,,Oil Tanker,,,2009.0,Glory Shipping HK Ltd,,"Shipping sanctions: a specified ship is prohibited from being provided with access to or having its master or pilot cause it to enter a port in the UK, may have its registration on the UK Ship Register terminated, and a master or pilot of a specified ship may be given a port barring direction, a detention direction, and a port entry direction or a movement direction.","IMO 9436006 ('Samira') is, has been or is likely to be involved in activity whose object or effect is to destabilise Ukraine or undermine or threaten the territorial integrity, sovereignty or independence of Ukraine or to obtain a benefit from or support the Government of Russia. Namely, 9436006 is involved in carrying oil or oil products that originated in Russia from Russia to a third country."
#0049690,RUS2808,SAPPHIRE,Primary Name,9309576.0,Barbados,,,,,2005.0,Stream Ship Management FZCO,,"Shipping sanctions: a specified ship is prohibited from being provided with access to or having its master or pilot cause it to enter a port in the UK, may have its registration on the UK Ship Register terminated, and a master or pilot of a specified ship may be given a port barring direction, a detention direction, and a port entry direction or a movement direction.","IMO 9309576 ('Sapphire') is, has been or is likely to be involved in activity whose object or effect is to destabilise Ukraine or undermine or threaten the territorial integrity, sovereignty or independence of Ukraine or to obtain a benefit from or support the Government of Russia. Namely, 9309576 is involved in carrying oil or oil products that originated in Russia from Russia to a third country."
#0049691,RUS2809,SAKARYA,Primary Name,9524463.0,Comoros,,Oil Tanker,,,2011.0,Prominent Shipmanagement Ltd,,"Shipping sanctions: a specified ship is prohibited from being provided with access to or having its master or pilot cause it to enter a port in the UK, may have its registration on the UK Ship Register terminated, and a master or pilot of a specified ship may be given a port barring direction, a detention direction, and a port entry direction or a movement direction.","IMO 9524463 ('Sakarya') is, has been or is likely to be involved in activity whose object or effect is to destabilise Ukraine or undermine or threaten the territorial integrity, sovereignty or independence of Ukraine or to obtain a benefit from or support the Government of Russia. Namely, 9524463 is involved in carrying oil or oil products that originated in Russia from Russia to a third country."
#0049692,RUS2810,SERENADE,Primary Name,9318541.0,Comoros,,,,,2006.0,Moonlight Shipmanagement LLC,,"Shipping sanctions: a specified ship is prohibited from being provided with access to or having its master or pilot cause it to enter a port in the UK, may have its registration on the UK Ship Register terminated, and a master or pilot of a specified ship may be given a port barring direction, a detention direction, and a port entry direction or a movement direction.","IMO 9318541 ('Serenade') is, has been or is likely to be involved in activity whose object or effect is to destabilise Ukraine or undermine or threaten the territorial integrity, sovereignty or independence of Ukraine or to obtain a benefit from or support the Government of Russia. Namely, 9318541 is involved in carrying oil or oil products that originated in Russia from Russia to a third country."
#0049693,RUS2811,PRIMORYE,Primary Name,9421960.0,Russia,,,,,2009.0,SOUTH FLEET LTD,,"Shipping sanctions: a specified ship is prohibited from being provided with access to or having its master or pilot cause it to enter a port in the UK, may have its registration on the UK Ship Register terminated, and a master or pilot of a specified ship may be given a port barring direction, a detention direction, and a port entry direction or a movement direction.","IMO 9421960 ('Primorye') is, has been or is likely to be involved in activity whose object or effect is to destabilise Ukraine or undermine or threaten the territorial integrity, sovereignty or independence of Ukraine or to obtain a benefit from or support the Government of Russia. Namely, 9421960 is involved in carrying oil or oil products that originated in Russia from Russia to a third country."
#0049694,RUS2812,PRS OCEAN,Primary Name,9276561.0,The Gambia,,,,,2004.0,SEAFOAM MARINE LTD,,"Shipping sanctions: a specified ship is prohibited from being provided with access to or having its master or pilot cause it to enter a port in the UK, may have its registration on the UK Ship Register terminated, and a master or pilot of a specified ship may be given a port barring direction, a detention direction, and a port entry direction or a movement direction.","IMO 9276561 ('Prs Ocean') is, has been or is likely to be involved in activity whose object or effect is to destabilise Ukraine or undermine or threaten the territorial integrity, sovereignty or independence of Ukraine or to obtain a benefit from or support the Government of Russia. Namely, 9276561 is involved in carrying oil or oil products that originated in Russia from Russia to a third country."
#0049695,RUS2813,SHTURMAN ALBANOV,Primary Name,9752084.0,Russia,,Oil Tanker,,,2016.0,SCF TM Ltd,,"Shipping sanctions: a specified ship is prohibited from being provided with access to or having its master or pilot cause it to enter a port in the UK, may have its registration on the UK Ship Register terminated, and a master or pilot of a specified ship may be given a port barring direction, a detention direction, and a port entry direction or a movement direction.","IMO 9752084 ('Shturman Albanov') is, has been or is likely to be involved in activity whose object or effect is to destabilise Ukraine or undermine or threaten the territorial integrity, sovereignty or independence of Ukraine or to obtain a benefit from or support the Government of Russia. Namely, 9752084 is involved in carrying oil or oil products that originated in Russia from Russia to a third country."
#0049696,RUS2814,SHTURMAN SKURATOV,Primary Name,9759915.0,Russia,,Oil Tanker,,,2017.0,Gazpromneft Shipping LLC,,"Shipping sanctions: a specified ship is prohibited from being provided with access to or having its master or pilot cause it to enter a port in the UK, may have its registration on the UK Ship Register terminated, and a master or pilot of a specified ship may be given a port barring direction, a detention direction, and a port entry direction or a movement direction.","IMO 9759915 ('Shturman Skuratov') is, has been or is likely to be involved in activity whose object or effect is to destabilise Ukraine or undermine or threaten the territorial integrity, sovereignty or independence of Ukraine or to obtain a benefit from or support the Government of Russia. Namely, 9759915 is involved in carrying oil or oil products that originated in Russia from Russia to a third country."
#0049697,RUS2815,SI HE,Primary Name,9378618.0,,,,,,2008.0,Loengo Shipping & Trader Ltd,,"Shipping sanctions: a specified ship is prohibited from being provided with access to or having its master or pilot cause it to enter a port in the UK, may have its registration on the UK Ship Register terminated, and a master or pilot of a specified ship may be given a port barring direction, a detention direction, and a port entry direction or a movement direction.","IMO 9378618 ('Si He') is, has been or is likely to be involved in activity whose object or effect is to destabilise Ukraine or undermine or threaten the territorial integrity, sovereignty or independence of Ukraine or to obtain a benefit from or support the Government of Russia. Namely, 9378618 is involved in carrying oil or oil products that originated in Russia from Russia to a third country."
#0049698,RUS2816,SIKAR,Primary Name,9419137.0,Comoros,,Oil Tanker,,,2010.0,Glory Shipping HK Ltd,,"Shipping sanctions: a specified ship is prohibited from being provided with access to or having its master or pilot cause it to enter a port in the UK, may have its registration on the UK Ship Register terminated, and a master or pilot of a specified ship may be given a port barring direction, a detention direction, and a port entry direction or a movement direction.","IMO 9419137 ('Sikar') is, has been or is likely to be involved in activity whose object or effect is to destabilise Ukraine or undermine or threaten the territorial integrity, sovereignty or independence of Ukraine or to obtain a benefit from or support the Government of Russia. Namely, 9419137 is involved in carrying oil or oil products that originated in Russia from Russia to a third country."
#0049699,RUS2817,BUDDHA,Primary Name,9283306.0,Antigua and Barbuda,,,,,2004.0,SEASAILOR HOLDINGS LTD,,"Shipping sanctions: a specified ship is prohibited from being provided with access to or having its master or pilot cause it to enter a port in the UK, may have its registration on the UK Ship Register terminated, and a master or pilot of a specified ship may be given a port barring direction, a detention direction, and a port entry direction or a movement direction.","IMO 9283306 ('Buddha') is, has been or is likely to be involved in activity whose object or effect is to destabilise Ukraine or undermine or threaten the territorial integrity, sovereignty or independence of Ukraine or to obtain a benefit from or support the Government of Russia. Namely, 9283306 is involved in carrying oil or oil products that originated in Russia from Russia to a third country."
#0049700,RUS2818,CANARA,Primary Name,9411331.0,Comoros,,,,,2009.0,Prominent Shipmanagement Ltd,,"Shipping sanctions: a specified ship is prohibited from being provided with access to or having its master or pilot cause it to enter a port in the UK, may have its registration on the UK Ship Register terminated, and a master or pilot of a specified ship may be given a port barring direction, a detention direction, and a port entry direction or a movement direction.","IMO 9411331 ('Canara') is, has been or is likely to be involved in activity whose object or effect is to destabilise Ukraine or undermine or threaten the territorial integrity, sovereignty or independence of Ukraine or to obtain a benefit from or support the Government of Russia. Namely, 9411331 is involved in carrying oil or oil products that originated in Russia from Russia to a third country."
#0049701,RUS2819,CANGJIE,Primary Name,9299680.0,India,,,,,2005.0,OZEEVO SHIPPING IFSC PVT LTD,,"Shipping sanctions: a specified ship is prohibited from being provided with access to or having its master or pilot cause it to enter a port in the UK, may have its registration on the UK Ship Register terminated, and a master or pilot of a specified ship may be given a port barring direction, a detention direction, and a port entry direction or a movement direction.","IMO 9299680 ('Cangjie') is, has been or is likely to be involved in activity whose object or effect is to destabilise Ukraine or undermine or threaten the territorial integrity, sovereignty or independence of Ukraine or to obtain a benefit from or support the Government of Russia. Namely, 9299680 is involved in carrying oil or oil products that originated in Russia from Russia to a third country."
#0049702,RUS2820,KAPITAN KOSTICHEV,Primary Name,9301392.0,Russia,,,,,2005.0,Nova Shipmanagement LLC-FZ,,"Shipping sanctions: a specified ship is prohibited from being provided with access to or having its master or pilot cause it to enter a port in the UK, may have its registration on the UK Ship Register terminated, and a master or pilot of a specified ship may be given a port barring direction, a detention direction, and a port entry direction or a movement direction.","IMO 9301392 ('Kapitan Kostichev') is, has been or is likely to be involved in activity whose object or effect is to destabilise Ukraine or undermine or threaten the territorial integrity, sovereignty or independence of Ukraine or to obtain a benefit from or support the Government of Russia. Namely, 9301392 is involved in carrying oil or oil products that originated in Russia from Russia to a third country."
#0049703,RUS2821,ARIA,Primary Name,9327360.0,,,,,,2006.0,Maritime Ship Trade Co,,"Shipping sanctions: a specified ship is prohibited from being provided with access to or having its master or pilot cause it to enter a port in the UK, may have its registration on the UK Ship Register terminated, and a master or pilot of a specified ship may be given a port barring direction, a detention direction, and a port entry direction or a movement direction.","IMO 9327360 ('Aria') is, has been or is likely to be involved in activity whose object or effect is to destabilise Ukraine or undermine or threaten the territorial integrity, sovereignty or independence of Ukraine or to obtain a benefit from or support the Government of Russia. Namely, 9327360 is involved in carrying oil or oil products that originated in Russia from Russia to a third country."
#0049704,RUS2822,CENTURION,Primary Name,9380673.0,Sierra Leone,,,,,2008.0,Cascade Collective Corp,,"Shipping sanctions: a specified ship is prohibited from being provided with access to or having its master or pilot cause it to enter a port in the UK, may have its registration on the UK Ship Register terminated, and a master or pilot of a specified ship may be given a port barring direction, a detention direction, and a port entry direction or a movement direction.","IMO 9380673 ('Centurion') is, has been or is likely to be involved in activity whose object or effect is to destabilise Ukraine or undermine or threaten the territorial integrity, sovereignty or independence of Ukraine or to obtain a benefit from or support the Government of Russia. Namely, 9380673 is involved in carrying oil or oil products that originated in Russia from Russia to a third country."
#0049705,RUS2823,CILICIA,Primary Name,9171175.0,Russia,,,,,2000.0,,RP-SHIPPING LLC,"Shipping sanctions: a specified ship is prohibited from being provided with access to or having its master or pilot cause it to enter a port in the UK, may have its registration on the UK Ship Register terminated, and a master or pilot of a specified ship may be given a port barring direction, a detention direction, and a port entry direction or a movement direction.","IMO 9171175 ('Cilicia') is, has been or is likely to be involved in activity whose object or effect is to destabilise Ukraine or undermine or threaten the territorial integrity, sovereignty or independence of Ukraine or to obtain a benefit from or support the Government of Russia. Namely, 9171175 is involved in carrying oil or oil products that originated in Russia from Russia to a third country."
#0049706,RUS2824,CINDY,Primary Name,9270517.0,Barbados,,,,,2003.0,ANAHITA SHIPPING LTD,,"Shipping sanctions: a specified ship is prohibited from being provided with access to or having its master or pilot cause it to enter a port in the UK, may have its registration on the UK Ship Register terminated, and a master or pilot of a specified ship may be given a port barring direction, a detention direction, and a port entry direction or a movement direction.","IMO 9270517 ('Cindy') is, has been or is likely to be involved in activity whose object or effect is to destabilise Ukraine or undermine or threaten the territorial integrity, sovereignty or independence of Ukraine or to obtain a benefit from or support the Government of Russia. Namely, 9270517 is involved in carrying oil or oil products that originated in Russia from Russia to a third country."
#0049707,RUS2825,DANSHUI,Primary Name,9589750.0,Comoros,,,,,2011.0,HAIMA SHIPPING LTD,,"Shipping sanctions: a specified ship is prohibited from being provided with access to or having its master or pilot cause it to enter a port in the UK, may have its registration on the UK Ship Register terminated, and a master or pilot of a specified ship may be given a port barring direction, a detention direction, and a port entry direction or a movement direction.","IMO 9589750 ('Danshui') is, has been or is likely to be involved in activity whose object or effect is to destabilise Ukraine or undermine or threaten the territorial integrity, sovereignty or independence of Ukraine or to obtain a benefit from or support the Government of Russia. Namely, 9589750 is involved in carrying oil or oil products that originated in Russia from Russia to a third country."
#0049708,RUS2826,DESTAMAR,Primary Name,9253894.0,Antigua and Barbuda,,,,,2002.0,WAVEVOYAGE VENTURES LTD,,"Shipping sanctions: a specified ship is prohibited from being provided with access to or having its master or pilot cause it to enter a port in the UK, may have its registration on the UK Ship Register terminated, and a master or pilot of a specified ship may be given a port barring direction, a detention direction, and a port entry direction or a movement direction.","IMO 9253894 ('Destamar') is, has been or is likely to be involved in activity whose object or effect is to destabilise Ukraine or undermine or threaten the territorial integrity, sovereignty or independence of Ukraine or to obtain a benefit from or support the Government of Russia. Namely, 9253894 is involved in carrying oil or oil products that originated in Russia from Russia to a third country."
#0049709,RUS2827,DEYNA,Primary Name,9299903.0,,,,,,2005.0,Sino Ship Management Co Ltd,,"Shipping sanctions: a specified ship is prohibited from being provided with access to or having its master or pilot cause it to enter a port in the UK, may have its registration on the UK Ship Register terminated, and a master or pilot of a specified ship may be given a port barring direction, a detention direction, and a port entry direction or a movement direction.","IMO 9299903 ('Deyna') is, has been or is likely to be involved in activity whose object or effect is to destabilise Ukraine or undermine or threaten the territorial integrity, sovereignty or independence of Ukraine or to obtain a benefit from or support the Government of Russia. Namely, 9299903 is involved in carrying oil or oil products that originated in Russia from Russia to a third country."
#0049710,RUS2828,DMITRY POKROVSKY,Primary Name,9683726.0,Russia,,,,,2014.0,VOLGOTRANS,,"Shipping sanctions: a specified ship is prohibited from being provided with access to or having its master or pilot cause it to enter a port in the UK, may have its registration on the UK Ship Register terminated, and a master or pilot of a specified ship may be given a port barring direction, a detention direction, and a port entry direction or a movement direction.","IMO 9683726 ('Dmitry Pokrovsky') is, has been or is likely to be involved in activity whose object or effect is to destabilise Ukraine or undermine or threaten the territorial integrity, sovereignty or independence of Ukraine or to obtain a benefit from or support the Government of Russia. Namely, 9683726 is involved in carrying oil or oil products that originated in Russia from Russia to a third country."
#0049711,RUS2829,KATIUSKA,Primary Name,9236004.0,Panama,,Oil Tanker,,,2002.0,Elite Marine Ship Management,,"Shipping sanctions: a specified ship is prohibited from being provided with access to or having its master or pilot cause it to enter a port in the UK, may have its registration on the UK Ship Register terminated, and a master or pilot of a specified ship may be given a port barring direction, a detention direction, and a port entry direction or a movement direction.","IMO 9236004 ('Katiuska') is, has been or is likely to be involved in activity whose object or effect is to destabilise Ukraine or undermine or threaten the territorial integrity, sovereignty or independence of Ukraine or to obtain a benefit from or support the Government of Russia. Namely, 9236004 is involved in carrying oil or oil products that originated in Russia from Russia to a third country."
#0049712,RUS2830,KAZAN,Primary Name,9258002.0,Russia,,Oil Tanker,,,2003.0,Invest Fleet Ltd,,"Shipping sanctions: a specified ship is prohibited from being provided with access to or having its master or pilot cause it to enter a port in the UK, may have its registration on the UK Ship Register terminated, and a master or pilot of a specified ship may be given a port barring direction, a detention direction, and a port entry direction or a movement direction.","IMO 9258002 ('Kazan') is, has been or is likely to be involved in activity whose object or effect is to destabilise Ukraine or undermine or threaten the territorial integrity, sovereignty or independence of Ukraine or to obtain a benefit from or support the Government of Russia. Namely, 9258002 is involved in carrying oil or oil products that originated in Russia from Russia to a third country."
#0049713,RUS2831,KOEN,Primary Name,9199127.0,,,,,,2000.0,Lucky Union Marine Ltd,,"Shipping sanctions: a specified ship is prohibited from being provided with access to or having its master or pilot cause it to enter a port in the UK, may have its registration on the UK Ship Register terminated, and a master or pilot of a specified ship may be given a port barring direction, a detention direction, and a port entry direction or a movement direction.","IMO 9199127 ('Koen') is, has been or is likely to be involved in activity whose object or effect is to destabilise Ukraine or undermine or threaten the territorial integrity, sovereignty or independence of Ukraine or to obtain a benefit from or support the Government of Russia. Namely, 9199127 is involved in carrying oil or oil products that originated in Russia from Russia to a third country."
#0049714,RUS2832,KORD ATLANTIC,Primary Name,9299161.0,Russia,,Oil Tanker,,,2004.0,Kord-Bunker Co Ltd,,"Shipping sanctions: a specified ship is prohibited from being provided with access to or having its master or pilot cause it to enter a port in the UK, may have its registration on the UK Ship Register terminated, and a master or pilot of a specified ship may be given a port barring direction, a detention direction, and a port entry direction or a movement direction.","IMO 9299161 ('Kord Atlantic') is, has been or is likely to be involved in activity whose object or effect is to destabilise Ukraine or undermine or threaten the territorial integrity, sovereignty or independence of Ukraine or to obtain a benefit from or support the Government of Russia. Namely, 9299161 is involved in carrying oil or oil products that originated in Russia from Russia to a third country."
#0049715,RUS2833,PRUDENCE,Primary Name,9271585.0,Comoros,,Oil Tanker,,,2004.0,YO SHUI MARINE LTD,,"Shipping sanctions: a specified ship is prohibited from being provided with access to or having its master or pilot cause it to enter a port in the UK, may have its registration on the UK Ship Register terminated, and a master or pilot of a specified ship may be given a port barring direction, a detention direction, and a port entry direction or a movement direction.","IMO 9271585 ('PRUDENCE') is, has been or is likely to be involved in activity whose object or effect is to destabilise Ukraine or undermine or threaten the territorial integrity, sovereignty or independence of Ukraine or to obtain a benefit from or support the Government of Russia. Namely, 9271585 is involved in carrying oil or oil products that originated in Russia from Russia to a third country."
#0049716,RUS2834,KRUGER,Primary Name,9412995.0,,,,,,2009.0,HEMSWORTH LOGISTICS FZE,,"Shipping sanctions: a specified ship is prohibited from being provided with access to or having its master or pilot cause it to enter a port in the UK, may have its registration on the UK Ship Register terminated, and a master or pilot of a specified ship may be given a port barring direction, a detention direction, and a port entry direction or a movement direction.","IMO 9412995 ('Kruger') is, has been or is likely to be involved in activity whose object or effect is to destabilise Ukraine or undermine or threaten the territorial integrity, sovereignty or independence of Ukraine or to obtain a benefit from or support the Government of Russia. Namely, 9412995 is involved in carrying oil or oil products that originated in Russia from Russia to a third country."
#0049717,RUS2835,KRYMSK,Primary Name,9270529.0,Russia,,Oil Tanker,,,2003.0,Invest Fleet Ltd,,"Shipping sanctions: a specified ship is prohibited from being provided with access to or having its master or pilot cause it to enter a port in the UK, may have its registration on the UK Ship Register terminated, and a master or pilot of a specified ship may be given a port barring direction, a detention direction, and a port entry direction or a movement direction.","IMO 9270529 ('Krymsk') is, has been or is likely to be involved in activity whose object or effect is to destabilise Ukraine or undermine or threaten the territorial integrity, sovereignty or independence of Ukraine or to obtain a benefit from or support the Government of Russia. Namely, 9270529 is involved in carrying oil or oil products that originated in Russia from Russia to a third country."
#0049718,RUS2836,KUPAVA,Primary Name,9749154.0,Russia,,Oil Tanker,,,2017.0,MAZK MANAGEMENT LLC,,"Shipping sanctions: a specified ship is prohibited from being provided with access to or having its master or pilot cause it to enter a port in the UK, may have its registration on the UK Ship Register terminated, and a master or pilot of a specified ship may be given a port barring direction, a detention direction, and a port entry direction or a movement direction.","IMO 9749154 ('Kupava') is, has been or is likely to be involved in activity whose object or effect is to destabilise Ukraine or undermine or threaten the territorial integrity, sovereignty or independence of Ukraine or to obtain a benefit from or support the Government of Russia. Namely, 9749154 is involved in carrying oil or oil products that originated in Russia from Russia to a third country."
#0049719,RUS2837,LIGOVSKY PROSPECT,Primary Name,9256066.0,Russia,,Oil Tanker,,,2003.0,SOUTH FLEET LTD,,"Shipping sanctions: a specified ship is prohibited from being provided with access to or having its master or pilot cause it to enter a port in the UK, may have its registration on the UK Ship Register terminated, and a master or pilot of a specified ship may be given a port barring direction, a detention direction, and a port entry direction or a movement direction.","IMO 9256066 ('Ligovsky Prospect') is, has been or is likely to be involved in activity whose object or effect is to destabilise Ukraine or undermine or threaten the territorial integrity, sovereignty or independence of Ukraine or to obtain a benefit from or support the Government of Russia. Namely, 9256066 is involved in carrying oil or oil products that originated in Russia from Russia to a third country."
#0049720,RUS2838,LILY,Primary Name,9294331.0,Panama,,Oil Tanker,,,2005.0,CONFIDENT APEX LTD,,"Shipping sanctions: a specified ship is prohibited from being provided with access to or having its master or pilot cause it to enter a port in the UK, may have its registration on the UK Ship Register terminated, and a master or pilot of a specified ship may be given a port barring direction, a detention direction, and a port entry direction or a movement direction.","IMO 9294331 ('Lily') is, has been or is likely to be involved in activity whose object or effect is to destabilise Ukraine or undermine or threaten the territorial integrity, sovereignty or independence of Ukraine or to obtain a benefit from or support the Government of Russia. Namely, 9294331 is involved in carrying oil or oil products that originated in Russia from Russia to a third country."
#0049721,RUS2839,NS LEADER,Primary Name,9339301.0,Russia,,Oil Tanker,,,2007.0,Invest Fleet Ltd,,"Shipping sanctions: a specified ship is prohibited from being provided with access to or having its master or pilot cause it to enter a port in the UK, may have its registration on the UK Ship Register terminated, and a master or pilot of a specified ship may be given a port barring direction, a detention direction, and a port entry direction or a movement direction.","IMO 9339301 ('NS Leader') is, has been or is likely to be involved in activity whose object or effect is to destabilise Ukraine or undermine or threaten the territorial integrity, sovereignty or independence of Ukraine or to obtain a benefit from or support the Government of Russia. Namely, 9339301 is involved in carrying oil or oil products that originated in Russia from Russia to a third country."
#0049722,RUS2840,LONG BAI,Primary Name,9388754.0,,,,,,2008.0,XINGFU HAI SHIPPING LTD,,"Shipping sanctions: a specified ship is prohibited from being provided with access to or having its master or pilot cause it to enter a port in the UK, may have its registration on the UK Ship Register terminated, and a master or pilot of a specified ship may be given a port barring direction, a detention direction, and a port entry direction or a movement direction.","IMO 9388754 ('Long Bai') is, has been or is likely to be involved in activity whose object or effect is to destabilise Ukraine or undermine or threaten the territorial integrity, sovereignty or independence of Ukraine or to obtain a benefit from or support the Government of Russia. Namely, 9388754 is involved in carrying oil or oil products that originated in Russia from Russia to a third country."
#0049723,RUS2841,LUNAR TIDE,Primary Name,9277735.0,,,,,,2004.0,WEST MARITIME SERVICES AND TRADING INC,,"Shipping sanctions: a specified ship is prohibited from being provided with access to or having its master or pilot cause it to enter a port in the UK, may have its registration on the UK Ship Register terminated, and a master or pilot of a specified ship may be given a port barring direction, a detention direction, and a port entry direction or a movement direction.","IMO 9277735 ('Lunar Tide') is, has been or is likely to be involved in activity whose object or effect is to destabilise Ukraine or undermine or threaten the territorial integrity, sovereignty or independence of Ukraine or to obtain a benefit from or support the Government of Russia. Namely, 9277735 is involved in carrying oil or oil products that originated in Russia from Russia to a third country."
#0049724,RUS2842,LYRA,Primary Name,9314088.0,,,,,,2004.0,Coureage Co Ltd,,"Shipping sanctions: a specified ship is prohibited from being provided with access to or having its master or pilot cause it to enter a port in the UK, may have its registration on the UK Ship Register terminated, and a master or pilot of a specified ship may be given a port barring direction, a detention direction, and a port entry direction or a movement direction.","IMO 9314088 ('Lyra') is, has been or is likely to be involved in activity whose object or effect is to destabilise Ukraine or undermine or threaten the territorial integrity, sovereignty or independence of Ukraine or to obtain a benefit from or support the Government of Russia. Namely, 9314088 is involved in carrying oil or oil products that originated in Russia from Russia to a third country."
#0049725,RUS2843,SEABASS,Primary Name,9266750.0,Barbados,,,,,2004.0,Lidoil DMCC,,"Shipping sanctions: a specified ship is prohibited from being provided with access to or having its master or pilot cause it to enter a port in the UK, may have its registration on the UK Ship Register terminated, and a master or pilot of a specified ship may be given a port barring direction, a detention direction, and a port entry direction or a movement direction.","IMO 9266750 ('Seabass') is, has been or is likely to be involved in activity whose object or effect is to destabilise Ukraine or undermine or threaten the territorial integrity, sovereignty or independence of Ukraine or to obtain a benefit from or support the Government of Russia. Namely, 9266750 is involved in carrying oil or oil products that originated in Russia from Russia to a third country."
#0049726,RUS2844,MAKALU,Primary Name,9314105.0,Comoros,,,,,2005.0,DOUBLE HARMONY MARINE CORP,,"Shipping sanctions: a specified ship is prohibited from being provided with access to or having its master or pilot cause it to enter a port in the UK, may have its registration on the UK Ship Register terminated, and a master or pilot of a specified ship may be given a port barring direction, a detention direction, and a port entry direction or a movement direction.","IMO 9314105 ('Makalu') is, has been or is likely to be involved in activity whose object or effect is to destabilise Ukraine or undermine or threaten the territorial integrity, sovereignty or independence of Ukraine or to obtain a benefit from or support the Government of Russia. Namely, 9314105 is involved in carrying oil or oil products that originated in Russia from Russia to a third country."
#0049727,RUS2845,MALAK,Primary Name,9378632.0,Comoros,,,,,2009.0,CHENG SHIPPING & TRADER LTD,,"Shipping sanctions: a specified ship is prohibited from being provided with access to or having its master or pilot cause it to enter a port in the UK, may have its registration on the UK Ship Register terminated, and a master or pilot of a specified ship may be given a port barring direction, a detention direction, and a port entry direction or a movement direction.","IMO 9378632 ('Malak') is, has been or is likely to be involved in activity whose object or effect is to destabilise Ukraine or undermine or threaten the territorial integrity, sovereignty or independence of Ukraine or to obtain a benefit from or support the Government of Russia. Namely, 9378632 is involved in carrying oil or oil products that originated in Russia from Russia to a third country."
#0049728,RUS2846,MANTA,Primary Name,9424651.0,Sierra Leone,,,,,2009.0,SOFT BREEZE NAVIGATION CORP,,"Shipping sanctions: a specified ship is prohibited from being provided with access to or having its master or pilot cause it to enter a port in the UK, may have its registration on the UK Ship Register terminated, and a master or pilot of a specified ship may be given a port barring direction, a detention direction, and a port entry direction or a movement direction.","IMO 9424651 ('Manta') is, has been or is likely to be involved in activity whose object or effect is to destabilise Ukraine or undermine or threaten the territorial integrity, sovereignty or independence of Ukraine or to obtain a benefit from or support the Government of Russia. Namely, 9424651 is involved in carrying oil or oil products that originated in Russia from Russia to a third country."
#0049729,RUS2847,MERCURY,Primary Name,9321706.0,Gabon,,,,,2006.0,GESSI MARITIME CORP,,"Shipping sanctions: a specified ship is prohibited from being provided with access to or having its master or pilot cause it to enter a port in the UK, may have its registration on the UK Ship Register terminated, and a master or pilot of a specified ship may be given a port barring direction, a detention direction, and a port entry direction or a movement direction.","IMO 9321706 ('Mercury') is, has been or is likely to be involved in activity whose object or effect is to destabilise Ukraine or undermine or threaten the territorial integrity, sovereignty or independence of Ukraine or to obtain a benefit from or support the Government of Russia. Namely, 9321706 is involved in carrying oil or oil products that originated in Russia from Russia to a third country."
#0049730,RUS2848,XANTHOS EOS,Primary Name,9231212.0,,,,,,2002.0,MERLUZA GROUP LTD,,"Shipping sanctions: a specified ship is prohibited from being provided with access to or having its master or pilot cause it to enter a port in the UK, may have its registration on the UK Ship Register terminated, and a master or pilot of a specified ship may be given a port barring direction, a detention direction, and a port entry direction or a movement direction.","IMO 9231212 ('Xanthos Eos') is, has been or is likely to be involved in activity whose object or effect is to destabilise Ukraine or undermine or threaten the territorial integrity, sovereignty or independence of Ukraine or to obtain a benefit from or support the Government of Russia. Namely, 9231212 is involved in carrying oil or oil products that originated in Russia from Russia to a third country."
#0049731,RUS2849,MEROPE,Primary Name,9281891.0,,,,,,2003.0,Shanghai Future Ship Mgmt Co,,"Shipping sanctions: a specified ship is prohibited from being provided with access to or having its master or pilot cause it to enter a port in the UK, may have its registration on the UK Ship Register terminated, and a master or pilot of a specified ship may be given a port barring direction, a detention direction, and a port entry direction or a movement direction.","IMO 9281891 ('Merope') is, has been or is likely to be involved in activity whose object or effect is to destabilise Ukraine or undermine or threaten the territorial integrity, sovereignty or independence of Ukraine or to obtain a benefit from or support the Government of Russia. Namely, 9281891 is involved in carrying oil or oil products that originated in Russia from Russia to a third country."
#0049732,RUS2850,MERU,Primary Name,9187227.0,Comoros,,,,,2000.0,HARMONY GROVE CORP,,"Shipping sanctions: a specified ship is prohibited from being provided with access to or having its master or pilot cause it to enter a port in the UK, may have its registration on the UK Ship Register terminated, and a master or pilot of a specified ship may be given a port barring direction, a detention direction, and a port entry direction or a movement direction.","IMO 9187227 ('Meru') is, has been or is likely to be involved in activity whose object or effect is to destabilise Ukraine or undermine or threaten the territorial integrity, sovereignty or independence of Ukraine or to obtain a benefit from or support the Government of Russia. Namely, 9187227 is involved in carrying oil or oil products that originated in Russia from Russia to a third country."
#0049733,RUS2851,MIN HANG,Primary Name,9257137.0,,,,,,2003.0,Shanghai Legendary Ship Mgmt,,"Shipping sanctions: a specified ship is prohibited from being provided with access to or having its master or pilot cause it to enter a port in the UK, may have its registration on the UK Ship Register terminated, and a master or pilot of a specified ship may be given a port barring direction, a detention direction, and a port entry direction or a movement direction.","IMO 9257137 ('Min Hang') is, has been or is likely to be involved in activity whose object or effect is to destabilise Ukraine or undermine or threaten the territorial integrity, sovereignty or independence of Ukraine or to obtain a benefit from or support the Government of Russia. Namely, 9257137 is involved in carrying oil or oil products that originated in Russia from Russia to a third country."
#0049734,RUS2852,AGNI,Primary Name,9337389.0,Comoros,,,,,2007.0,Oceanlink Maritime DMCC,,"Shipping sanctions: a specified ship is prohibited from being provided with access to or having its master or pilot cause it to enter a port in the UK, may have its registration on the UK Ship Register terminated, and a master or pilot of a specified ship may be given a port barring direction, a detention direction, and a port entry direction or a movement direction.","IMO 9337389 ('Agni') is, has been or is likely to be involved in activity whose object or effect is to destabilise Ukraine or undermine or threaten the territorial integrity, sovereignty or independence of Ukraine or to obtain a benefit from or support the Government of Russia. Namely, 9337389 is involved in carrying oil or oil products that originated in Russia from Russia to a third country."
#0049735,RUS2853,AKADEMIC GUBKIN,Primary Name,9842190.0,,,,,,2023.0,ROSNEFTEFLOT JSC,,"Shipping sanctions: a specified ship is prohibited from being provided with access to or having its master or pilot cause it to enter a port in the UK, may have its registration on the UK Ship Register terminated, and a master or pilot of a specified ship may be given a port barring direction, a detention direction, and a port entry direction or a movement direction.","IMO 9842190 ('Akademik Gubkin') is, has been or is likely to be involved in activity whose object or effect is to destabilise Ukraine or undermine or threaten the territorial integrity, sovereignty or independence of Ukraine or to obtain a benefit from or support the Government of Russia. Namely, 9842190 is involved in carrying oil or oil products that originated in Russia from Russia to a third country."
#0049736,RUS2854,ALMOND,Primary Name,9385142.0,Comoros,,,,,2009.0,Orchid Shipmanagement LLC-FZ,,"Shipping sanctions: a specified ship is prohibited from being provided with access to or having its master or pilot cause it to enter a port in the UK, may have its registration on the UK Ship Register terminated, and a master or pilot of a specified ship may be given a port barring direction, a detention direction, and a port entry direction or a movement direction.","IMO 9385142 ('Almond') is, has been or is likely to be involved in activity whose object or effect is to destabilise Ukraine or undermine or threaten the territorial integrity, sovereignty or independence of Ukraine or to obtain a benefit from or support the Government of Russia. Namely, 9385142 is involved in carrying oil or oil products that originated in Russia from Russia to a third country."
#0049737,RUS2855,AMBER 6,Primary Name,9235713.0,,,,,,2003.0,Degonia Co Ltd,,"Shipping sanctions: a specified ship is prohibited from being provided with access to or having its master or pilot cause it to enter a port in the UK, may have its registration on the UK Ship Register terminated, and a master or pilot of a specified ship may be given a port barring direction, a detention direction, and a port entry direction or a movement direction.","IMO 9235713 ('Amber 6') is, has been or is likely to be involved in activity whose object or effect is to destabilise Ukraine or undermine or threaten the territorial integrity, sovereignty or independence of Ukraine or to obtain a benefit from or support the Government of Russia. Namely, 9235713 is involved in carrying oil or oil products that originated in Russia from Russia to a third country."
#0049738,RUS2856,AQUATICA,Primary Name,9299769.0,Comoros,,,,,2005.0,Celestial Star Corp,,"Shipping sanctions: a specified ship is prohibited from being provided with access to or having its master or pilot cause it to enter a port in the UK, may have its registration on the UK Ship Register terminated, and a master or pilot of a specified ship may be given a port barring direction, a detention direction, and a port entry direction or a movement direction.","IMO 9299769 ('Aquatica') is, has been or is likely to be involved in activity whose object or effect is to destabilise Ukraine or undermine or threaten the territorial integrity, sovereignty or independence of Ukraine or to obtain a benefit from or support the Government of Russia. Namely, 9299769 is involved in carrying oil or oil products that originated in Russia from Russia to a third country."
#0049739,RUS2857,ARIADNE,Primary Name,9397547.0,Barbados,,,,,2008.0,Fornax Ship Management,,"Shipping sanctions: a specified ship is prohibited from being provided with access to or having its master or pilot cause it to enter a port in the UK, may have its registration on the UK Ship Register terminated, and a master or pilot of a specified ship may be given a port barring direction, a detention direction, and a port entry direction or a movement direction.","IMO 9397547 ('Ariadne') is, has been or is likely to be involved in activity whose object or effect is to destabilise Ukraine or undermine or threaten the territorial integrity, sovereignty or independence of Ukraine or to obtain a benefit from or support the Government of Russia. Namely, 9397547 is involved in carrying oil or oil products that originated in Russia from Russia to a third country."
#0049740,RUS2858,ARNO BABAJANYAN,Primary Name,9163764.0,Russia,,,,,1999.0,Morskoy Standart-Bunker LLC,,"Shipping sanctions: a specified ship is prohibited from being provided with access to or having its master or pilot cause it to enter a port in the UK, may have its registration on the UK Ship Register terminated, and a master or pilot of a specified ship may be given a port barring direction, a detention direction, and a port entry direction or a movement direction.","IMO 9163764 ('Arno Babajanyan') is, has been or is likely to be involved in activity whose object or effect is to destabilise Ukraine or undermine or threaten the territorial integrity, sovereignty or independence of Ukraine or to obtain a benefit from or support the Government of Russia. Namely, 9163764 is involved in carrying oil or oil products that originated in Russia from Russia to a third country."
#0049741,RUS2859,AVIOR,Primary Name,9164512.0,Russia,,,,,1999.0,LUKOIL BUNKER,,"Shipping sanctions: a specified ship is prohibited from being provided with access to or having its master or pilot cause it to enter a port in the UK, may have its registration on the UK Ship Register terminated, and a master or pilot of a specified ship may be given a port barring direction, a detention direction, and a port entry direction or a movement direction.","IMO 9164512 ('Avior') is, has been or is likely to be involved in activity whose object or effect is to destabilise Ukraine or undermine or threaten the territorial integrity, sovereignty or independence of Ukraine or to obtain a benefit from or support the Government of Russia. Namely, 9164512 is involved in carrying oil or oil products that originated in Russia from Russia to a third country."
#0049742,RUS2860,BERRA,Primary Name,9308821.0,Panama,,,,,2005.0,OPULENT HAVEN CORP,,"Shipping sanctions: a specified ship is prohibited from being provided with access to or having its master or pilot cause it to enter a port in the UK, may have its registration on the UK Ship Register terminated, and a master or pilot of a specified ship may be given a port barring direction, a detention direction, and a port entry direction or a movement direction.","IMO 9308821 ('Berra') is, has been or is likely to be involved in activity whose object or effect is to destabilise Ukraine or undermine or threaten the territorial integrity, sovereignty or independence of Ukraine or to obtain a benefit from or support the Government of Russia. Namely, 9308821 is involved in carrying oil or oil products that originated in Russia from Russia to a third country."
#0049743,RUS2861,BLACKSEA EAGLE,Primary Name,9495832.0,Panama,,,,,2008.0,Seabound Shipping Consultants,,"Shipping sanctions: a specified ship is prohibited from being provided with access to or having its master or pilot cause it to enter a port in the UK, may have its registration on the UK Ship Register terminated, and a master or pilot of a specified ship may be given a port barring direction, a detention direction, and a port entry direction or a movement direction.","IMO 9495832 ('Blacksea Eagle') is, has been or is likely to be involved in activity whose object or effect is to destabilise Ukraine or undermine or threaten the territorial integrity, sovereignty or independence of Ukraine or to obtain a benefit from or support the Government of Russia. Namely, 9495832 is involved in carrying oil or oil products that originated in Russia from Russia to a third country."
#0049744,RUS2862,BOLOGNIA FALCON,Primary Name,9255244.0,Panama,,,,,2003.0,BOLOGNIA MARINE CO,,"Shipping sanctions: a specified ship is prohibited from being provided with access to or having its master or pilot cause it to enter a port in the UK, may have its registration on the UK Ship Register terminated, and a master or pilot of a specified ship may be given a port barring direction, a detention direction, and a port entry direction or a movement direction.","IMO 9255244 ('Bolognia Falcon') is, has been or is likely to be involved in activity whose object or effect is to destabilise Ukraine or undermine or threaten the territorial integrity, sovereignty or independence of Ukraine or to obtain a benefit from or support the Government of Russia. Namely, 9255244 is involved in carrying oil or oil products that originated in Russia from Russia to a third country."
#0049745,RUS2863,HANNAH,Primary Name,9261619.0,Panama,,,,,2003.0,Metis Co Ltd,,"Shipping sanctions: a specified ship is prohibited from being provided with access to or having its master or pilot cause it to enter a port in the UK, may have its registration on the UK Ship Register terminated, and a master or pilot of a specified ship may be given a port barring direction, a detention direction, and a port entry direction or a movement direction.","IMO 9261619 ('Hannah') is, has been or is likely to be involved in activity whose object or effect is to destabilise Ukraine or undermine or threaten the territorial integrity, sovereignty or independence of Ukraine or to obtain a benefit from or support the Government of Russia. Namely, 9261619 is involved in carrying oil or oil products that originated in Russia from Russia to a third country."
#0049746,RUS2864,HEIDI A,Primary Name,9321976.0,,,,,,2006.0,Degonia Co Ltd,,"Shipping sanctions: a specified ship is prohibited from being provided with access to or having its master or pilot cause it to enter a port in the UK, may have its registration on the UK Ship Register terminated, and a master or pilot of a specified ship may be given a port barring direction, a detention direction, and a port entry direction or a movement direction.","IMO 9321976 ('Heidi A') is, has been or is likely to be involved in activity whose object or effect is to destabilise Ukraine or undermine or threaten the territorial integrity, sovereignty or independence of Ukraine or to obtain a benefit from or support the Government of Russia. Namely, 9321976 is involved in carrying oil or oil products that originated in Russia from Russia to a third country."
#0049747,RUS2865,HENG TAI,Primary Name,9419448.0,,,,,,2009.0,Hengtai Shipping Ltd,,"Shipping sanctions: a specified ship is prohibited from being provided with access to or having its master or pilot cause it to enter a port in the UK, may have its registration on the UK Ship Register terminated, and a master or pilot of a specified ship may be given a port barring direction, a detention direction, and a port entry direction or a movement direction.","IMO 9419448 ('Heng Tai') is, has been or is likely to be involved in activity whose object or effect is to destabilise Ukraine or undermine or threaten the territorial integrity, sovereignty or independence of Ukraine or to obtain a benefit from or support the Government of Russia. Namely, 9419448 is involved in carrying oil or oil products that originated in Russia from Russia to a third country."
#0049748,RUS2866,LOTUS,Primary Name,9392822.0,,,,,,2008.0,Peace Shipmanagement Co Ltd,,"Shipping sanctions: a specified ship is prohibited from being provided with access to or having its master or pilot cause it to enter a port in the UK, may have its registration on the UK Ship Register terminated, and a master or pilot of a specified ship may be given a port barring direction, a detention direction, and a port entry direction or a movement direction.","IMO 9392822 ('Lotus') is, has been or is likely to be involved in activity whose object or effect is to destabilise Ukraine or undermine or threaten the territorial integrity, sovereignty or independence of Ukraine or to obtain a benefit from or support the Government of Russia. Namely, 9392822 is involved in carrying oil or oil products that originated in Russia from Russia to a third country."
#0049749,RUS2867,HUIHAI ATLANTIC,Primary Name,9312872.0,,,,,,2007.0,HUIHAI HONG KONG SHIPPING CO,,"Shipping sanctions: a specified ship is prohibited from being provided with access to or having its master or pilot cause it to enter a port in the UK, may have its registration on the UK Ship Register terminated, and a master or pilot of a specified ship may be given a port barring direction, a detention direction, and a port entry direction or a movement direction.","IMO 9312872 ('Huihai Atlantic') is, has been or is likely to be involved in activity whose object or effect is to destabilise Ukraine or undermine or threaten the territorial integrity, sovereignty or independence of Ukraine or to obtain a benefit from or support the Government of Russia. Namely, 9312872 is involved in carrying oil or oil products that originated in Russia from Russia to a third country."
#0049750,RUS2868,HUIHAI PACIFIC,Primary Name,9346732.0,,,,,,2007.0,HONG KONG HANYUAN SHIPPING CO,,"Shipping sanctions: a specified ship is prohibited from being provided with access to or having its master or pilot cause it to enter a port in the UK, may have its registration on the UK Ship Register terminated, and a master or pilot of a specified ship may be given a port barring direction, a detention direction, and a port entry direction or a movement direction.","IMO 9346732 ('Huihai Pacific') is, has been or is likely to be involved in activity whose object or effect is to destabilise Ukraine or undermine or threaten the territorial integrity, sovereignty or independence of Ukraine or to obtain a benefit from or support the Government of Russia. Namely, 9346732 is involved in carrying oil or oil products that originated in Russia from Russia to a third country."
#0049751,RUS2869,HYPERION,Primary Name,9322968.0,Comoros,,,,,2006.0,Orchid Shipmanagement LLC-FZ,,"Shipping sanctions: a specified ship is prohibited from being provided with access to or having its master or pilot cause it to enter a port in the UK, may have its registration on the UK Ship Register terminated, and a master or pilot of a specified ship may be given a port barring direction, a detention direction, and a port entry direction or a movement direction.","IMO 9322968 ('Hyperion') is, has been or is likely to be involved in activity whose object or effect is to destabilise Ukraine or undermine or threaten the territorial integrity, sovereignty or independence of Ukraine or to obtain a benefit from or support the Government of Russia. Namely, 9322968 is involved in carrying oil or oil products that originated in Russia from Russia to a third country."
#0049752,RUS2870,IMMANUEL,Primary Name,9056571.0,Russia,,,,,1995.0,Petropavlovsk-Kamchatskiy,,"Shipping sanctions: a specified ship is prohibited from being provided with access to or having its master or pilot cause it to enter a port in the UK, may have its registration on the UK Ship Register terminated, and a master or pilot of a specified ship may be given a port barring direction, a detention direction, and a port entry direction or a movement direction.","IMO 9056571 ('Immanuel') is, has been or is likely to be involved in activity whose object or effect is to destabilise Ukraine or undermine or threaten the territorial integrity, sovereignty or independence of Ukraine or to obtain a benefit from or support the Government of Russia. Namely, 9056571 is involved in carrying oil or oil products that originated in Russia from Russia to a third country."
#0049753,RUS2871,IRTYSH RIVER,Primary Name,9435375.0,Russia,,,,,2009.0,PERSPEKTIVA JSC,,"Shipping sanctions: a specified ship is prohibited from being provided with access to or having its master or pilot cause it to enter a port in the UK, may have its registration on the UK Ship Register terminated, and a master or pilot of a specified ship may be given a port barring direction, a detention direction, and a port entry direction or a movement direction.","IMO 9435375 ('Irtysh River') is, has been or is likely to be involved in activity whose object or effect is to destabilise Ukraine or undermine or threaten the territorial integrity, sovereignty or independence of Ukraine or to obtain a benefit from or support the Government of Russia. Namely, 9435375 is involved in carrying oil or oil products that originated in Russia from Russia to a third country."
#0049754,RUS2872,JAGUAR,Primary Name,9354301.0,Barbados,,,,,2008.0,Nova Shipmanagement LLC-FZ,,"Shipping sanctions: a specified ship is prohibited from being provided with access to or having its master or pilot cause it to enter a port in the UK, may have its registration on the UK Ship Register terminated, and a master or pilot of a specified ship may be given a port barring direction, a detention direction, and a port entry direction or a movement direction.","IMO 9354301 ('Jaguar') is, has been or is likely to be involved in activity whose object or effect is to destabilise Ukraine or undermine or threaten the territorial integrity, sovereignty or independence of Ukraine or to obtain a benefit from or support the Government of Russia. Namely, 9354301 is involved in carrying oil or oil products that originated in Russia from Russia to a third country."
#0049755,RUS2873,KALININGRAD,Primary Name,9341067.0,Russia,,,,,2006.0,Invest Fleet Ltd,,"Shipping sanctions: a specified ship is prohibited from being provided with access to or having its master or pilot cause it to enter a port in the UK, may have its registration on the UK Ship Register terminated, and a master or pilot of a specified ship may be given a port barring direction, a detention direction, and a port entry direction or a movement direction.","IMO 9341067 ('Kaliningrad') is, has been or is likely to be involved in activity whose object or effect is to destabilise Ukraine or undermine or threaten the territorial integrity, sovereignty or independence of Ukraine or to obtain a benefit from or support the Government of Russia. Namely, 9341067 is involved in carrying oil or oil products that originated in Russia from Russia to a third country."
#0049756,RUS2874,KARELIYA,Primary Name,9306782.0,Russia,,,,,2006.0,Invest Fleet Ltd,,"Shipping sanctions: a specified ship is prohibited from being provided with access to or having its master or pilot cause it to enter a port in the UK, may have its registration on the UK Ship Register terminated, and a master or pilot of a specified ship may be given a port barring direction, a detention direction, and a port entry direction or a movement direction.","IMO 9306782 ('Kareliya') is, has been or is likely to be involved in activity whose object or effect is to destabilise Ukraine or undermine or threaten the territorial integrity, sovereignty or independence of Ukraine or to obtain a benefit from or support the Government of Russia. Namely, 9306782 is involved in carrying oil or oil products that originated in Russia from Russia to a third country."
#0049759,RUS2877,SILVERA,Primary Name,9248849.0,Sierra Leone,,,,,2004.0,HERVEX SHIPPING CORP,,"Shipping sanctions: a specified ship is prohibited from being provided with access to or having its master or pilot cause it to enter a port in the UK, may have its registration on the UK Ship Register terminated, and a master or pilot of a specified ship may be given a port barring direction, a detention direction, and a port entry direction or a movement direction.","IMO 9248849 ('Silvera') is, has been or is likely to be involved in activity whose object or effect is to destabilise Ukraine or undermine or threaten the territorial integrity, sovereignty or independence of Ukraine or to obtain a benefit from or support the Government of Russia. Namely, 9248849 is involved in carrying oil or oil products that originated in Russia from Russia to a third country."
#0049760,RUS2878,SIRIUS,Primary Name,9422445.0,Comoros,,,,,2009.0,Nova Shipmanagement LLC-FZ,,"Shipping sanctions: a specified ship is prohibited from being provided with access to or having its master or pilot cause it to enter a port in the UK, may have its registration on the UK Ship Register terminated, and a master or pilot of a specified ship may be given a port barring direction, a detention direction, and a port entry direction or a movement direction.","IMO 9422445 ('Sirius') is, has been or is likely to be involved in activity whose object or effect is to destabilise Ukraine or undermine or threaten the territorial integrity, sovereignty or independence of Ukraine or to obtain a benefit from or support the Government of Russia. Namely, 9422445 is involved in carrying oil or oil products that originated in Russia from Russia to a third country."
#0049761,RUS2879,SKY RIDER,Primary Name,9208124.0,Palau,,,,,2000.0,Peninsula Energy FZE,,"Shipping sanctions: a specified ship is prohibited from being provided with access to or having its master or pilot cause it to enter a port in the UK, may have its registration on the UK Ship Register terminated, and a master or pilot of a specified ship may be given a port barring direction, a detention direction, and a port entry direction or a movement direction.","IMO 9208124 ('Sky Rider') is, has been or is likely to be involved in activity whose object or effect is to destabilise Ukraine or undermine or threaten the territorial integrity, sovereignty or independence of Ukraine or to obtain a benefit from or support the Government of Russia. Namely, 9208124 is involved in carrying oil or oil products that originated in Russia from Russia to a third country."
#0049762,RUS2880,SPRING,Primary Name,9315446.0,,,,,,2006.0,AquaQuasar Holding Ltd,,"Shipping sanctions: a specified ship is prohibited from being provided with access to or having its master or pilot cause it to enter a port in the UK, may have its registration on the UK Ship Register terminated, and a master or pilot of a specified ship may be given a port barring direction, a detention direction, and a port entry direction or a movement direction.","IMO 9315446 ('Spring') is, has been or is likely to be involved in activity whose object or effect is to destabilise Ukraine or undermine or threaten the territorial integrity, sovereignty or independence of Ukraine or to obtain a benefit from or support the Government of Russia. Namely, 9315446 is involved in carrying oil or oil products that originated in Russia from Russia to a third country."
#0049763,RUS2881,STELLAR BEVERLY,Primary Name,9208069.0,Panama,,,,,2000.0,Elite Marine Ship Management,,"Shipping sanctions: a specified ship is prohibited from being provided with access to or having its master or pilot cause it to enter a port in the UK, may have its registration on the UK Ship Register terminated, and a master or pilot of a specified ship may be given a port barring direction, a detention direction, and a port entry direction or a movement direction.","IMO 9208069 ('Stellar Beverly') is, has been or is likely to be involved in activity whose object or effect is to destabilise Ukraine or undermine or threaten the territorial integrity, sovereignty or independence of Ukraine or to obtain a benefit from or support the Government of Russia. Namely, 9208069 is involved in carrying oil or oil products that originated in Russia from Russia to a third country."
#0049764,RUS2882,SUN,Primary Name,9293117.0,Antigua and Barbuda,,,,,2005.0,Wavewhisper Shipping Ltd,,"Shipping sanctions: a specified ship is prohibited from being provided with access to or having its master or pilot cause it to enter a port in the UK, may have its registration on the UK Ship Register terminated, and a master or pilot of a specified ship may be given a port barring direction, a detention direction, and a port entry direction or a movement direction.","IMO 9293117 ('Sun') is, has been or is likely to be involved in activity whose object or effect is to destabilise Ukraine or undermine or threaten the territorial integrity, sovereignty or independence of Ukraine or to obtain a benefit from or support the Government of Russia. Namely, 9293117 is involved in carrying oil or oil products that originated in Russia from Russia to a third country."
#0049765,RUS2883,RUBY CROSS,Primary Name,9350654.0,Comoros,,,,,2007.0,Shanghai YuAn Shipping Co Ltd,,"Shipping sanctions: a specified ship is prohibited from being provided with access to or having its master or pilot cause it to enter a port in the UK, may have its registration on the UK Ship Register terminated, and a master or pilot of a specified ship may be given a port barring direction, a detention direction, and a port entry direction or a movement direction.","IMO 9350654 ('Ruby Cross') is, has been or is likely to be involved in activity whose object or effect is to destabilise Ukraine or undermine or threaten the territorial integrity, sovereignty or independence of Ukraine or to obtain a benefit from or support the Government of Russia. Namely, 9350654 is involved in carrying oil or oil products that originated in Russia from Russia to a third country."
#0049766,RUS2884,SYMPHONY,Primary Name,9309588.0,Comoros,,,,,2005.0,Orchid Shipmanagement LLC-FZ,,"Shipping sanctions: a specified ship is prohibited from being provided with access to or having its master or pilot cause it to enter a port in the UK, may have its registration on the UK Ship Register terminated, and a master or pilot of a specified ship may be given a port barring direction, a detention direction, and a port entry direction or a movement direction.","IMO 9309588 ('Symphony') is, has been or is likely to be involved in activity whose object or effect is to destabilise Ukraine or undermine or threaten the territorial integrity, sovereignty or independence of Ukraine or to obtain a benefit from or support the Government of Russia. Namely, 9309588 is involved in carrying oil or oil products that originated in Russia from Russia to a third country."
#0049767,RUS2885,TAIMYR,Primary Name,9105140.0,Russia,,,,,1995.0,Trinity Shipping LLC-RUS,,"Shipping sanctions: a specified ship is prohibited from being provided with access to or having its master or pilot cause it to enter a port in the UK, may have its registration on the UK Ship Register terminated, and a master or pilot of a specified ship may be given a port barring direction, a detention direction, and a port entry direction or a movement direction.","IMO 9105140 ('Taimyr') is, has been or is likely to be involved in activity whose object or effect is to destabilise Ukraine or undermine or threaten the territorial integrity, sovereignty or independence of Ukraine or to obtain a benefit from or support the Government of Russia. Namely, 9105140 is involved in carrying oil or oil products that originated in Russia from Russia to a third country."
#0049768,RUS2886,TALISMAN,Primary Name,9292060.0,Comoros,,,,,2006.0,Orchid Shipmanagement LLC-FZ,,"Shipping sanctions: a specified ship is prohibited from being provided with access to or having its master or pilot cause it to enter a port in the UK, may have its registration on the UK Ship Register terminated, and a master or pilot of a specified ship may be given a port barring direction, a detention direction, and a port entry direction or a movement direction.","IMO 9292060 ('Talisman') is, has been or is likely to be involved in activity whose object or effect is to destabilise Ukraine or undermine or threaten the territorial integrity, sovereignty or independence of Ukraine or to obtain a benefit from or support the Government of Russia. Namely, 9292060 is involved in carrying oil or oil products that originated in Russia from Russia to a third country."
#0049769,RUS2887,THALIA III,Primary Name,9259197.0,,,,,,2003.0,Selena Lively Ltd,,"Shipping sanctions: a specified ship is prohibited from being provided with access to or having its master or pilot cause it to enter a port in the UK, may have its registration on the UK Ship Register terminated, and a master or pilot of a specified ship may be given a port barring direction, a detention direction, and a port entry direction or a movement direction.","IMO 9259197 ('Thalia III') is, has been or is likely to be involved in activity whose object or effect is to destabilise Ukraine or undermine or threaten the territorial integrity, sovereignty or independence of Ukraine or to obtain a benefit from or support the Government of Russia. Namely, 9259197 is involved in carrying oil or oil products that originated in Russia from Russia to a third country."
#0049770,RUS2888,TOREX,Primary Name,9257814.0,Vanuatu,,,,,2003.0,Vogue Tide Corp,,"Shipping sanctions: a specified ship is prohibited from being provided with access to or having its master or pilot cause it to enter a port in the UK, may have its registration on the UK Ship Register terminated, and a master or pilot of a specified ship may be given a port barring direction, a detention direction, and a port entry direction or a movement direction.","IMO 9257814 ('Torex') is, has been or is likely to be involved in activity whose object or effect is to destabilise Ukraine or undermine or threaten the territorial integrity, sovereignty or independence of Ukraine or to obtain a benefit from or support the Government of Russia. Namely, 9257814 is involved in carrying oil or oil products that originated in Russia from Russia to a third country."
#0049771,RUS2889,TRIUMPH,Primary Name,9344033.0,,,,,,2007.0,Orchid Shipmanagement LLC-FZ,,"Shipping sanctions: a specified ship is prohibited from being provided with access to or having its master or pilot cause it to enter a port in the UK, may have its registration on the UK Ship Register terminated, and a master or pilot of a specified ship may be given a port barring direction, a detention direction, and a port entry direction or a movement direction.","IMO 9344033 ('Triumph') is, has been or is likely to be involved in activity whose object or effect is to destabilise Ukraine or undermine or threaten the territorial integrity, sovereignty or independence of Ukraine or to obtain a benefit from or support the Government of Russia. Namely, 9344033 is involved in carrying oil or oil products that originated in Russia from Russia to a third country."
#0049772,RUS2890,TRUST,Primary Name,9382798.0,Comoros,,,,,2008.0,Orchid Shipmanagement LLC-FZ,,"Shipping sanctions: a specified ship is prohibited from being provided with access to or having its master or pilot cause it to enter a port in the UK, may have its registration on the UK Ship Register terminated, and a master or pilot of a specified ship may be given a port barring direction, a detention direction, and a port entry direction or a movement direction.","IMO 9382798 ('Trust') is, has been or is likely to be involved in activity whose object or effect is to destabilise Ukraine or undermine or threaten the territorial integrity, sovereignty or independence of Ukraine or to obtain a benefit from or support the Government of Russia. Namely, 9382798 is involved in carrying oil or oil products that originated in Russia from Russia to a third country."
#0049773,RUS2891,TURACO,Primary Name,9247780.0,,,,,,2003.0,Marine Link Co Ltd,,"Shipping sanctions: a specified ship is prohibited from being provided with access to or having its master or pilot cause it to enter a port in the UK, may have its registration on the UK Ship Register terminated, and a master or pilot of a specified ship may be given a port barring direction, a detention direction, and a port entry direction or a movement direction.","IMO 9247780 ('Turaco') is, has been or is likely to be involved in activity whose object or effect is to destabilise Ukraine or undermine or threaten the territorial integrity, sovereignty or independence of Ukraine or to obtain a benefit from or support the Government of Russia. Namely, 9247780 is involved in carrying oil or oil products that originated in Russia from Russia to a third country."
#0049774,RUS2892,UNIVERSAL,Primary Name,9384306.0,Comoros,,,,,2009.0,Orchid Shipmanagement LLC-FZ,,"Shipping sanctions: a specified ship is prohibited from being provided with access to or having its master or pilot cause it to enter a port in the UK, may have its registration on the UK Ship Register terminated, and a master or pilot of a specified ship may be given a port barring direction, a detention direction, and a port entry direction or a movement direction.","IMO 9384306 ('Universal') is, has been or is likely to be involved in activity whose object or effect is to destabilise Ukraine or undermine or threaten the territorial integrity, sovereignty or independence of Ukraine or to obtain a benefit from or support the Government of Russia. Namely, 9384306 is involved in carrying oil or oil products that originated in Russia from Russia to a third country."
#0049775,RUS2893,VAULT,Primary Name,9310707.0,Panama,,,,,2005.0,Tokyo Gemi Isletmeciligi AS,,"Shipping sanctions: a specified ship is prohibited from being provided with access to or having its master or pilot cause it to enter a port in the UK, may have its registration on the UK Ship Register terminated, and a master or pilot of a specified ship may be given a port barring direction, a detention direction, and a port entry direction or a movement direction.","IMO 9310707 ('Vault') is, has been or is likely to be involved in activity whose object or effect is to destabilise Ukraine or undermine or threaten the territorial integrity, sovereignty or independence of Ukraine or to obtain a benefit from or support the Government of Russia. Namely, 9310707 is involved in carrying oil or oil products that originated in Russia from Russia to a third country."
#0049776,RUS2894,VELES,Primary Name,9299173.0,Russia,,,,,2004.0,Kontur-SPB OOO,,"Shipping sanctions: a specified ship is prohibited from being provided with access to or having its master or pilot cause it to enter a port in the UK, may have its registration on the UK Ship Register terminated, and a master or pilot of a specified ship may be given a port barring direction, a detention direction, and a port entry direction or a movement direction.","IMO 9299173 ('Veles') is, has been or is likely to be involved in activity whose object or effect is to destabilise Ukraine or undermine or threaten the territorial integrity, sovereignty or independence of Ukraine or to obtain a benefit from or support the Government of Russia. Namely, 9299173 is involved in carrying oil or oil products that originated in Russia from Russia to a third country."
#0049777,RUS2895,VELMAR,Primary Name,9832547.0,Barbados,,,,,2018.0,Glory Shipping HK Ltd,,"Shipping sanctions: a specified ship is prohibited from being provided with access to or having its master or pilot cause it to enter a port in the UK, may have its registration on the UK Ship Register terminated, and a master or pilot of a specified ship may be given a port barring direction, a detention direction, and a port entry direction or a movement direction.","IMO 9832547 ('Velmar') is, has been or is likely to be involved in activity whose object or effect is to destabilise Ukraine or undermine or threaten the territorial integrity, sovereignty or independence of Ukraine or to obtain a benefit from or support the Government of Russia. Namely, 9832547 is involved in carrying oil or oil products that originated in Russia from Russia to a third country."
#0049778,RUS2896,VESNA,Primary Name,9233349.0,,,,,,2000.0,Shanghai Legendary Ship Mgmt,,"Shipping sanctions: a specified ship is prohibited from being provided with access to or having its master or pilot cause it to enter a port in the UK, may have its registration on the UK Ship Register terminated, and a master or pilot of a specified ship may be given a port barring direction, a detention direction, and a port entry direction or a movement direction.","IMO 9233349 ('Vesna') is, has been or is likely to be involved in activity whose object or effect is to destabilise Ukraine or undermine or threaten the territorial integrity, sovereignty or independence of Ukraine or to obtain a benefit from or support the Government of Russia. Namely, 9233349 is involved in carrying oil or oil products that originated in Russia from Russia to a third country."
#0049779,RUS2897,VF TANKER-3,Primary Name,9640516.0,Russia,,,,,2012.0,INVESTNEFTETRADE LLC,,"Shipping sanctions: a specified ship is prohibited from being provided with access to or having its master or pilot cause it to enter a port in the UK, may have its registration on the UK Ship Register terminated, and a master or pilot of a specified ship may be given a port barring direction, a detention direction, and a port entry direction or a movement direction.","IMO 9640516 ('Vf Tanker-3') is, has been or is likely to be involved in activity whose object or effect is to destabilise Ukraine or undermine or threaten the territorial integrity, sovereignty or independence of Ukraine or to obtain a benefit from or support the Government of Russia. Namely, 9640516 is involved in carrying oil or oil products that originated in Russia from Russia to a third country."
#0049780,RUS2898,VF TANKER-4,Primary Name,9640528.0,Russia,,,,,2012.0,INVESTNEFTETRADE LLC,,"Shipping sanctions: a specified ship is prohibited from being provided with access to or having its master or pilot cause it to enter a port in the UK, may have its registration on the UK Ship Register terminated, and a master or pilot of a specified ship may be given a port barring direction, a detention direction, and a port entry direction or a movement direction.","IMO 9640528 ('Vf Tanker-4') is, has been or is likely to be involved in activity whose object or effect is to destabilise Ukraine or undermine or threaten the territorial integrity, sovereignty or independence of Ukraine or to obtain a benefit from or support the Government of Russia. Namely, 9640528 is involved in carrying oil or oil products that originated in Russia from Russia to a third country."
#0049781,RUS2900,VIEW,Primary Name,9271327.0,,,,,,2003.0,,,"Shipping sanctions: a specified ship is prohibited from being provided with access to or having its master or pilot cause it to enter a port in the UK, may have its registration on the UK Ship Register terminated, and a master or pilot of a specified ship may be given a port barring direction, a detention direction, and a port entry direction or a movement direction.","IMO 9271327 ('View') is, has been or is likely to be involved in activity whose object or effect is to destabilise Ukraine or undermine or threaten the territorial integrity, sovereignty or independence of Ukraine or to obtain a benefit from or support the Government of Russia. Namely, 9271327 is involved in carrying oil or oil products that originated in Russia from Russia to a third country."
#0049782,RUS2901,VLADIMIR ARSENYEV,Primary Name,9901025.0,Comoros,,,,,2022.0,Nova Shipmanagement LLC-FZ,,"Shipping sanctions: a specified ship is prohibited from being provided with access to or having its master or pilot cause it to enter a port in the UK, may have its registration on the UK Ship Register terminated, and a master or pilot of a specified ship may be given a port barring direction, a detention direction, and a port entry direction or a movement direction.","IMO 9901025 ('Vladimir Arsenyev') is, has been or is likely to be involved in activity whose object or effect is to destabilise Ukraine or undermine or threaten the territorial integrity, sovereignty or independence of Ukraine or to obtain a benefit from or support the Government of Russia. Namely, 9901025 is involved in carrying oil or oil products that originated in Russia from Russia to a third country."
#0049783,RUS2902,VLADIMIR MONOMAKH,Primary Name,9842176.0,Russia,,,,,2020.0,ROSNEFTEFLOT JSC,,"Shipping sanctions: a specified ship is prohibited from being provided with access to or having its master or pilot cause it to enter a port in the UK, may have its registration on the UK Ship Register terminated, and a master or pilot of a specified ship may be given a port barring direction, a detention direction, and a port entry direction or a movement direction.","IMO 9842176 ('Vladimir Monomakh') is, has been or is likely to be involved in activity whose object or effect is to destabilise Ukraine or undermine or threaten the territorial integrity, sovereignty or independence of Ukraine or to obtain a benefit from or support the Government of Russia. Namely, 9842176 is involved in carrying oil or oil products that originated in Russia from Russia to a third country."
#0049784,RUS2903,VLADIMIR VINOGRADOV,Primary Name,9842188.0,Russia,,,,,2021.0,ROSNEFTEFLOT JSC,,"Shipping sanctions: a specified ship is prohibited from being provided with access to or having its master or pilot cause it to enter a port in the UK, may have its registration on the UK Ship Register terminated, and a master or pilot of a specified ship may be given a port barring direction, a detention direction, and a port entry direction or a movement direction.","IMO 9842188 ('Vladimir Vinogradov') is, has been or is likely to be involved in activity whose object or effect is to destabilise Ukraine or undermine or threaten the territorial integrity, sovereignty or independence of Ukraine or to obtain a benefit from or support the Government of Russia. Namely, 9842188 is involved in carrying oil or oil products that originated in Russia from Russia to a third country."
#0049785,RUS2904,VOLGA RIVER,Primary Name,9435363.0,Russia,,,,,2008.0,Eneya LLC,,"Shipping sanctions: a specified ship is prohibited from being provided with access to or having its master or pilot cause it to enter a port in the UK, may have its registration on the UK Ship Register terminated, and a master or pilot of a specified ship may be given a port barring direction, a detention direction, and a port entry direction or a movement direction.","IMO 9435363 ('Volga River') is, has been or is likely to be involved in activity whose object or effect is to destabilise Ukraine or undermine or threaten the territorial integrity, sovereignty or independence of Ukraine or to obtain a benefit from or support the Government of Russia. Namely, 9435363 is involved in carrying oil or oil products that originated in Russia from Russia to a third country."
#0049786,RUS2905,VOSTOCHNY PROSPECT,Primary Name,9866392.0,Russia,,,,,2023.0,SOVCOMFLOT,,"Shipping sanctions: a specified ship is prohibited from being provided with access to or having its master or pilot cause it to enter a port in the UK, may have its registration on the UK Ship Register terminated, and a master or pilot of a specified ship may be given a port barring direction, a detention direction, and a port entry direction or a movement direction.","IMO 9866392 ('Vostochny Prospect') is, has been or is likely to be involved in activity whose object or effect is to destabilise Ukraine or undermine or threaten the territorial integrity, sovereignty or independence of Ukraine or to obtain a benefit from or support the Government of Russia. Namely, 9866392 is involved in carrying oil or oil products that originated in Russia from Russia to a third country."
#0049787,RUS2906,VOYAGER,Primary Name,9843560.0,Comoros,,,,,2019.0,Twister Shipmanagement LLC-FZ,,"Shipping sanctions: a specified ship is prohibited from being provided with access to or having its master or pilot cause it to enter a port in the UK, may have its registration on the UK Ship Register terminated, and a master or pilot of a specified ship may be given a port barring direction, a detention direction, and a port entry direction or a movement direction.","IMO 9843560 ('Voyager') is, has been or is likely to be involved in activity whose object or effect is to destabilise Ukraine or undermine or threaten the territorial integrity, sovereignty or independence of Ukraine or to obtain a benefit from or support the Government of Russia. Namely, 9843560 is involved in carrying oil or oil products that originated in Russia from Russia to a third country."
#0049788,RUS2907,WALL,Primary Name,9299886.0,Panama,,,,,2005.0,Sand Gemi Isletmeciligi AS,,"Shipping sanctions: a specified ship is prohibited from being provided with access to or having its master or pilot cause it to enter a port in the UK, may have its registration on the UK Ship Register terminated, and a master or pilot of a specified ship may be given a port barring direction, a detention direction, and a port entry direction or a movement direction.","IMO 9299886 ('Wall') is, has been or is likely to be involved in activity whose object or effect is to destabilise Ukraine or undermine or threaten the territorial integrity, sovereignty or independence of Ukraine or to obtain a benefit from or support the Government of Russia. Namely, 9299886 is involved in carrying oil or oil products that originated in Russia from Russia to a third country."
#0049789,RUS2908,ZALIV BAIKAL,Primary Name,9360128.0,Comoros,,,,,2009.0,Stream Ship Management FZCO,,"Shipping sanctions: a specified ship is prohibited from being provided with access to or having its master or pilot cause it to enter a port in the UK, may have its registration on the UK Ship Register terminated, and a master or pilot of a specified ship may be given a port barring direction, a detention direction, and a port entry direction or a movement direction.","IMO 9360128 ('Zaliv Baikal') is, has been or is likely to be involved in activity whose object or effect is to destabilise Ukraine or undermine or threaten the territorial integrity, sovereignty or independence of Ukraine or to obtain a benefit from or support the Government of Russia. Namely, 9360128 is involved in carrying oil or oil products that originated in Russia from Russia to a third country."
#0049790,RUS2909,ZALIV VOSTOK,Primary Name,9360130.0,Barbados,,,,,2009.0,Twister Shipmanagement LLC-FZ,,"Shipping sanctions: a specified ship is prohibited from being provided with access to or having its master or pilot cause it to enter a port in the UK, may have its registration on the UK Ship Register terminated, and a master or pilot of a specified ship may be given a port barring direction, a detention direction, and a port entry direction or a movement direction.","IMO 9360130 ('Zaliv Vostok') is, has been or is likely to be involved in activity whose object or effect is to destabilise Ukraine or undermine or threaten the territorial integrity, sovereignty or independence of Ukraine or to obtain a benefit from or support the Government of Russia. Namely, 9360130 is involved in carrying oil or oil products that originated in Russia from Russia to a third country."
#0049791,RUS2910,ZAMBRA,Primary Name,9175078.0,Panama,,,,,1999.0,Stellar Ocean Ltd,,"Shipping sanctions: a specified ship is prohibited from being provided with access to or having its master or pilot cause it to enter a port in the UK, may have its registration on the UK Ship Register terminated, and a master or pilot of a specified ship may be given a port barring direction, a detention direction, and a port entry direction or a movement direction.","IMO 9175078 ('Zambra') is, has been or is likely to be involved in activity whose object or effect is to destabilise Ukraine or undermine or threaten the territorial integrity, sovereignty or independence of Ukraine or to obtain a benefit from or support the Government of Russia. Namely, 9175078 is involved in carrying oil or oil products that originated in Russia from Russia to a third country."
#0049792,RUS2911,ZEVS,Primary Name,9168946.0,Cameroon,,,,,1999.0,Elysian Horizon Corp,,"Shipping sanctions: a specified ship is prohibited from being provided with access to or having its master or pilot cause it to enter a port in the UK, may have its registration on the UK Ship Register terminated, and a master or pilot of a specified ship may be given a port barring direction, a detention direction, and a port entry direction or a movement direction.","IMO 9168946 ('Zevs') is, has been or is likely to be involved in activity whose object or effect is to destabilise Ukraine or undermine or threaten the territorial integrity, sovereignty or independence of Ukraine or to obtain a benefit from or support the Government of Russia. Namely, 9168946 is involved in carrying oil or oil products that originated in Russia from Russia to a third country."
#0049839,RUS2928,DIGNITY,Primary Name,9283241.0,Russia,,,,,,Argo Tanker Group LLC,,"Shipping sanctions: a specified ship is prohibited from being provided with access to or having its master or pilot cause it to enter a port in the UK, may have its registration on the UK Ship Register terminated, and a master or pilot of a specified ship may be given a port barring direction, a detention direction, and a port entry direction or a movement direction.","IMO 9283241 (DIGNITY) is, has been or is likely to be involved in activity whose object or effect is to destabilise Ukraine or undermine or threaten the territorial integrity, sovereignty or independence of Ukraine or to obtain a benefit from or support the Government of Russia. Namely, DIGNITY is involved in carrying oil or oil products that originated in Russia from Russia to a third country."
#0049840,RUS2929,FREYA,Primary Name,9238052.0,,,,,,,Hong Kong Rong Da Shipping Ltd,,"Shipping sanctions: a specified ship is prohibited from being provided with access to or having its master or pilot cause it to enter a port in the UK, may have its registration on the UK Ship Register terminated, and a master or pilot of a specified ship may be given a port barring direction, a detention direction, and a port entry direction or a movement direction.","IMO 9238052 (FREYA) is, has been or is likely to be involved in activity whose object or effect is to destabilise Ukraine or undermine or threaten the territorial integrity, sovereignty or independence of Ukraine or to obtain a benefit from or support the Government of Russia. Namely, FREYA is involved in carrying oil or oil products that originated in Russia from Russia to a third country."
#0049841,RUS2930,GAZPROMNEFT NORDEAST,Primary Name,9422653.0,Russia,,,,,,Gazpromneft Marine Bunker Ltd,,"Shipping sanctions: a specified ship is prohibited from being provided with access to or having its master or pilot cause it to enter a port in the UK, may have its registration on the UK Ship Register terminated, and a master or pilot of a specified ship may be given a port barring direction, a detention direction, and a port entry direction or a movement direction.","IMO 9422653 (GAZPROMNEFT NORDEAST) is, has been or is likely to be involved in activity whose object or effect is to destabilise Ukraine or undermine or threaten the territorial integrity, sovereignty or independence of Ukraine or to obtain a benefit from or support the Government of Russia. Namely, GAZPROMNEFT NORDEAST is involved in carrying oil or oil products that originated in Russia from Russia to a third country."
#0049842,RUS2931,GAZPROMNEFT ZUID EAST,Primary Name,9537109.0,Russia,,,,,,Gazpromneft Shipping LLC,,"Shipping sanctions: a specified ship is prohibited from being provided with access to or having its master or pilot cause it to enter a port in the UK, may have its registration on the UK Ship Register terminated, and a master or pilot of a specified ship may be given a port barring direction, a detention direction, and a port entry direction or a movement direction.","IMO 9537109 (GAZPROMNEFT ZUID EAST) is, has been or is likely to be involved in activity whose object or effect is to destabilise Ukraine or undermine or threaten the territorial integrity, sovereignty or independence of Ukraine or to obtain a benefit from or support the Government of Russia. Namely, GAZPROMNEFT ZUID EAST is involved in carrying oil or oil products that originated in Russia from Russia to a third country."
#0049843,RUS2932,HS GLORY,Primary Name,9249087.0,,,,,,,HS Glory Ltd,,"Shipping sanctions: a specified ship is prohibited from being provided with access to or having its master or pilot cause it to enter a port in the UK, may have its registration on the UK Ship Register terminated, and a master or pilot of a specified ship may be given a port barring direction, a detention direction, and a port entry direction or a movement direction.","IMO 9249087 (HS GLORY) is, has been or is likely to be involved in activity whose object or effect is to destabilise Ukraine or undermine or threaten the territorial integrity, sovereignty or independence of Ukraine or to obtain a benefit from or support the Government of Russia. Namely, HS GLORY is involved in carrying oil or oil products that originated in Russia from Russia to a third country."
#0049844,RUS2933,INDA,Primary Name,9256858.0,,,,,,,Marine Trans Shipping LLC,,"Shipping sanctions: a specified ship is prohibited from being provided with access to or having its master or pilot cause it to enter a port in the UK, may have its registration on the UK Ship Register terminated, and a master or pilot of a specified ship may be given a port barring direction, a detention direction, and a port entry direction or a movement direction.","IMO 9256858 (INDA) is, has been or is likely to be involved in activity whose object or effect is to destabilise Ukraine or undermine or threaten the territorial integrity, sovereignty or independence of Ukraine or to obtain a benefit from or support the Government of Russia. Namely, INDA is involved in carrying oil or oil products that originated in Russia from Russia to a third country."
#0049845,RUS2934,IVAN AIVAZOVSKIY,Primary Name,9876359.0,Russia,,,,,,SOVCOMFLOT,,"Shipping sanctions: a specified ship is prohibited from being provided with access to or having its master or pilot cause it to enter a port in the UK, may have its registration on the UK Ship Register terminated, and a master or pilot of a specified ship may be given a port barring direction, a detention direction, and a port entry direction or a movement direction.","IMO 9876359 (IVAN AIVAZOVSKIY) is, has been or is likely to be involved in activity whose object or effect is to destabilise Ukraine or undermine or threaten the territorial integrity, sovereignty or independence of Ukraine or to obtain a benefit from or support the Government of Russia. Namely, IVAN AIVAZOVSKIY is involved in carrying oil or oil products that originated in Russia from Russia to a third country."
#0049846,RUS2935,IVY,Primary Name,9337133.0,Vietnam,,,,,,Sao Viet Petrol Transportation,,"Shipping sanctions: a specified ship is prohibited from being provided with access to or having its master or pilot cause it to enter a port in the UK, may have its registration on the UK Ship Register terminated, and a master or pilot of a specified ship may be given a port barring direction, a detention direction, and a port entry direction or a movement direction.","IMO 9337133 (IVY) is, has been or is likely to be involved in activity whose object or effect is to destabilise Ukraine or undermine or threaten the territorial integrity, sovereignty or independence of Ukraine or to obtain a benefit from or support the Government of Russia. Namely, IVY is involved in carrying oil or oil products that originated in Russia from Russia to a third country."
#0049848,RUS2937,BETTLE,Primary Name,9323338.0,,,,,,,Kipper Marine Solutions FZ-LLC,,"Shipping sanctions: a specified ship is prohibited from being provided with access to or having its master or pilot cause it to enter a port in the UK, may have its registration on the UK Ship Register terminated, and a master or pilot of a specified ship may be given a port barring direction, a detention direction, and a port entry direction or a movement direction.","IMO 9323338 (BETTLE) is, has been or is likely to be involved in activity whose object or effect is to destabilise Ukraine or undermine or threaten the territorial integrity, sovereignty or independence of Ukraine or to obtain a benefit from or support the Government of Russia. Namely, BETTLE is involved in carrying oil or oil products that originated in Russia from Russia to a third country."
#0049892,RUS2949,SANAR-14,Primary Name,9313589.0,Russia,,,,,,Rosewood Shipping LLC,,"Shipping sanctions: a specified ship is prohibited from being provided with access to or having its master or pilot cause it to enter a port in the UK, may have its registration on the UK Ship Register terminated, and a master or pilot of a specified ship may be given a port barring direction, a detention direction, and a port entry direction or a movement direction.","IMO 9313589 (SANAR-14) is, has been or is likely to be involved in activity whose object or effect is to destabilise Ukraine or undermine or threaten the territorial integrity, sovereignty or independence of Ukraine or to obtain a benefit from or support the Government of Russia. Namely, SANAR-14 is involved in carrying oil or oil products that originated in Russia from Russia to a third country."
#0049893,RUS2950,SANAR-15,Primary Name,9777670.0,Russia,,,,,,Rosewood Shipping LLC,,"Shipping sanctions: a specified ship is prohibited from being provided with access to or having its master or pilot cause it to enter a port in the UK, may have its registration on the UK Ship Register terminated, and a master or pilot of a specified ship may be given a port barring direction, a detention direction, and a port entry direction or a movement direction.","IMO 9777670 (SANAR-15) is, has been or is likely to be involved in activity whose object or effect is to destabilise Ukraine or undermine or threaten the territorial integrity, sovereignty or independence of Ukraine or to obtain a benefit from or support the Government of Russia. Namely, SANAR-15 is involved in carrying oil or oil products that originated in Russia from Russia to a third country."
#0049894,RUS2951,SANAR-9,Primary Name,9300350.0,Russia,,,,,,Rosewood Shipping LLC,,"Shipping sanctions: a specified ship is prohibited from being provided with access to or having its master or pilot cause it to enter a port in the UK, may have its registration on the UK Ship Register terminated, and a master or pilot of a specified ship may be given a port barring direction, a detention direction, and a port entry direction or a movement direction.","IMO 9300350 (SANAR-9) is, has been or is likely to be involved in activity whose object or effect is to destabilise Ukraine or undermine or threaten the territorial integrity, sovereignty or independence of Ukraine or to obtain a benefit from or support the Government of Russia. Namely, SANAR-9 is involved in carrying oil or oil products that originated in Russia from Russia to a third country."
#0049895,RUS2952,SARA II,Primary Name,9301615.0,,,,,,,HS Sara II Ltd,,"Shipping sanctions: a specified ship is prohibited from being provided with access to or having its master or pilot cause it to enter a port in the UK, may have its registration on the UK Ship Register terminated, and a master or pilot of a specified ship may be given a port barring direction, a detention direction, and a port entry direction or a movement direction.","IMO 9301615 (SARA II) is, has been or is likely to be involved in activity whose object or effect is to destabilise Ukraine or undermine or threaten the territorial integrity, sovereignty or independence of Ukraine or to obtain a benefit from or support the Government of Russia. Namely, SARA II is involved in carrying oil or oil products that originated in Russia from Russia to a third country."
#0049896,RUS2953,SENSUS,Primary Name,9296585.0,,,,,,,HS Sensus Ltd,,"Shipping sanctions: a specified ship is prohibited from being provided with access to or having its master or pilot cause it to enter a port in the UK, may have its registration on the UK Ship Register terminated, and a master or pilot of a specified ship may be given a port barring direction, a detention direction, and a port entry direction or a movement direction.","IMO 9296585 (SENSUS) is, has been or is likely to be involved in activity whose object or effect is to destabilise Ukraine or undermine or threaten the territorial integrity, sovereignty or independence of Ukraine or to obtain a benefit from or support the Government of Russia. Namely, SENSUS is involved in carrying oil or oil products that originated in Russia from Russia to a third country."
#0049897,RUS2954,SHTURMAN KOSHELEV,Primary Name,9759939.0,Russia,,,,,,Gazpromneft Shipping LLC,,"Shipping sanctions: a specified ship is prohibited from being provided with access to or having its master or pilot cause it to enter a port in the UK, may have its registration on the UK Ship Register terminated, and a master or pilot of a specified ship may be given a port barring direction, a detention direction, and a port entry direction or a movement direction.","IMO 9759939 (SHTURMAN KOSHELEV) is, has been or is likely to be involved in activity whose object or effect is to destabilise Ukraine or undermine or threaten the territorial integrity, sovereignty or independence of Ukraine or to obtain a benefit from or support the Government of Russia. Namely, SHTURMAN KOSHELEV is involved in carrying oil or oil products that originated in Russia from Russia to a third country."
#0049898,RUS2955,SHTURMAN MALYGIN,Primary Name,9752096.0,Russia,,,,,,SCF TM Ltd,,"Shipping sanctions: a specified ship is prohibited from being provided with access to or having its master or pilot cause it to enter a port in the UK, may have its registration on the UK Ship Register terminated, and a master or pilot of a specified ship may be given a port barring direction, a detention direction, and a port entry direction or a movement direction.","IMO 9752096 (SHTURMAN MALYGIN) is, has been or is likely to be involved in activity whose object or effect is to destabilise Ukraine or undermine or threaten the territorial integrity, sovereignty or independence of Ukraine or to obtain a benefit from or support the Government of Russia. Namely, SHTURMAN MALYGIN is involved in carrying oil or oil products that originated in Russia from Russia to a third country."
#0049899,RUS2956,SHTURMAN OVTSYN,Primary Name,9752101.0,Russia,,,,,,SCF TM Ltd,,"Shipping sanctions: a specified ship is prohibited from being provided with access to or having its master or pilot cause it to enter a port in the UK, may have its registration on the UK Ship Register terminated, and a master or pilot of a specified ship may be given a port barring direction, a detention direction, and a port entry direction or a movement direction.","IMO 9752101 (SHTURMAN OVTSYN) is, has been or is likely to be involved in activity whose object or effect is to destabilise Ukraine or undermine or threaten the territorial integrity, sovereignty or independence of Ukraine or to obtain a benefit from or support the Government of Russia. Namely, SHTURMAN OVTSYN is involved in carrying oil or oil products that originated in Russia from Russia to a third country."
#0049900,RUS2957,SHTURMAN SHCHERBININ,Primary Name,9759927.0,Russia,,,,,,Gazpromneft Shipping LLC,,"Shipping sanctions: a specified ship is prohibited from being provided with access to or having its master or pilot cause it to enter a port in the UK, may have its registration on the UK Ship Register terminated, and a master or pilot of a specified ship may be given a port barring direction, a detention direction, and a port entry direction or a movement direction.","IMO 9759927 (SHTURMAN SHCHERBININ) is, has been or is likely to be involved in activity whose object or effect is to destabilise Ukraine or undermine or threaten the territorial integrity, sovereignty or independence of Ukraine or to obtain a benefit from or support the Government of Russia. Namely, SHTURMAN SHCHERBININ is involved in carrying oil or oil products that originated in Russia from Russia to a third country."
#0049901,RUS2958,SIRIUS 1,Primary Name,9285847.0,,,,,,,Estrella Co Ltd,,"Shipping sanctions: a specified ship is prohibited from being provided with access to or having its master or pilot cause it to enter a port in the UK, may have its registration on the UK Ship Register terminated, and a master or pilot of a specified ship may be given a port barring direction, a detention direction, and a port entry direction or a movement direction.","IMO 9285847 (SIRIUS 1) is, has been or is likely to be involved in activity whose object or effect is to destabilise Ukraine or undermine or threaten the territorial integrity, sovereignty or independence of Ukraine or to obtain a benefit from or support the Government of Russia. Namely, SIRIUS 1 is involved in carrying oil or oil products that originated in Russia from Russia to a third country."
#0049906,RUS2961,OLIA,Primary Name,9268112.0,The Gambia,,,,,,Vroom Marine Ventures FZE,,"Shipping sanctions: a specified ship is prohibited from being provided with access to or having its master or pilot cause it to enter a port in the UK, may have its registration on the UK Ship Register terminated, and a master or pilot of a specified ship may be given a port barring direction, a detention direction, and a port entry direction or a movement direction.","IMO 9268112 (OLIA) is, has been or is likely to be involved in activity whose object or effect is to destabilise Ukraine or undermine or threaten the territorial integrity, sovereignty or independence of Ukraine or to obtain a benefit from or support the Government of Russia. Namely, OLIA is involved in carrying oil or oil products that originated in Russia from Russia to a third country."
#0049907,RUS2962,OMSK,Primary Name,9418509.0,Russia,,,,,,Gazpromneft Shipping LLC,,"Shipping sanctions: a specified ship is prohibited from being provided with access to or having its master or pilot cause it to enter a port in the UK, may have its registration on the UK Ship Register terminated, and a master or pilot of a specified ship may be given a port barring direction, a detention direction, and a port entry direction or a movement direction.","IMO 9418509 (OMSK) is, has been or is likely to be involved in activity whose object or effect is to destabilise Ukraine or undermine or threaten the territorial integrity, sovereignty or independence of Ukraine or to obtain a benefit from or support the Government of Russia. Namely, OMSK is involved in carrying oil or oil products that originated in Russia from Russia to a third country."
#0049914,RUS2965,JUPITER,Primary Name,9397535.0,Russia,,,,,,Orchid Shipmanagement LLC-FZ,,"Shipping sanctions: a specified ship is prohibited from being provided with access to or having its master or pilot cause it to enter a port in the UK, may have its registration on the UK Ship Register terminated, and a master or pilot of a specified ship may be given a port barring direction, a detention direction, and a port entry direction or a movement direction.","IMO 9397535 (JUPITER) is, has been or is likely to be involved in activity whose object or effect is to destabilise Ukraine or undermine or threaten the territorial integrity, sovereignty or independence of Ukraine or to obtain a benefit from or support the Government of Russia. Namely, JUPITER is involved in carrying oil or oil products that originated in Russia from Russia to a third country."
#0049917,RUS2967,OXIS,Primary Name,9224805.0,Cameroon,,,,,,Umbra Navi Shipmanagement,,"Shipping sanctions: a specified ship is prohibited from being provided with access to or having its master or pilot cause it to enter a port in the UK, may have its registration on the UK Ship Register terminated, and a master or pilot of a specified ship may be given a port barring direction, a detention direction, and a port entry direction or a movement direction.","IMO 9224805 (OXIS) is, has been or is likely to be involved in activity whose object or effect is to destabilise Ukraine or undermine or threaten the territorial integrity, sovereignty or independence of Ukraine or to obtain a benefit from or support the Government of Russia. Namely, OXIS is involved in carrying oil or oil products that originated in Russia from Russia to a third country."
#0049918,RUS2969,PEGASUS,Primary Name,9276028.0,Comoros,,,,,,Orchid Shipmanagement LLC-FZ,,"Shipping sanctions: a specified ship is prohibited from being provided with access to or having its master or pilot cause it to enter a port in the UK, may have its registration on the UK Ship Register terminated, and a master or pilot of a specified ship may be given a port barring direction, a detention direction, and a port entry direction or a movement direction.","IMO 9276028 (PEGASUS) is, has been or is likely to be involved in activity whose object or effect is to destabilise Ukraine or undermine or threaten the territorial integrity, sovereignty or independence of Ukraine or to obtain a benefit from or support the Government of Russia. Namely, PEGASUS is involved in carrying oil or oil products that originated in Russia from Russia to a third country."
#0049919,RUS2970,PICTOR,Primary Name,9322827.0,,,,,,,Lambda Transport Consultancy,,"Shipping sanctions: a specified ship is prohibited from being provided with access to or having its master or pilot cause it to enter a port in the UK, may have its registration on the UK Ship Register terminated, and a master or pilot of a specified ship may be given a port barring direction, a detention direction, and a port entry direction or a movement direction.","IMO 9322827 (PICTOR) is, has been or is likely to be involved in activity whose object or effect is to destabilise Ukraine or undermine or threaten the territorial integrity, sovereignty or independence of Ukraine or to obtain a benefit from or support the Government of Russia. Namely, PICTOR is involved in carrying oil or oil products that originated in Russia from Russia to a third country."
#0049920,RUS2971,PROXIMA,Primary Name,9329655.0,Russia,,,,,,Orchid Shipmanagement LLC-FZ,,"Shipping sanctions: a specified ship is prohibited from being provided with access to or having its master or pilot cause it to enter a port in the UK, may have its registration on the UK Ship Register terminated, and a master or pilot of a specified ship may be given a port barring direction, a detention direction, and a port entry direction or a movement direction.","IMO 9329655 (PROXIMA) is, has been or is likely to be involved in activity whose object or effect is to destabilise Ukraine or undermine or threaten the territorial integrity, sovereignty or independence of Ukraine or to obtain a benefit from or support the Government of Russia. Namely, PROXIMA is involved in carrying oil or oil products that originated in Russia from Russia to a third country."
#0049921,RUS2972,RN SAKHALIN,Primary Name,9650016.0,Russia,,,,,,Rosnefteflot JSC,,"Shipping sanctions: a specified ship is prohibited from being provided with access to or having its master or pilot cause it to enter a port in the UK, may have its registration on the UK Ship Register terminated, and a master or pilot of a specified ship may be given a port barring direction, a detention direction, and a port entry direction or a movement direction.","IMO 9650016 (RN SAKHALIN) is, has been or is likely to be involved in activity whose object or effect is to destabilise Ukraine or undermine or threaten the territorial integrity, sovereignty or independence of Ukraine or to obtain a benefit from or support the Government of Russia. Namely, RN SAKHALIN is involved in carrying oil or oil products that originated in Russia from Russia to a third country."
#0049922,RUS2973,SABINA,Primary Name,9524451.0,,,,,,,Glory Shipping HK Ltd,,"Shipping sanctions: a specified ship is prohibited from being provided with access to or having its master or pilot cause it to enter a port in the UK, may have its registration on the UK Ship Register terminated, and a master or pilot of a specified ship may be given a port barring direction, a detention direction, and a port entry direction or a movement direction.","IMO 9524451 (SABINA) is, has been or is likely to be involved in activity whose object or effect is to destabilise Ukraine or undermine or threaten the territorial integrity, sovereignty or independence of Ukraine or to obtain a benefit from or support the Government of Russia. Namely, SABINA is involved in carrying oil or oil products that originated in Russia from Russia to a third country."
#0049923,RUS2975,SAHARA,Primary Name,9322267.0,,,,,,,HS Nellis Ltd,,"Shipping sanctions: a specified ship is prohibited from being provided with access to or having its master or pilot cause it to enter a port in the UK, may have its registration on the UK Ship Register terminated, and a master or pilot of a specified ship may be given a port barring direction, a detention direction, and a port entry direction or a movement direction.","IMO 9322267 (SAHARA) is, has been or is likely to be involved in activity whose object or effect is to destabilise Ukraine or undermine or threaten the territorial integrity, sovereignty or independence of Ukraine or to obtain a benefit from or support the Government of Russia. Namely, SAHARA is involved in carrying oil or oil products that originated in Russia from Russia to a third country."
#0049924,RUS2976,SANAR-10,Primary Name,9300348.0,Russia,,,,,,Rosewood Shipping LLC,,"Shipping sanctions: a specified ship is prohibited from being provided with access to or having its master or pilot cause it to enter a port in the UK, may have its registration on the UK Ship Register terminated, and a master or pilot of a specified ship may be given a port barring direction, a detention direction, and a port entry direction or a movement direction.","IMO 9300348 (SANAR-10) is, has been or is likely to be involved in activity whose object or effect is to destabilise Ukraine or undermine or threaten the territorial integrity, sovereignty or independence of Ukraine or to obtain a benefit from or support the Government of Russia. Namely, SANAR-10 is involved in carrying oil or oil products that originated in Russia from Russia to a third country."
#0049925,RUS2977,YANHU,Primary Name,9297357.0,Russia,,,,,,Kangen Maritime Corp,,"Shipping sanctions: a specified ship is prohibited from being provided with access to or having its master or pilot cause it to enter a port in the UK, may have its registration on the UK Ship Register terminated, and a master or pilot of a specified ship may be given a port barring direction, a detention direction, and a port entry direction or a movement direction.","IMO 9297357 (YANHU) is, has been or is likely to be involved in activity whose object or effect is to destabilise Ukraine or undermine or threaten the territorial integrity, sovereignty or independence of Ukraine or to obtain a benefit from or support the Government of Russia. Namely, YANHU is involved in carrying oil or oil products that originated in Russia from Russia to a third country."
#0049926,RUS2978,VIRAT,Primary Name,9832559.0,,,,,,,Prominent Shipmanagement Ltd,,"Shipping sanctions: a specified ship is prohibited from being provided with access to or having its master or pilot cause it to enter a port in the UK, may have its registration on the UK Ship Register terminated, and a master or pilot of a specified ship may be given a port barring direction, a detention direction, and a port entry direction or a movement direction.","IMO 9832559 (VIRAT) is, has been or is likely to be involved in activity whose object or effect is to destabilise Ukraine or undermine or threaten the territorial integrity, sovereignty or independence of Ukraine or to obtain a benefit from or support the Government of Russia. Namely, VIRAT is involved in carrying oil or oil products that originated in Russia from Russia to a third country."
#0049927,RUS2979,VASILY LANOVOY,Primary Name,9621601.0,Russia,,,,,,TransStroy LLC,,"Shipping sanctions: a specified ship is prohibited from being provided with access to or having its master or pilot cause it to enter a port in the UK, may have its registration on the UK Ship Register terminated, and a master or pilot of a specified ship may be given a port barring direction, a detention direction, and a port entry direction or a movement direction.","IMO 9621601 (VASILY LANOVOY) is, has been or is likely to be involved in activity whose object or effect is to destabilise Ukraine or undermine or threaten the territorial integrity, sovereignty or independence of Ukraine or to obtain a benefit from or support the Government of Russia. Namely, VASILY LANOVOY is involved in carrying oil or oil products that originated in Russia from Russia to a third country."
#0049928,RUS2980,VASILY DINKOV,Primary Name,9372547.0,Russia,,,,,,SCF TM Ltd,,"Shipping sanctions: a specified ship is prohibited from being provided with access to or having its master or pilot cause it to enter a port in the UK, may have its registration on the UK Ship Register terminated, and a master or pilot of a specified ship may be given a port barring direction, a detention direction, and a port entry direction or a movement direction.","IMO 9372547 (VASILY DINKOV) is, has been or is likely to be involved in activity whose object or effect is to destabilise Ukraine or undermine or threaten the territorial integrity, sovereignty or independence of Ukraine or to obtain a benefit from or support the Government of Russia. Namely, VASILY DINKOV is involved in carrying oil or oil products that originated in Russia from Russia to a third country."
#0049929,RUS2981,VALENTIN PIKUL,Primary Name,9885879.0,Russia,,,,,,ROSNEFTEFLOT JSC,,"Shipping sanctions: a specified ship is prohibited from being provided with access to or having its master or pilot cause it to enter a port in the UK, may have its registration on the UK Ship Register terminated, and a master or pilot of a specified ship may be given a port barring direction, a detention direction, and a port entry direction or a movement direction.","IMO 9885879 (VALENTIN PIKUL) is, has been or is likely to be involved in activity whose object or effect is to destabilise Ukraine or undermine or threaten the territorial integrity, sovereignty or independence of Ukraine or to obtain a benefit from or support the Government of Russia. Namely, VALENTIN PIKUL is involved in carrying oil or oil products that originated in Russia from Russia to a third country."
#0049994,RUS2997,ADONIA,Primary Name,9242223.0,,,Oil Tanker,,,,Symi Shipping Ltd,,"Shipping sanctions: a specified ship is prohibited from being provided with access to or having its master or pilot cause it to enter a port in the UK, may have its registration on the UK Ship Register terminated, and a master or pilot of a specified ship may be given a port barring direction, a detention direction, and a port entry direction or a movement direction.","IMO 9242223 (ADONIA) is, has been or is likely to be involved in activity whose object or effect is to destabilise Ukraine or undermine or threaten the territorial integrity, sovereignty or independence of Ukraine or to obtain a benefit from or support the Government of Russia. Namely, ADONIA is involved in carrying oil or oil products that originated in Russia from Russia to a third country."
#0049995,RUS2998,AMELL,Primary Name,9257993.0,,,Oil Tanker,,,,Shanghai VIII Maritime Co,,"Shipping sanctions: a specified ship is prohibited from being provided with access to or having its master or pilot cause it to enter a port in the UK, may have its registration on the UK Ship Register terminated, and a master or pilot of a specified ship may be given a port barring direction, a detention direction, and a port entry direction or a movement direction.","IMO 9257993 (AMELL) is, has been or is likely to be involved in activity whose object or effect is to destabilise Ukraine or undermine or threaten the territorial integrity, sovereignty or independence of Ukraine or to obtain a benefit from or support the Government of Russia. Namely, AMELL is involved in carrying oil or oil products that originated in Russia from Russia to a third country."
#0049996,RUS2999,ANTILA,Primary Name,9381744.0,,,Oil Tanker,,,,HS Legend Ltd,,"Shipping sanctions: a specified ship is prohibited from being provided with access to or having its master or pilot cause it to enter a port in the UK, may have its registration on the UK Ship Register terminated, and a master or pilot of a specified ship may be given a port barring direction, a detention direction, and a port entry direction or a movement direction.","IMO 9381744 (ANTILA) is, has been or is likely to be involved in activity whose object or effect is to destabilise Ukraine or undermine or threaten the territorial integrity, sovereignty or independence of Ukraine or to obtain a benefit from or support the Government of Russia. Namely, ANTILA is involved in carrying oil or oil products that originated in Russia from Russia to a third country."
#0049997,RUS3000,APUS,Primary Name,9280885.0,,,Oil Tanker,,,,Nangle Jilli Ltd,,"Shipping sanctions: a specified ship is prohibited from being provided with access to or having its master or pilot cause it to enter a port in the UK, may have its registration on the UK Ship Register terminated, and a master or pilot of a specified ship may be given a port barring direction, a detention direction, and a port entry direction or a movement direction.","IMO 9280885 (APUS) is, has been or is likely to be involved in activity whose object or effect is to destabilise Ukraine or undermine or threaten the territorial integrity, sovereignty or independence of Ukraine or to obtain a benefit from or support the Government of Russia. Namely, APUS is involved in carrying oil or oil products that originated in Russia from Russia to a third country."
#0049998,RUS3001,APUS,Primary Name,9299745.0,,,Oil Tanker,,,,Julius Capital LLC,,"Shipping sanctions: a specified ship is prohibited from being provided with access to or having its master or pilot cause it to enter a port in the UK, may have its registration on the UK Ship Register terminated, and a master or pilot of a specified ship may be given a port barring direction, a detention direction, and a port entry direction or a movement direction.","IMO 9299745 (APUS) is, has been or is likely to be involved in activity whose object or effect is to destabilise Ukraine or undermine or threaten the territorial integrity, sovereignty or independence of Ukraine or to obtain a benefit from or support the Government of Russia. Namely, APUS is involved in carrying oil or oil products that originated in Russia from Russia to a third country."
#0049999,RUS3002,AQUILA II,Primary Name,9281152.0,,,Oil Tanker,,,,Linnet Marguerite Ltd,,"Shipping sanctions: a specified ship is prohibited from being provided with access to or having its master or pilot cause it to enter a port in the UK, may have its registration on the UK Ship Register terminated, and a master or pilot of a specified ship may be given a port barring direction, a detention direction, and a port entry direction or a movement direction.","IMO 9281152 (AQUILA II) is, has been or is likely to be involved in activity whose object or effect is to destabilise Ukraine or undermine or threaten the territorial integrity, sovereignty or independence of Ukraine or to obtain a benefit from or support the Government of Russia. Namely, AQUILA II is involved in carrying oil or oil products that originated in Russia from Russia to a third country."
#0050000,RUS3003,ASTRA,Primary Name,9273387.0,Vietnam,,Oil Tanker,,,,Stravax Shipping Co Ltd,,"Shipping sanctions: a specified ship is prohibited from being provided with access to or having its master or pilot cause it to enter a port in the UK, may have its registration on the UK Ship Register terminated, and a master or pilot of a specified ship may be given a port barring direction, a detention direction, and a port entry direction or a movement direction.","IMO 9273387 (ASTRA) is, has been or is likely to be involved in activity whose object or effect is to destabilise Ukraine or undermine or threaten the territorial integrity, sovereignty or independence of Ukraine or to obtain a benefit from or support the Government of Russia. Namely, ASTRA is involved in carrying oil or oil products that originated in Russia from Russia to a third country."
#0050001,RUS3004,AUGA,Primary Name,9381732.0,,,Oil Tanker,,,,,,"Shipping sanctions: a specified ship is prohibited from being provided with access to or having its master or pilot cause it to enter a port in the UK, may have its registration on the UK Ship Register terminated, and a master or pilot of a specified ship may be given a port barring direction, a detention direction, and a port entry direction or a movement direction.","IMO 9381732 (AUGA) is, has been or is likely to be involved in activity whose object or effect is to destabilise Ukraine or undermine or threaten the territorial integrity, sovereignty or independence of Ukraine or to obtain a benefit from or support the Government of Russia. Namely, AUGA is involved in carrying oil or oil products that originated in Russia from Russia to a third country."
#0050002,RUS3005,AVRIL,Primary Name,9322839.0,,,Oil Tanker,,,,Kroeger Tankers FZE,,"Shipping sanctions: a specified ship is prohibited from being provided with access to or having its master or pilot cause it to enter a port in the UK, may have its registration on the UK Ship Register terminated, and a master or pilot of a specified ship may be given a port barring direction, a detention direction, and a port entry direction or a movement direction.","IMO 9322839 (AVRIL) is, has been or is likely to be involved in activity whose object or effect is to destabilise Ukraine or undermine or threaten the territorial integrity, sovereignty or independence of Ukraine or to obtain a benefit from or support the Government of Russia. Namely, AVRIL is involved in carrying oil or oil products that originated in Russia from Russia to a third country."
#0050003,RUS3006,AULIS,Primary Name,9233765.0,,,Oil Tanker,,,,Noblefu Co Ltd,,"Shipping sanctions: a specified ship is prohibited from being provided with access to or having its master or pilot cause it to enter a port in the UK, may have its registration on the UK Ship Register terminated, and a master or pilot of a specified ship may be given a port barring direction, a detention direction, and a port entry direction or a movement direction.","IMO 9233765 (AULIS) is, has been or is likely to be involved in activity whose object or effect is to destabilise Ukraine or undermine or threaten the territorial integrity, sovereignty or independence of Ukraine or to obtain a benefit from or support the Government of Russia. Namely, AULIS is involved in carrying oil or oil products that originated in Russia from Russia to a third country."
#0050004,RUS3007,KAPITAN GOTSKY,Primary Name,9372559.0,Russia,,Oil Tanker,,,,SCF TM Ltd,,"Shipping sanctions: a specified ship is prohibited from being provided with access to or having its master or pilot cause it to enter a port in the UK, may have its registration on the UK Ship Register terminated, and a master or pilot of a specified ship may be given a port barring direction, a detention direction, and a port entry direction or a movement direction.","IMO 9372559 (KAPITAN GOTSKY) is, has been or is likely to be involved in activity whose object or effect is to destabilise Ukraine or undermine or threaten the territorial integrity, sovereignty or independence of Ukraine or to obtain a benefit from or support the Government of Russia. Namely, KAPITAN GOTSKY is involved in carrying oil or oil products that originated in Russia from Russia to a third country."
#0050005,RUS3008,KAROL,Primary Name,9327413.0,,,Oil Tanker,,,,Aristo Tankers Ltd,,"Shipping sanctions: a specified ship is prohibited from being provided with access to or having its master or pilot cause it to enter a port in the UK, may have its registration on the UK Ship Register terminated, and a master or pilot of a specified ship may be given a port barring direction, a detention direction, and a port entry direction or a movement direction.","IMO 9327413 (KAROL) is, has been or is likely to be involved in activity whose object or effect is to destabilise Ukraine or undermine or threaten the territorial integrity, sovereignty or independence of Ukraine or to obtain a benefit from or support the Government of Russia. Namely, KAROL is involved in carrying oil or oil products that originated in Russia from Russia to a third country."
#0050006,RUS3009,KIRILL LAVROV,Primary Name,9333682.0,Russia,,Oil Tanker,,,,SCF TM Ltd,,"Shipping sanctions: a specified ship is prohibited from being provided with access to or having its master or pilot cause it to enter a port in the UK, may have its registration on the UK Ship Register terminated, and a master or pilot of a specified ship may be given a port barring direction, a detention direction, and a port entry direction or a movement direction.","IMO 9333682 (KIRILL LAVROV) is, has been or is likely to be involved in activity whose object or effect is to destabilise Ukraine or undermine or threaten the territorial integrity, sovereignty or independence of Ukraine or to obtain a benefit from or support the Government of Russia. Namely, KIRILL LAVROV is involved in carrying oil or oil products that originated in Russia from Russia to a third country."
#0050007,RUS3011,LADOGA,Primary Name,9339313.0,Russia,,Oil Tanker,,,,Invest Fleet Ltd,,"Shipping sanctions: a specified ship is prohibited from being provided with access to or having its master or pilot cause it to enter a port in the UK, may have its registration on the UK Ship Register terminated, and a master or pilot of a specified ship may be given a port barring direction, a detention direction, and a port entry direction or a movement direction.","IMO 9339313 (LADOGA) is, has been or is likely to be involved in activity whose object or effect is to destabilise Ukraine or undermine or threaten the territorial integrity, sovereignty or independence of Ukraine or to obtain a benefit from or support the Government of Russia. Namely, LADOGA is involved in carrying oil or oil products that originated in Russia from Russia to a third country."
#0050008,RUS3012,LADY LEILA,Primary Name,9683740.0,Russia,,Oil Tanker,,,,BM Flot LLC,,"Shipping sanctions: a specified ship is prohibited from being provided with access to or having its master or pilot cause it to enter a port in the UK, may have its registration on the UK Ship Register terminated, and a master or pilot of a specified ship may be given a port barring direction, a detention direction, and a port entry direction or a movement direction.","IMO 9683740 (LADY LEILA) is, has been or is likely to be involved in activity whose object or effect is to destabilise Ukraine or undermine or threaten the territorial integrity, sovereignty or independence of Ukraine or to obtain a benefit from or support the Government of Russia. Namely, LADY LEILA is involved in carrying oil or oil products that originated in Russia from Russia to a third country."
#0050009,RUS3013,LADY RANIA,Primary Name,9784893.0,Russia,,Oil Tanker,,,,BM Flot LLC,,"Shipping sanctions: a specified ship is prohibited from being provided with access to or having its master or pilot cause it to enter a port in the UK, may have its registration on the UK Ship Register terminated, and a master or pilot of a specified ship may be given a port barring direction, a detention direction, and a port entry direction or a movement direction.","IMO 9784893 (LADY RANIA) is, has been or is likely to be involved in activity whose object or effect is to destabilise Ukraine or undermine or threaten the territorial integrity, sovereignty or independence of Ukraine or to obtain a benefit from or support the Government of Russia. Namely, LADY RANIA is involved in carrying oil or oil products that originated in Russia from Russia to a third country."
#0050010,RUS3014,LADY SEVDA,Primary Name,9683738.0,Russia,,Oil Tanker,,,,Region Express Tanker LLC,,"Shipping sanctions: a specified ship is prohibited from being provided with access to or having its master or pilot cause it to enter a port in the UK, may have its registration on the UK Ship Register terminated, and a master or pilot of a specified ship may be given a port barring direction, a detention direction, and a port entry direction or a movement direction.","IMO 9683738 (LADY SEVDA) is, has been or is likely to be involved in activity whose object or effect is to destabilise Ukraine or undermine or threaten the territorial integrity, sovereignty or independence of Ukraine or to obtain a benefit from or support the Government of Russia. Namely, LADY SEVDA is involved in carrying oil or oil products that originated in Russia from Russia to a third country."
#0050011,RUS3015,LAUREN II,Primary Name,9258521.0,,,Oil Tanker,,,,Greetee Co Ltd,,"Shipping sanctions: a specified ship is prohibited from being provided with access to or having its master or pilot cause it to enter a port in the UK, may have its registration on the UK Ship Register terminated, and a master or pilot of a specified ship may be given a port barring direction, a detention direction, and a port entry direction or a movement direction.","IMO 9258521 (LAUREN II) is, has been or is likely to be involved in activity whose object or effect is to destabilise Ukraine or undermine or threaten the territorial integrity, sovereignty or independence of Ukraine or to obtain a benefit from or support the Government of Russia. Namely, LAUREN II is involved in carrying oil or oil products that originated in Russia from Russia to a third country."
#0050012,RUS3016,LAURYN,Primary Name,9259599.0,,,Oil Tanker,,,,HS Hai II Ltd,,"Shipping sanctions: a specified ship is prohibited from being provided with access to or having its master or pilot cause it to enter a port in the UK, may have its registration on the UK Ship Register terminated, and a master or pilot of a specified ship may be given a port barring direction, a detention direction, and a port entry direction or a movement direction.","IMO 9259599 (LAURYN) is, has been or is likely to be involved in activity whose object or effect is to destabilise Ukraine or undermine or threaten the territorial integrity, sovereignty or independence of Ukraine or to obtain a benefit from or support the Government of Russia. Namely, LAURYN is involved in carrying oil or oil products that originated in Russia from Russia to a third country."
#0050013,RUS3017,LITEYNY PROSPECT,Primary Name,9256078.0,Russia,,Oil Tanker,,,,South Fleet Ltd,,"Shipping sanctions: a specified ship is prohibited from being provided with access to or having its master or pilot cause it to enter a port in the UK, may have its registration on the UK Ship Register terminated, and a master or pilot of a specified ship may be given a port barring direction, a detention direction, and a port entry direction or a movement direction.","IMO 9256078 (LITEYNY PROSPECT) is, has been or is likely to be involved in activity whose object or effect is to destabilise Ukraine or undermine or threaten the territorial integrity, sovereignty or independence of Ukraine or to obtain a benefit from or support the Government of Russia. Namely, LITEYNY PROSPECT is involved in carrying oil or oil products that originated in Russia from Russia to a third country."
#0050014,RUS3018,M SOPHIA,Primary Name,9289477.0,,,Oil Tanker,,,,Greetee Co Ltd,,"Shipping sanctions: a specified ship is prohibited from being provided with access to or having its master or pilot cause it to enter a port in the UK, may have its registration on the UK Ship Register terminated, and a master or pilot of a specified ship may be given a port barring direction, a detention direction, and a port entry direction or a movement direction.","IMO 9289477 (M SOPHIA) is, has been or is likely to be involved in activity whose object or effect is to destabilise Ukraine or undermine or threaten the territorial integrity, sovereignty or independence of Ukraine or to obtain a benefit from or support the Government of Russia. Namely, M SOPHIA is involved in carrying oil or oil products that originated in Russia from Russia to a third country."
#0050015,RUS3019,MARIA,Primary Name,9198783.0,Russia,,,,,,Sunor ILLC,,"Shipping sanctions: a specified ship is prohibited from being provided with access to or having its master or pilot cause it to enter a port in the UK, may have its registration on the UK Ship Register terminated, and a master or pilot of a specified ship may be given a port barring direction, a detention direction, and a port entry direction or a movement direction.","IMO 9198783 (MARIA) is, has been or is likely to be involved in activity whose object or effect is to destabilise Ukraine or undermine or threaten the territorial integrity, sovereignty or independence of Ukraine or to obtain a benefit from or support the Government of Russia. Namely, MARIA is involved in carrying oil or oil products that originated in Russia from Russia to a third country."
#0050016,RUS3020,MEGION,Primary Name,9590137.0,Russia,,,,,,Gazpromneft Shipping LLC,,"Shipping sanctions: a specified ship is prohibited from being provided with access to or having its master or pilot cause it to enter a port in the UK, may have its registration on the UK Ship Register terminated, and a master or pilot of a specified ship may be given a port barring direction, a detention direction, and a port entry direction or a movement direction.","IMO 9590137 (MEGION) is, has been or is likely to be involved in activity whose object or effect is to destabilise Ukraine or undermine or threaten the territorial integrity, sovereignty or independence of Ukraine or to obtain a benefit from or support the Government of Russia. Namely, MEGION is involved in carrying oil or oil products that originated in Russia from Russia to a third country."
#0050017,RUS3021,MIKHAIL LAZAREV,Primary Name,9837547.0,Russia,,,,,,SCF TM Ltd,,"Shipping sanctions: a specified ship is prohibited from being provided with access to or having its master or pilot cause it to enter a port in the UK, may have its registration on the UK Ship Register terminated, and a master or pilot of a specified ship may be given a port barring direction, a detention direction, and a port entry direction or a movement direction.","IMO 9837547 (MIKHAIL LAZAREV) is, has been or is likely to be involved in activity whose object or effect is to destabilise Ukraine or undermine or threaten the territorial integrity, sovereignty or independence of Ukraine or to obtain a benefit from or support the Government of Russia. Namely, MIKHAIL LAZAREV is involved in carrying oil or oil products that originated in Russia from Russia to a third country."
#0050018,RUS3022,TOPAZ,Primary Name,9292034.0,Comoros,,,,,,Orchid Shipmanagement LLC-FZ,,"Shipping sanctions: a specified ship is prohibited from being provided with access to or having its master or pilot cause it to enter a port in the UK, may have its registration on the UK Ship Register terminated, and a master or pilot of a specified ship may be given a port barring direction, a detention direction, and a port entry direction or a movement direction.","IMO 9292034 (TOPAZ) is, has been or is likely to be involved in activity whose object or effect is to destabilise Ukraine or undermine or threaten the territorial integrity, sovereignty or independence of Ukraine or to obtain a benefit from or support the Government of Russia. Namely, TOPAZ is involved in carrying oil or oil products that originated in Russia from Russia to a third country."
#0050019,RUS3023,TIMOFEY GUZHENKO,Primary Name,9372561.0,Russia,,,,,,SCF TM Ltd,,"Shipping sanctions: a specified ship is prohibited from being provided with access to or having its master or pilot cause it to enter a port in the UK, may have its registration on the UK Ship Register terminated, and a master or pilot of a specified ship may be given a port barring direction, a detention direction, and a port entry direction or a movement direction.","IMO 9372561 (TIMOFEY GUZHENKO) is, has been or is likely to be involved in activity whose object or effect is to destabilise Ukraine or undermine or threaten the territorial integrity, sovereignty or independence of Ukraine or to obtain a benefit from or support the Government of Russia. Namely, TIMOFEY GUZHENKO is involved in carrying oil or oil products that originated in Russia from Russia to a third country."
#0050020,RUS3024,TANGO,Primary Name,9292058.0,Comoros,,,,,,Orchid Shipmanagement LLC-FZ,,"Shipping sanctions: a specified ship is prohibited from being provided with access to or having its master or pilot cause it to enter a port in the UK, may have its registration on the UK Ship Register terminated, and a master or pilot of a specified ship may be given a port barring direction, a detention direction, and a port entry direction or a movement direction.","IMO 9292058 (TANGO) is, has been or is likely to be involved in activity whose object or effect is to destabilise Ukraine or undermine or threaten the territorial integrity, sovereignty or independence of Ukraine or to obtain a benefit from or support the Government of Russia. Namely, TANGO is involved in carrying oil or oil products that originated in Russia from Russia to a third country."
#0050021,RUS3025,SORION,Primary Name,9274446.0,,,,,,,HS Star Ltd,,"Shipping sanctions: a specified ship is prohibited from being provided with access to or having its master or pilot cause it to enter a port in the UK, may have its registration on the UK Ship Register terminated, and a master or pilot of a specified ship may be given a port barring direction, a detention direction, and a port entry direction or a movement direction.","IMO 9274446 (SORION) is, has been or is likely to be involved in activity whose object or effect is to destabilise Ukraine or undermine or threaten the territorial integrity, sovereignty or independence of Ukraine or to obtain a benefit from or support the Government of Russia. Namely, SORION is involved in carrying oil or oil products that originated in Russia from Russia to a third country."
#0050022,RUS3026,SOFIA,Primary Name,9211999.0,Russia,,,,,,Rosewood Shipping LLC,,"Shipping sanctions: a specified ship is prohibited from being provided with access to or having its master or pilot cause it to enter a port in the UK, may have its registration on the UK Ship Register terminated, and a master or pilot of a specified ship may be given a port barring direction, a detention direction, and a port entry direction or a movement direction.","IMO 9211999 (SOFIA) is, has been or is likely to be involved in activity whose object or effect is to destabilise Ukraine or undermine or threaten the territorial integrity, sovereignty or independence of Ukraine or to obtain a benefit from or support the Government of Russia. Namely, SOFIA is involved in carrying oil or oil products that originated in Russia from Russia to a third country."
#0050023,RUS3027,MIKHAIL ULYANOV,Primary Name,9333670.0,Russia,,,,,,SCF TM Ltd,,"Shipping sanctions: a specified ship is prohibited from being provided with access to or having its master or pilot cause it to enter a port in the UK, may have its registration on the UK Ship Register terminated, and a master or pilot of a specified ship may be given a port barring direction, a detention direction, and a port entry direction or a movement direction.","IMO 9333670 (MIKHAIL ULYANOV) is, has been or is likely to be involved in activity whose object or effect is to destabilise Ukraine or undermine or threaten the territorial integrity, sovereignty or independence of Ukraine or to obtain a benefit from or support the Government of Russia. Namely, MIKHAIL ULYANOV is involved in carrying oil or oil products that originated in Russia from Russia to a third country."
#0050024,RUS3028,MILEY,Primary Name,9314818.0,,,,,,,HS Mona Ltd,,"Shipping sanctions: a specified ship is prohibited from being provided with access to or having its master or pilot cause it to enter a port in the UK, may have its registration on the UK Ship Register terminated, and a master or pilot of a specified ship may be given a port barring direction, a detention direction, and a port entry direction or a movement direction.","IMO 9314818 (MILEY) is, has been or is likely to be involved in activity whose object or effect is to destabilise Ukraine or undermine or threaten the territorial integrity, sovereignty or independence of Ukraine or to obtain a benefit from or support the Government of Russia. Namely, MILEY is involved in carrying oil or oil products that originated in Russia from Russia to a third country."
#0050025,RUS3029,MURMANSK,Primary Name,9167930.0,Russia,,,,,,Gazpromneft Shipping LLC,,"Shipping sanctions: a specified ship is prohibited from being provided with access to or having its master or pilot cause it to enter a port in the UK, may have its registration on the UK Ship Register terminated, and a master or pilot of a specified ship may be given a port barring direction, a detention direction, and a port entry direction or a movement direction.","IMO 9167930 (MURMANSK) is, has been or is likely to be involved in activity whose object or effect is to destabilise Ukraine or undermine or threaten the territorial integrity, sovereignty or independence of Ukraine or to obtain a benefit from or support the Government of Russia. Namely, MURMANSK is involved in carrying oil or oil products that originated in Russia from Russia to a third country."
#0050026,RUS3030,NEVSKIY PROSPECT,Primary Name,9256054.0,Russia,,,,,,South Fleet Ltd,,"Shipping sanctions: a specified ship is prohibited from being provided with access to or having its master or pilot cause it to enter a port in the UK, may have its registration on the UK Ship Register terminated, and a master or pilot of a specified ship may be given a port barring direction, a detention direction, and a port entry direction or a movement direction.","IMO 9256054 (NEVSKIY PROSPECT) is, has been or is likely to be involved in activity whose object or effect is to destabilise Ukraine or undermine or threaten the territorial integrity, sovereignty or independence of Ukraine or to obtain a benefit from or support the Government of Russia. Namely, NEVSKIY PROSPECT is involved in carrying oil or oil products that originated in Russia from Russia to a third country."
#0050027,RUS3031,NP DIKSON,Primary Name,9255270.0,Russia,,,,,,TK Nord Project LLC,,"Shipping sanctions: a specified ship is prohibited from being provided with access to or having its master or pilot cause it to enter a port in the UK, may have its registration on the UK Ship Register terminated, and a master or pilot of a specified ship may be given a port barring direction, a detention direction, and a port entry direction or a movement direction.","IMO 9255270 (NP DIKSON) is, has been or is likely to be involved in activity whose object or effect is to destabilise Ukraine or undermine or threaten the territorial integrity, sovereignty or independence of Ukraine or to obtain a benefit from or support the Government of Russia. Namely, NP DIKSON is involved in carrying oil or oil products that originated in Russia from Russia to a third country."
#0050028,RUS3032,OLANGA,Primary Name,9286463.0,Russia,,,,,,Menkab LLC,,"Shipping sanctions: a specified ship is prohibited from being provided with access to or having its master or pilot cause it to enter a port in the UK, may have its registration on the UK Ship Register terminated, and a master or pilot of a specified ship may be given a port barring direction, a detention direction, and a port entry direction or a movement direction.","IMO 9286463 (OLANGA) is, has been or is likely to be involved in activity whose object or effect is to destabilise Ukraine or undermine or threaten the territorial integrity, sovereignty or independence of Ukraine or to obtain a benefit from or support the Government of Russia. Namely, OLANGA is involved in carrying oil or oil products that originated in Russia from Russia to a third country."
#0050054,RUS3048,BAVLY,Primary Name,9621560.0,Russia,,,4541.0,,2013.0,Conaro Shipping JSC (Russia); Petrotanker Ltd (Russia),,"Shipping sanctions: a specified ship is prohibited from being provided with access to or having its master or pilot cause it to enter a port in the UK, may have its registration on the UK Ship Register terminated, and a master or pilot of a specified ship may be given a port barring direction, a detention direction, and a port entry direction or a movement direction.","IMO 9621560 ('BAVLY') is involved in activity whose object or effect is to destabilise Ukraine or undermine or threaten the territorial integrity, sovereignty or independence of Ukraine or to obtain a benefit from or support the Government of Russia. Namely, BAVLY is involved in carrying oil or oil products that originated in Russia from Russia to a third country."
#0050057,RUS3049,KARAKUZ,Primary Name,9621558.0,Russia,,,4531.0,,2013.0,Conaro Shipping (Russia),,"Shipping sanctions: a specified ship is prohibited from being provided with access to or having its master or pilot cause it to enter a port in the UK, may have its registration on the UK Ship Register terminated, and a master or pilot of a specified ship may be given a port barring direction, a detention direction, and a port entry direction or a movement direction.","IMO 9621558 ('KARAKUZ') is involved in activity whose object or effect is to destabilise Ukraine or undermine or threaten the territorial integrity, sovereignty or independence of Ukraine or to obtain a benefit from or support the Government of Russia. Namely, KARAKUZ is involved in carrying oil or oil products that originated in Russia from Russia to a third country."
#0050343,RUS3097,AURA MARIS,Primary Name,9347308.0,Panama,,,,,,United Fuel Trading UFT Pte,,"Shipping sanctions: a specified ship is prohibited from being provided with access to or having its master or pilot cause it to enter a port in the UK, may have its registration on the UK Ship Register terminated, and a master or pilot of a specified ship may be given a port barring direction, a detention direction, and a port entry direction or a movement direction.","IMO 9347308 (AURA MARIS) is, has been or is likely to be involved in activity whose object or effect is to destabilise Ukraine or undermine or threaten the territorial integrity, sovereignty or independence of Ukraine or to obtain a benefit from or support the Government of Russia. Namely, IMO 9347308 is involved in carrying oil or oil products that originated in Russia from Russia to a third country."
#0050344,RUS3098,HITIT,Primary Name,9311751.0,Turkey,,,,,,Can Day Shipmanagement Co Ltd,,"Shipping sanctions: a specified ship is prohibited from being provided with access to or having its master or pilot cause it to enter a port in the UK, may have its registration on the UK Ship Register terminated, and a master or pilot of a specified ship may be given a port barring direction, a detention direction, and a port entry direction or a movement direction.","IMO 9311751 (HITIT) is, has been or is likely to be involved in activity whose object or effect is to destabilise Ukraine or undermine or threaten the territorial integrity, sovereignty or independence of Ukraine or to obtain a benefit from or support the Government of Russia. Namely, IMO 9311751 is involved in carrying oil or oil products that originated in Russia from Russia to a third country."
#0050345,RUS3099,SEA OWL I,Primary Name,9321172.0,Comoros,,,,,,Drimas Chartering Ltd,,"Shipping sanctions: a specified ship is prohibited from being provided with access to or having its master or pilot cause it to enter a port in the UK, may have its registration on the UK Ship Register terminated, and a master or pilot of a specified ship may be given a port barring direction, a detention direction, and a port entry direction or a movement direction.","IMO 9321172 (SEA OWL I) is, has been or is likely to be involved in activity whose object or effect is to destabilise Ukraine or undermine or threaten the territorial integrity, sovereignty or independence of Ukraine or to obtain a benefit from or support the Government of Russia. Namely, IMO 9321172 is involved in carrying oil or oil products that originated in Russia from Russia to a third country."
#0050346,RUS3100,AKHTY,Primary Name,9435337.0,Russia,,,,,,Eneya LLC,,"Shipping sanctions: a specified ship is prohibited from being provided with access to or having its master or pilot cause it to enter a port in the UK, may have its registration on the UK Ship Register terminated, and a master or pilot of a specified ship may be given a port barring direction, a detention direction, and a port entry direction or a movement direction.","IMO 9435337 (AKHTY) is, has been or is likely to be involved in activity whose object or effect is to destabilise Ukraine or undermine or threaten the territorial integrity, sovereignty or independence of Ukraine or to obtain a benefit from or support the Government of Russia. Namely, AKHTY is involved in carrying oil or oil products that originated in Russia from Russia to a third country."
#0050347,RUS3101,LISTIGA,Primary Name,9292838.0,,,,,,,Arzu Express Inc,,"Shipping sanctions: a specified ship is prohibited from being provided with access to or having its master or pilot cause it to enter a port in the UK, may have its registration on the UK Ship Register terminated, and a master or pilot of a specified ship may be given a port barring direction, a detention direction, and a port entry direction or a movement direction.","IMO 9292838 (LISTIGA) is, has been or is likely to be involved in activity whose object or effect is to destabilise Ukraine or undermine or threaten the territorial integrity, sovereignty or independence of Ukraine or to obtain a benefit from or support the Government of Russia. Namely, LISTIGA is involved in carrying oil or oil products that originated in Russia from Russia to a third country."
#0050348,RUS3103,CLEAN VISION,Primary Name,9655456.0,,,,,,,China Merchants Bank,,"Shipping sanctions: a specified ship is prohibited from being provided with access to or having its master or pilot cause it to enter a port in the UK, may have its registration on the UK Ship Register terminated, and a master or pilot of a specified ship may be given a port barring direction, a detention direction, and a port entry direction or a movement direction.","CLEAN VISION (IMO 9655456) is involved in activity whose object or effect is to destabilise Ukraine or undermine or threaten the territorial integrity, sovereignty or independence of Ukraine. Namely, CLEAN VISION is involved in carrying a good from a place in Russia to a third country that could contribute to destabilising Ukraine or undermining or threatening the territorial integrity, sovereignty or independence of Ukraine."
#0050349,RUS3104,ORION,Primary Name,9131357.0,Cameroon,,,,,,Faleola Nexus Ltd,,"Shipping sanctions: a specified ship is prohibited from being provided with access to or having its master or pilot cause it to enter a port in the UK, may have its registration on the UK Ship Register terminated, and a master or pilot of a specified ship may be given a port barring direction, a detention direction, and a port entry direction or a movement direction.","IMO 9131357 (ORION) is, has been or is likely to be involved in activity whose object or effect is to destabilise Ukraine or undermine or threaten the territorial integrity, sovereignty or independence of Ukraine or to obtain a benefit from or support the Government of Russia. Namely, IMO 9131357 is involved in carrying oil or oil products that originated in Russia from Russia to a third country."
#0050350,RUS3105,KHALASI,Primary Name,9293997.0,Gabon,,,,,,Lumen Ship Management - FZCO,,"Shipping sanctions: a specified ship is prohibited from being provided with access to or having its master or pilot cause it to enter a port in the UK, may have its registration on the UK Ship Register terminated, and a master or pilot of a specified ship may be given a port barring direction, a detention direction, and a port entry direction or a movement direction.","IMO 9293997 (KHALASI) is, has been or is likely to be involved in activity whose object or effect is to destabilise Ukraine or undermine or threaten the territorial integrity, sovereignty or independence of Ukraine or to obtain a benefit from or support the Government of Russia. Namely, IMO 9293997 is involved in carrying oil or oil products that originated in Russia from Russia to a third country."
#0050351,RUS3106,FIORA,Primary Name,9255684.0,,,,,,,Everest Sea Navigation SA,,"Shipping sanctions: a specified ship is prohibited from being provided with access to or having its master or pilot cause it to enter a port in the UK, may have its registration on the UK Ship Register terminated, and a master or pilot of a specified ship may be given a port barring direction, a detention direction, and a port entry direction or a movement direction.","IMO 9255684 (FIORA) is, has been or is likely to be involved in activity whose object or effect is to destabilise Ukraine or undermine or threaten the territorial integrity, sovereignty or independence of Ukraine or to obtain a benefit from or support the Government of Russia. Namely, FIORA is involved in carrying oil or oil products that originated in Russia from Russia to a third country."
#0050352,RUS3107,TANGO 2,Primary Name,9389071.0,Panama,,,,,,Gui Zhou Fa Zhan Ship,,"Shipping sanctions: a specified ship is prohibited from being provided with access to or having its master or pilot cause it to enter a port in the UK, may have its registration on the UK Ship Register terminated, and a master or pilot of a specified ship may be given a port barring direction, a detention direction, and a port entry direction or a movement direction.","IMO 9389071 (TANGO 2) is, has been or is likely to be involved in activity whose object or effect is to destabilise Ukraine or undermine or threaten the territorial integrity, sovereignty or independence of Ukraine or to obtain a benefit from or support the Government of Russia. Namely, IMO 9389071 is involved in carrying oil or oil products that originated in Russia from Russia to a third country."
#0050353,RUS3108,MONARCH I,Primary Name,9377779.0,Panama,,,,,,Lafafa Shipping Ltd,,"Shipping sanctions: a specified ship is prohibited from being provided with access to or having its master or pilot cause it to enter a port in the UK, may have its registration on the UK Ship Register terminated, and a master or pilot of a specified ship may be given a port barring direction, a detention direction, and a port entry direction or a movement direction.","IMO 9377779 (MONARCH I) is, has been or is likely to be involved in activity whose object or effect is to destabilise Ukraine or undermine or threaten the territorial integrity, sovereignty or independence of Ukraine or to obtain a benefit from or support the Government of Russia. Namely, MONARCH I is involved in carrying oil or oil products that originated in Russia from Russia to a third country."
#0050354,RUS3109,BURAN,Primary Name,9953509.0,,,LNG Tanker,115519.0,,2023.0,,,"Shipping sanctions: a specified ship is prohibited from being provided with access to or having its master or pilot cause it to enter a port in the UK, may have its registration on the UK Ship Register terminated, and a master or pilot of a specified ship may be given a port barring direction, a detention direction, and a port entry direction or a movement direction.","BURAN (IMO 9953509) is involved in activity whose object or effect is to destabilise Ukraine or undermine or threaten the territorial integrity, sovereignty or independence of Ukraine. Namely, BURAN is involved in carrying a good from a place in Russia to a third country that could contribute to destabilising Ukraine or undermining or threatening the territorial integrity, sovereignty or independence of Ukraine."
#0050355,RUS3110,JI HANG,Primary Name,9281009.0,Panama,,,,,,Pertmarine Shipping Co Ltd,,"Shipping sanctions: a specified ship is prohibited from being provided with access to or having its master or pilot cause it to enter a port in the UK, may have its registration on the UK Ship Register terminated, and a master or pilot of a specified ship may be given a port barring direction, a detention direction, and a port entry direction or a movement direction.","IMO 9281009 (JI HANG) is, has been or is likely to be involved in activity whose object or effect is to destabilise Ukraine or undermine or threaten the territorial integrity, sovereignty or independence of Ukraine or to obtain a benefit from or support the Government of Russia. Namely, JI HANG is involved in carrying oil or oil products that originated in Russia from Russia to a third country."
#0050356,RUS3111,KAMELOT,Primary Name,9265873.0,Sierra Leone,,,,,,Blue Sea Navigation Ltd,,"Shipping sanctions: a specified ship is prohibited from being provided with access to or having its master or pilot cause it to enter a port in the UK, may have its registration on the UK Ship Register terminated, and a master or pilot of a specified ship may be given a port barring direction, a detention direction, and a port entry direction or a movement direction.","IMO 9265873 ( KAM ELOT) is, has been or is likely to be involved in activity whose object or effect is to destabilise Ukraine or undermine or threaten the territorial integrity, sovereignty or independence of Ukraine or to obtain a benefit from or support the Government of Russia. Namely, IMO 9265873 is involved in carrying oil or oil products that originated in Russia from Russia to a third country."
#0050357,RUS3112,SINAR G,Primary Name,9323364.0,Panama,,,,,,Kostana Offshore Ltd,,"Shipping sanctions: a specified ship is prohibited from being provided with access to or having its master or pilot cause it to enter a port in the UK, may have its registration on the UK Ship Register terminated, and a master or pilot of a specified ship may be given a port barring direction, a detention direction, and a port entry direction or a movement direction.","IMO 9323364 ( SINAR G) is, has been or is likely to be involved in activity whose object or effect is to destabilise Ukraine or undermine or threaten the territorial integrity, sovereignty or independence of Ukraine or to obtain a benefit from or support the Government of Russia. Namely, IMO 9323364 is involved in carrying oil or oil products that originated in Russia from Russia to a third country."
#0050358,RUS3113,OCEAN II,Primary Name,9233777.0,Antigua and Barbuda,,,,,,NautiCraft Ventures Ltd,,"Shipping sanctions: a specified ship is prohibited from being provided with access to or having its master or pilot cause it to enter a port in the UK, may have its registration on the UK Ship Register terminated, and a master or pilot of a specified ship may be given a port barring direction, a detention direction, and a port entry direction or a movement direction.","IMO 9233777 (OCEAN II) is, has been or is likely to be involved in activity whose object or effect is to destabilise Ukraine or undermine or threaten the territorial integrity, sovereignty or independence of Ukraine or to obtain a benefit from or support the Government of Russia. Namely, IMO 9233777 is involved in carrying oil or oil products that originated in Russia from Russia to a third country."
#0050359,RUS3114,JACKLYN,Primary Name,9313498.0,,,,,,,Pacific Star Management Ltd,,"Shipping sanctions: a specified ship is prohibited from being provided with access to or having its master or pilot cause it to enter a port in the UK, may have its registration on the UK Ship Register terminated, and a master or pilot of a specified ship may be given a port barring direction, a detention direction, and a port entry direction or a movement direction.","IMO 9313498 ( JACKL YN) is, has been or is likely to be involved in activity whose object or effect is to destabilise Ukraine or undermine or threaten the territorial integrity, sovereignty or independence of Ukraine or to obtain a benefit from or support the Government of Russia. Namely, JACKL YN is involved in carrying oil or oil products that originated in Russia from Russia to a third country."
#0050360,RUS3115,MT KONSTANTINOVSK,Primary Name,9113276.0,Russia,,,,,,Rodnie Polya LLC,,"Shipping sanctions: a specified ship is prohibited from being provided with access to or having its master or pilot cause it to enter a port in the UK, may have its registration on the UK Ship Register terminated, and a master or pilot of a specified ship may be given a port barring direction, a detention direction, and a port entry direction or a movement direction.","IMO 9113276 (MT KONST ANTINOVSK) is, has been or is likely to be involved in activity whose object or effect is to destabilise Ukraine or undermine or threaten the territorial integrity, sovereignty or independence of Ukraine or to obtain a benefit from or support the Government of Russia. Namely, MT KONST ANTINOVSK is involved in carrying oil or oil products that originated in Russia from Russia to a third country."
#0050361,RUS3116,ZARYA,Primary Name,9953535.0,,,LNG Tanker,,,2024.0,,,"Shipping sanctions: a specified ship is prohibited from being provided with access to or having its master or pilot cause it to enter a port in the UK, may have its registration on the UK Ship Register terminated, and a master or pilot of a specified ship may be given a port barring direction, a detention direction, and a port entry direction or a movement direction.","ZARYA (IMO 9953535) is involved in activity whose object or effect is to destabilise Ukraine or undermine or threaten the territorial integrity, sovereignty or independence of Ukraine. Namely, ZARYA is involved in carrying a good from a place in Russia to a third country that could contribute to destabilising Ukraine or undermining or threatening the territorial integrity, sovereignty or independence of Ukraine."
#0050362,RUS3117,RYMO,Primary Name,9308857.0,Sierra Leone,,,,,,Serene Holdings Corp,,"Shipping sanctions: a specified ship is prohibited from being provided with access to or having its master or pilot cause it to enter a port in the UK, may have its registration on the UK Ship Register terminated, and a master or pilot of a specified ship may be given a port barring direction, a detention direction, and a port entry direction or a movement direction.","IMO 9308857 (RYMO) is, has been or is likely to be involved in activity whose object or effect is to destabilise Ukraine or undermine or threaten the territorial integrity, sovereignty or independence of Ukraine or to obtain a benefit from or support the Government of Russia. Namely, RYMO is involved in carrying oil or oil products that originated in Russia from Russia to a third country."
#0050363,RUS3118,VOSKHOD,Primary Name,9953511.0,Russia,,,,,,LNG Beta Shipping Pte Ltd,,"Shipping sanctions: a specified ship is prohibited from being provided with access to or having its master or pilot cause it to enter a port in the UK, may have its registration on the UK Ship Register terminated, and a master or pilot of a specified ship may be given a port barring direction, a detention direction, and a port entry direction or a movement direction.","VOSKHOD (IMO 9953511) is involved in activity whose object or effect is to destabilise Ukraine or undermine or threaten the territorial integrity, sovereignty or independence of Ukraine. Namely, VOSKHOD is involved in carrying a good from a place in Russia to a third country that could contribute to destabilising Ukraine or undermining or threatening the territorial integrity, sovereignty or independence of Ukraine."
#0050364,RUS3119,GELOR,Primary Name,9185528.0,Panama,,,,,,Brizo Services Corp,,"Shipping sanctions: a specified ship is prohibited from being provided with access to or having its master or pilot cause it to enter a port in the UK, may have its registration on the UK Ship Register terminated, and a master or pilot of a specified ship may be given a port barring direction, a detention direction, and a port entry direction or a movement direction.","IMO 9185528 (GELOR) is, has been or is likely to be involved in activity whose object or effect is to destabilise Ukraine or undermine or threaten the territorial integrity, sovereignty or independence of Ukraine or to obtain a benefit from or support the Government of Russia. Namely, IMO 9185528 is involved in carrying oil or oil products that originated in Russia from Russia to a third country."
#0050365,RUS3120,QUARTZ,Primary Name,9261401.0,Palau,,,,,,Tokyo Gemi Isletmeciligi AS,,"Shipping sanctions: a specified ship is prohibited from being provided with access to or having its master or pilot cause it to enter a port in the UK, may have its registration on the UK Ship Register terminated, and a master or pilot of a specified ship may be given a port barring direction, a detention direction, and a port entry direction or a movement direction.","IMO 9261401 (QUARTZ) is, has been or is likely to be involved in activity whose object or effect is to destabilise Ukraine or undermine or threaten the territorial integrity, sovereignty or independence of Ukraine or to obtain a benefit from or support the Government of Russia. Namely, IMO 9261401 is involved in carrying oil or oil products that originated in Russia from Russia to a third country."
#0050366,RUS3121,MANDALA,Primary Name,9299135.0,Liberia,,,,,,Karika Marine Inc,,"Shipping sanctions: a specified ship is prohibited from being provided with access to or having its master or pilot cause it to enter a port in the UK, may have its registration on the UK Ship Register terminated, and a master or pilot of a specified ship may be given a port barring direction, a detention direction, and a port entry direction or a movement direction.","IMO 9299135 (MANDALA) is, has been or is likely to be involved in activity whose object or effect is to destabilise Ukraine or undermine or threaten the territorial integrity, sovereignty or independence of Ukraine or to obtain a benefit from or support the Government of Russia. Namely, IMO 9299135 is involved in carrying oil or oil products that originated in Russia from Russia to a third country."
#0050367,RUS3123,MINION,Primary Name,9389095.0,Panama,,,,,,Jeeva Shipping Ltd,,"Shipping sanctions: a specified ship is prohibited from being provided with access to or having its master or pilot cause it to enter a port in the UK, may have its registration on the UK Ship Register terminated, and a master or pilot of a specified ship may be given a port barring direction, a detention direction, and a port entry direction or a movement direction.","IMO 9389095 (MINION) is, has been or is likely to be involved in activity whose object or effect is to destabilise Ukraine or undermine or threaten the territorial integrity, sovereignty or independence of Ukraine or to obtain a benefit from or support the Government of Russia. Namely, MINION is involved in carrying oil or oil products that originated in Russia from Russia to a third country."
#0050368,RUS3124,VISION,Primary Name,9236016.0,Antigua and Barbuda,,,,,,Global Tankers Ltd-ABB,,"Shipping sanctions: a specified ship is prohibited from being provided with access to or having its master or pilot cause it to enter a port in the UK, may have its registration on the UK Ship Register terminated, and a master or pilot of a specified ship may be given a port barring direction, a detention direction, and a port entry direction or a movement direction.","IMO 9236016 (VISION) is, has been or is likely to be involved in activity whose object or effect is to destabilise Ukraine or undermine or threaten the territorial integrity, sovereignty or independence of Ukraine or to obtain a benefit from or support the Government of Russia. Namely, VISION is involved in carrying oil or oil products that originated in Russia from Russia to a third country."
#0050369,RUS3125,FIRN,Primary Name,9224441.0,Panama,,,,,,Vigor Marine Services LLP,,"Shipping sanctions: a specified ship is prohibited from being provided with access to or having its master or pilot cause it to enter a port in the UK, may have its registration on the UK Ship Register terminated, and a master or pilot of a specified ship may be given a port barring direction, a detention direction, and a port entry direction or a movement direction.","IMO 9224441 (FIRN) is, has been or is likely to be involved in activity whose object or effect is to destabilise Ukraine or undermine or threaten the territorial integrity, sovereignty or independence of Ukraine or to obtain a benefit from or support the Government of Russia. Namely, IMO 9224441 is involved in carrying oil or oil products that originated in Russia from Russia to a third country."
#0050370,RUS3126,PRIMORYE,Primary Name,9236743.0,Russia,,,,,,Nayada Co Ltd,,"Shipping sanctions: a specified ship is prohibited from being provided with access to or having its master or pilot cause it to enter a port in the UK, may have its registration on the UK Ship Register terminated, and a master or pilot of a specified ship may be given a port barring direction, a detention direction, and a port entry direction or a movement direction.","IMO 9236743 (PRIMORYE) is, has been or is likely to be involved in activity whose object or effect is to destabilise Ukraine or undermine or threaten the territorial integrity, sovereignty or independence of Ukraine or to obtain a benefit from or support the Government of Russia. Namely, IMO 9236743 is involved in carrying oil or oil products that originated in Russia from Russia to a third country."
#0050371,RUS3127,BIVOLA,Primary Name,9266865.0,Sierra Leone,,,,,,Doris Voyage Ltd,,"Shipping sanctions: a specified ship is prohibited from being provided with access to or having its master or pilot cause it to enter a port in the UK, may have its registration on the UK Ship Register terminated, and a master or pilot of a specified ship may be given a port barring direction, a detention direction, and a port entry direction or a movement direction.","IMO 9266865 (BIVOLA) is, has been or is likely to be involved in activity whose object or effect is to destabilise Ukraine or undermine or threaten the territorial integrity, sovereignty or independence of Ukraine or to obtain a benefit from or support the Government of Russia. Namely, BIVOLA is involved in carrying oil or oil products that originated in Russia from Russia to a third country."
#0050372,RUS3128,CENTURION I,Primary Name,9436020.0,,,Oil Tanker,,,,,,"Shipping sanctions: a specified ship is prohibited from being provided with access to or having its master or pilot cause it to enter a port in the UK, may have its registration on the UK Ship Register terminated, and a master or pilot of a specified ship may be given a port barring direction, a detention direction, and a port entry direction or a movement direction.","IMO 9436020 (CENTURION I) is, has been or is likely to be involved in activity whose object or effect is to destabilise Ukraine or undermine or threaten the territorial integrity, sovereignty or independence of Ukraine or to obtain a benefit from or support the Government of Russia. Namely, IMO 9436020 is involved in carrying oil or oil products that originated in Russia from Russia to a third country."
#0050373,RUS3129,OSCAR I,Primary Name,9314820.0,,,Oil Tanker,,,,,,"Shipping sanctions: a specified ship is prohibited from being provided with access to or having its master or pilot cause it to enter a port in the UK, may have its registration on the UK Ship Register terminated, and a master or pilot of a specified ship may be given a port barring direction, a detention direction, and a port entry direction or a movement direction.","IMO 9314820 (OSCAR I) is, has been or is likely to be involved in activity whose object or effect is to destabilise Ukraine or undermine or threaten the territorial integrity, sovereignty or independence of Ukraine or to obtain a benefit from or support the Government of Russia. Namely, IMO 9314820 is involved in carrying oil or oil products that originated in Russia from Russia to a third country."
#0050374,RUS3130,ARMADA EXPLORER,Primary Name,9377042.0,,,Oil Tanker,,,,,,"Shipping sanctions: a specified ship is prohibited from being provided with access to or having its master or pilot cause it to enter a port in the UK, may have its registration on the UK Ship Register terminated, and a master or pilot of a specified ship may be given a port barring direction, a detention direction, and a port entry direction or a movement direction.","IMO 9377042 (ARMADA EXPLORER) is, has been or is likely to be involved in activity whose object or effect is to destabilise Ukraine or undermine or threaten the territorial integrity, sovereignty or independence of Ukraine or to obtain a benefit from or support the Government of Russia. Namely, ARMADA EXPLORER is involved in carrying oil or oil products that originated in Russia from Russia to a third country."
#0050375,RUS3131,MARIEL,Primary Name,9247376.0,,,Oil Tanker,,,,,,"Shipping sanctions: a specified ship is prohibited from being provided with access to or having its master or pilot cause it to enter a port in the UK, may have its registration on the UK Ship Register terminated, and a master or pilot of a specified ship may be given a port barring direction, a detention direction, and a port entry direction or a movement direction.","IMO 9247376 (MARIEL) is, has been or is likely to be involved in activity whose object or effect is to destabilise Ukraine or undermine or threaten the territorial integrity, sovereignty or independence of Ukraine or to obtain a benefit from or support the Government of Russia. Namely, MARIEL is involved in carrying oil or oil products that originated in Russia from Russia to a third country."
#0050376,RUS3132,MARS 6,Primary Name,9384992.0,Panama,,,,,,Yuva Shipping Ltd,,"Shipping sanctions: a specified ship is prohibited from being provided with access to or having its master or pilot cause it to enter a port in the UK, may have its registration on the UK Ship Register terminated, and a master or pilot of a specified ship may be given a port barring direction, a detention direction, and a port entry direction or a movement direction.","IMO 9384992 (MARS 6) is, has been or is likely to be involved in activity whose object or effect is to destabilise Ukraine or undermine or threaten the territorial integrity, sovereignty or independence of Ukraine or to obtain a benefit from or support the Government of Russia. Namely, MARS 6 is involved in carrying oil or oil products that originated in Russia from Russia to a third country."
#0050377,RUS3133,SMYRTOS,Primary Name,9389100.0,,,Oil Tanker,,,,,,"Shipping sanctions: a specified ship is prohibited from being provided with access to or having its master or pilot cause it to enter a port in the UK, may have its registration on the UK Ship Register terminated, and a master or pilot of a specified ship may be given a port barring direction, a detention direction, and a port entry direction or a movement direction.","IMO 9389100 (MYRTOS) is, has been or is likely to be involved in activity whose object or effect is to destabilise Ukraine or undermine or threaten the territorial integrity, sovereignty or independence of Ukraine or to obtain a benefit from or support the Government of Russia. Namely, MYRTOS is involved in carrying oil or oil products that originated in Russia from Russia to a third country."
#0050378,RUS3134,VERNAL,Primary Name,9207027.0,,,,,,,Enchanted Echo Corp,,"Shipping sanctions: a specified ship is prohibited from being provided with access to or having its master or pilot cause it to enter a port in the UK, may have its registration on the UK Ship Register terminated, and a master or pilot of a specified ship may be given a port barring direction, a detention direction, and a port entry direction or a movement direction.","IMO 9207027 (VERNAL) is, has been or is likely to be involved in activity whose object or effect is to destabilise Ukraine or undermine or threaten the territorial integrity, sovereignty or independence of Ukraine or to obtain a benefit from or support the Government of Russia. Namely, VERNAL is involved in carrying oil or oil products that originated in Russia from Russia to a third country."
#0050379,RUS3135,CLEAN PLANET,Primary Name,9637507.0,Marshall Islands,,,,,,CDB Financial Leasing Co Ltd,,"Shipping sanctions: a specified ship is prohibited from being provided with access to or having its master or pilot cause it to enter a port in the UK, may have its registration on the UK Ship Register terminated, and a master or pilot of a specified ship may be given a port barring direction, a detention direction, and a port entry direction or a movement direction.","CLEAN PLANET (IMO 9637507) is involved in activity whose object or effect is to destabilise Ukraine or undermine or threaten the territorial integrity, sovereignty or independence of Ukraine. Namely, CLEAN PLANET is involved in carrying a good from a place in Russia to a third country that could contribute to destabilising Ukraine or undermining or threatening the territorial integrity, sovereignty or independence of Ukraine."
#0050380,RUS3136,TIGER 6,Primary Name,9389083.0,Panama,,,,,,Can Day Shipmanagement Co Ltd,,"Shipping sanctions: a specified ship is prohibited from being provided with access to or having its master or pilot cause it to enter a port in the UK, may have its registration on the UK Ship Register terminated, and a master or pilot of a specified ship may be given a port barring direction, a detention direction, and a port entry direction or a movement direction.","IMO 9389083 (TIGER 6) is, has been or is likely to be involved in activity whose object or effect is to destabilise Ukraine or undermine or threaten the territorial integrity, sovereignty or independence of Ukraine or to obtain a benefit from or support the Government of Russia. Namely, IMO 9389083 is involved in carrying oil or oil products that originated in Russia from Russia to a third country."
#0050381,RUS3137,KATRAN,Primary Name,9260275.0,,,,,,,Omni Torrent Ltd,,"Shipping sanctions: a specified ship is prohibited from being provided with access to or having its master or pilot cause it to enter a port in the UK, may have its registration on the UK Ship Register terminated, and a master or pilot of a specified ship may be given a port barring direction, a detention direction, and a port entry direction or a movement direction.","IMO 9260275 (KATRAN) is, has been or is likely to be involved in activity whose object or effect is to destabilise Ukraine or undermine or threaten the territorial integrity, sovereignty or independence of Ukraine or to obtain a benefit from or support the Government of Russia. Namely, KATRAN is involved in carrying oil or oil products that originated in Russia from Russia to a third country."
#0050382,RUS3138,SAMADHA,Primary Name,9286281.0,Sierra Leone,,,,,,Erika Freight Ltd,,"Shipping sanctions: a specified ship is prohibited from being provided with access to or having its master or pilot cause it to enter a port in the UK, may have its registration on the UK Ship Register terminated, and a master or pilot of a specified ship may be given a port barring direction, a detention direction, and a port entry direction or a movement direction.","IMO 9286281 (SAMADHA) is, has been or is likely to be involved in activity whose object or effect is to destabilise Ukraine or undermine or threaten the territorial integrity, sovereignty or independence of Ukraine or to obtain a benefit from or support the Government of Russia. Namely, SAMADHA is involved in carrying oil or oil products that originated in Russia from Russia to a third country."
#0050383,RUS3139,CHRISTOPHE DE MARGERIE,Primary Name,9737187.0,,,,,,,,,"Shipping sanctions: a specified ship is prohibited from being provided with access to or having its master or pilot cause it to enter a port in the UK, may have its registration on the UK Ship Register terminated, and a master or pilot of a specified ship may be given a port barring direction, a detention direction, and a port entry direction or a movement direction.","CHRISTOPHE DE MARGERIE (IMO 9737187) is involved in activity whose object or effect is to destabilise Ukraine or undermine or threaten the territorial integrity, sovereignty or independence of Ukraine. Namely, CHRISTOPHE DE MARGERIE is involved in carrying a good from a place in Russia to a third country that could contribute to destabilising Ukraine or undermining or threatening the territorial integrity, sovereignty or independence of Ukraine."
#0050384,RUS3140,TRANQUIL SEA,Primary Name,9323340.0,Honduras,,,,,,Andor Marine Ltd,,"Shipping sanctions: a specified ship is prohibited from being provided with access to or having its master or pilot cause it to enter a port in the UK, may have its registration on the UK Ship Register terminated, and a master or pilot of a specified ship may be given a port barring direction, a detention direction, and a port entry direction or a movement direction.","IMO 9323340 (TRANQUIL SEA) is, has been or is likely to be involved in activity whose object or effect is to destabilise Ukraine or undermine or threaten the territorial integrity, sovereignty or independence of Ukraine or to obtain a benefit from or support the Government of Russia. Namely, IMO 9323340 is involved in carrying oil or oil products that originated in Russia from Russia to a third country."
#0050385,RUS3141,LION 1,Primary Name,9384069.0,Panama,,,,,,Kario Maritime Inc,,"Shipping sanctions: a specified ship is prohibited from being provided with access to or having its master or pilot cause it to enter a port in the UK, may have its registration on the UK Ship Register terminated, and a master or pilot of a specified ship may be given a port barring direction, a detention direction, and a port entry direction or a movement direction.","IMO 9384069 (LION I) is, has been or is likely to be involved in activity whose object or effect is to destabilise Ukraine or undermine or threaten the territorial integrity, sovereignty or independence of Ukraine or to obtain a benefit from or support the Government of Russia. Namely, LION I is involved in carrying oil or oil products that originated in Russia from Russia to a third country."
#0050386,RUS3142,SEASONS I,Primary Name,9308950.0,Panama,,,,,,Jamuna Shipping Ltd-SEY,,"Shipping sanctions: a specified ship is prohibited from being provided with access to or having its master or pilot cause it to enter a port in the UK, may have its registration on the UK Ship Register terminated, and a master or pilot of a specified ship may be given a port barring direction, a detention direction, and a port entry direction or a movement direction.","IMO 9308950 (SEASONS I) is, has been or is likely to be involved in activity whose object or effect is to destabilise Ukraine or undermine or threaten the territorial integrity, sovereignty or independence of Ukraine or to obtain a benefit from or support the Government of Russia. Namely, SEASONS I is involved in carrying oil or oil products that originated in Russia from Russia to a third country."
#0050387,RUS3143,TORX,Primary Name,9311610.0,Panama,,,,,,Shiva Shipping Ltd,,"Shipping sanctions: a specified ship is prohibited from being provided with access to or having its master or pilot cause it to enter a port in the UK, may have its registration on the UK Ship Register terminated, and a master or pilot of a specified ship may be given a port barring direction, a detention direction, and a port entry direction or a movement direction.","IMO 9311610 (TORX) is, has been or is likely to be involved in activity whose object or effect is to destabilise Ukraine or undermine or threaten the territorial integrity, sovereignty or independence of Ukraine or to obtain a benefit from or support the Government of Russia. Namely, IMO 9311610 is involved in carrying oil or oil products that originated in Russia from Russia to a third country."
#0050388,RUS3144,LERUO,Primary Name,9385831.0,,,,,,,Key Marvel Ltd,,"Shipping sanctions: a specified ship is prohibited from being provided with access to or having its master or pilot cause it to enter a port in the UK, may have its registration on the UK Ship Register terminated, and a master or pilot of a specified ship may be given a port barring direction, a detention direction, and a port entry direction or a movement direction.","IMO 9385831 (LERUO) is, has been or is likely to be involved in activity whose object or effect is to destabilise Ukraine or undermine or threaten the territorial integrity, sovereignty or independence of Ukraine or to obtain a benefit from or support the Government of Russia. Namely, LERUO is involved in carrying oil or oil products that originated in Russia from Russia to a third country."
#0050389,RUS3145,MARQUISE,Primary Name,9315745.0,Barbados,,,,,,Spikoil DMCC,,"Shipping sanctions: a specified ship is prohibited from being provided with access to or having its master or pilot cause it to enter a port in the UK, may have its registration on the UK Ship Register terminated, and a master or pilot of a specified ship may be given a port barring direction, a detention direction, and a port entry direction or a movement direction.","IMO 9315745 (MARQUISE) is, has been or is likely to be involved in activity whose object or effect is to destabilise Ukraine or undermine or threaten the territorial integrity, sovereignty or independence of Ukraine or to obtain a benefit from or support the Government of Russia. Namely, IMO 9315745 is involved in carrying oil or oil products that originated in Russia from Russia to a third country."
#0050390,RUS3146,SEA HONOR,Primary Name,9315654.0,,,,,,,Changtai Shipping Ltd,,"Shipping sanctions: a specified ship is prohibited from being provided with access to or having its master or pilot cause it to enter a port in the UK, may have its registration on the UK Ship Register terminated, and a master or pilot of a specified ship may be given a port barring direction, a detention direction, and a port entry direction or a movement direction.","IMO 9315654 (SEA HONOR) is, has been or is likely to be involved in activity whose object or effect is to destabilise Ukraine or undermine or threaten the territorial integrity, sovereignty or independence of Ukraine or to obtain a benefit from or support the Government of Russia. Namely, SEA HONOR is involved in carrying oil or oil products that originated in Russia from Russia to a third country."
#0050391,RUS3147,CLEAN OCEAN,Primary Name,9637492.0,Marshall Islands,,,,,,CDB Financial Leasing Co Ltd,,"Shipping sanctions: a specified ship is prohibited from being provided with access to or having its master or pilot cause it to enter a port in the UK, may have its registration on the UK Ship Register terminated, and a master or pilot of a specified ship may be given a port barring direction, a detention direction, and a port entry direction or a movement direction.","CLEAN OCEAN (IMO 9637492) is involved in activity whose object or effect is to destabilise Ukraine or undermine or threaten the territorial integrity, sovereignty or independence of Ukraine. Namely, CLEAN OCEAN is involved in carrying a good from a place in Russia to a third country that could contribute to destabilising Ukraine or undermining or threatening the territorial integrity, sovereignty or independence of Ukraine."
#0050692,RUS3334,EVERDINE,Primary Name,9382073.0,,,Oil Tanker,45997.0,,2008.0,Algae Ship Charter FZCO,,"Shipping sanctions: a specified ship is prohibited from being provided with access to or having its master or pilot cause it to enter a port in the UK, may have its registration on the UK Ship Register terminated, and a master or pilot of a specified ship may be given a port barring direction, a detention direction, and a port entry direction or a movement direction.","The Secretary of State has reasonable grounds to suspect that IMO 9382073 (‘EVERDINE’) is, has been or is likely to be involved in activity whose object or effect is to destabilise Ukraine or undermine or threaten the territorial integrity, sovereignty or independence of Ukraine or to obtain a benefit from or support the Government of Russia. Namely, 9382073 is involved in carrying oil or oil products that originated in Russia from Russia to a third country"
#0050693,RUS3335,EVALI,Primary Name,9400980.0,,,Oil Tanker,105380.0,,2008.0,Omi Lines Inc,,"Shipping sanctions: a specified ship is prohibited from being provided with access to or having its master or pilot cause it to enter a port in the UK, may have its registration on the UK Ship Register terminated, and a master or pilot of a specified ship may be given a port barring direction, a detention direction, and a port entry direction or a movement direction.","The Secretary of State has reasonable grounds to suspect that IMO 9400980 (‘EVALI’) is, has been or is likely to be involved in activity whose object or effect is to destabilise Ukraine or undermine or threaten the territorial integrity, sovereignty or independence of Ukraine or to obtain a benefit from or support the Government of Russia. Namely, 9400980 is involved in carrying oil or oil products that originated in Russia from Russia to a third country."
#0050694,RUS3336,ETHERA,Primary Name,9387279.0,,,Chemical Carrier,46606.0,,2008.0,Zulu Ships Management,,"Shipping sanctions: a specified ship is prohibited from being provided with access to or having its master or pilot cause it to enter a port in the UK, may have its registration on the UK Ship Register terminated, and a master or pilot of a specified ship may be given a port barring direction, a detention direction, and a port entry direction or a movement direction.","The Secretary of State has reasonable grounds to suspect that IMO 9387279 (‘ETHERA’) is, has been or is likely to be involved in activity whose object or effect is to destabilise Ukraine or undermine or threaten the territorial integrity, sovereignty or independence of Ukraine or to obtain a benefit from or support the Government of Russia. Namely, 9387279 is involved in carrying oil or oil products that originated in Russia from Russia to a third country."
#0050695,RUS3337,ESTELLA,Primary Name,9308170.0,,,Oil Tanker,50314.0,,2007.0,Seagull Shipping Co Ltd,,"Shipping sanctions: a specified ship is prohibited from being provided with access to or having its master or pilot cause it to enter a port in the UK, may have its registration on the UK Ship Register terminated, and a master or pilot of a specified ship may be given a port barring direction, a detention direction, and a port entry direction or a movement direction.","The Secretary of State has reasonable grounds to suspect that IMO 9308170 (‘ESTELLA’) is, has been or is likely to be involved in activity whose object or effect is to destabilise Ukraine or undermine or threaten the territorial integrity, sovereignty or independence of Ukraine or to obtain a benefit from or support the Government of Russia. Namely, 9308170 is involved in carrying oil or oil products that originated in Russia from Russia to a third country."
#0050696,RUS3338,DENVER,Primary Name,9382712.0,,,Oil Tanker,47999.0,,2007.0,Lumen Ship Management - FZCO,,"Shipping sanctions: a specified ship is prohibited from being provided with access to or having its master or pilot cause it to enter a port in the UK, may have its registration on the UK Ship Register terminated, and a master or pilot of a specified ship may be given a port barring direction, a detention direction, and a port entry direction or a movement direction.","The Secretary of State has reasonable grounds to suspect that IMO 9382712 (‘DENVER’) is, has been or is likely to be involved in activity whose object or effect is to destabilise Ukraine or undermine or threaten the territorial integrity, sovereignty or independence of Ukraine or to obtain a benefit from or support the Government of Russia. Namely, 9382712 is involved in carrying oil or oil products that originated in Russia from Russia to a third country."
#0050697,RUS3339,CHONGCHON,Primary Name,9294123.0,,,Chemical/Products Tanker,40158.0,,2006.0,Jizan Maritime Inc,,"Shipping sanctions: a specified ship is prohibited from being provided with access to or having its master or pilot cause it to enter a port in the UK, may have its registration on the UK Ship Register terminated, and a master or pilot of a specified ship may be given a port barring direction, a detention direction, and a port entry direction or a movement direction.","The Secretary of State has reasonable grounds to suspect that IMO 9294123 (‘CHONGCHON’) is, has been or is likely to be involved in activity whose object or effect is to destabilise Ukraine or undermine or threaten the territorial integrity, sovereignty or independence of Ukraine or to obtain a benefit from or support the Government of Russia. Namely, 9294123 is involved in carrying oil or oil products that originated in Russia from Russia to a third country."
#0050698,RUS3340,CELINE,Primary Name,9252400.0,,,Oil Tanker,47045.0,,2002.0,Eco Max FZE,,"Shipping sanctions: a specified ship is prohibited from being provided with access to or having its master or pilot cause it to enter a port in the UK, may have its registration on the UK Ship Register terminated, and a master or pilot of a specified ship may be given a port barring direction, a detention direction, and a port entry direction or a movement direction.","The Secretary of State has reasonable grounds to suspect that IMO 9252400 (‘CELINE’) is, has been or is likely to be involved in activity whose object or effect is to destabilise Ukraine or undermine or threaten the territorial integrity, sovereignty or independence of Ukraine or to obtain a benefit from or support the Government of Russia. Namely, 9252400 is involved in carrying oil or oil products that originated in Russia from Russia to a third country."
#0050699,RUS3341,CAROLINE BEZENGI,Primary Name,9224439.0,Cameroon,,Oil Tanker,159168.0,,2001.0,Villar Shipmanagement Ltd,,"Shipping sanctions: a specified ship is prohibited from being provided with access to or having its master or pilot cause it to enter a port in the UK, may have its registration on the UK Ship Register terminated, and a master or pilot of a specified ship may be given a port barring direction, a detention direction, and a port entry direction or a movement direction.","The Secretary of State has reasonable grounds to suspect that IMO 9224439 (‘CAROLINE BEZENGI’) is, has been or is likely to be involved in activity whose object or effect is to destabilise Ukraine or undermine or threaten the territorial integrity, sovereignty or independence of Ukraine or to obtain a benefit from or support the Government of Russia. Namely, 9224439 is involved in carrying oil or oil products that originated in Russia from Russia to a third country."
#0050700,RUS3342,BRIONT,Primary Name,9252955.0,,,Oil Tanker,71498.0,,2003.0,Zulu Ships Management,,"Shipping sanctions: a specified ship is prohibited from being provided with access to or having its master or pilot cause it to enter a port in the UK, may have its registration on the UK Ship Register terminated, and a master or pilot of a specified ship may be given a port barring direction, a detention direction, and a port entry direction or a movement direction.","The Secretary of State has reasonable grounds to suspect that IMO 9252955 (‘BRIONT’) is, has been or is likely to be involved in activity whose object or effect is to destabilise Ukraine or undermine or threaten the territorial integrity, sovereignty or independence of Ukraine or to obtain a benefit from or support the Government of Russia. Namely, 9252955 is involved in carrying oil or oil products that originated in Russia from Russia to a third country."
#0050701,RUS3343,BREEZ,Primary Name,9247778.0,,,Oil Tanker,47038.0,,2002.0,Meuse Shipping Inc,,"Shipping sanctions: a specified ship is prohibited from being provided with access to or having its master or pilot cause it to enter a port in the UK, may have its registration on the UK Ship Register terminated, and a master or pilot of a specified ship may be given a port barring direction, a detention direction, and a port entry direction or a movement direction.","The Secretary of State has reasonable grounds to suspect that IMO 9247778 (‘BREEZ’) is, has been or is likely to be involved in activity whose object or effect is to destabilise Ukraine or undermine or threaten the territorial integrity, sovereignty or independence of Ukraine or to obtain a benefit from or support the Government of Russia. Namely, 9247778 is involved in carrying oil or oil products that originated in Russia from Russia to a third country."
#0050702,RUS3344,BOLU,Primary Name,9439539.0,Cambodia,,Oil Tanker,108760.0,,2009.0,Bolu Group Ltd,,"Shipping sanctions: a specified ship is prohibited from being provided with access to or having its master or pilot cause it to enter a port in the UK, may have its registration on the UK Ship Register terminated, and a master or pilot of a specified ship may be given a port barring direction, a detention direction, and a port entry direction or a movement direction.","The Secretary of State has reasonable grounds to suspect that IMO 9439539 (‘BOLU’) is, has been or is likely to be involved in activity whose object or effect is to destabilise Ukraine or undermine or threaten the territorial integrity, sovereignty or independence of Ukraine or to obtain a benefit from or support the Government of Russia. Namely, 9439539 is involved in carrying oil or oil products that originated in Russia from Russia to a third country"
#0050761,RUS3349,GARUDA,Primary Name,9272931.0,Sierra Leone,,Chemical/Products Tanker,46992.0,,2004.0,Kollam Krew Shipping Pvt Ltd,,"Shipping sanctions: a specified ship is prohibited from being provided with access to or having its master or pilot cause it to enter a port in the UK, may have its registration on the UK Ship Register terminated, and a master or pilot of a specified ship may be given a port barring direction, a detention direction, and a port entry direction or a movement direction.","The Secretary of State has reasonable grounds to suspect that IMO 9272931 (‘GARUDA’) is, has been or is likely to be involved in activity whose object or effect is to destabilise Ukraine or undermine or threaten the territorial integrity, sovereignty or independence of Ukraine or to obtain a benefit from or support the Government of Russia. Namely, 9272931 is involved in carrying oil or oil products that originated in Russia from Russia to a third country."
#0050762,RUS3350,GENERAL SKOBELEV,Primary Name,9503304.0,Russia,,Chemical/Products Tanker,13030.0,,2008.0,SC Perspective Ltd,,"Shipping sanctions: a specified ship is prohibited from being provided with access to or having its master or pilot cause it to enter a port in the UK, may have its registration on the UK Ship Register terminated, and a master or pilot of a specified ship may be given a port barring direction, a detention direction, and a port entry direction or a movement direction.","The Secretary of State has reasonable grounds to suspect that IMO 9503304 (‘GENERAL SKOBELEV’) is, has been or is likely to be involved in activity whose object or effect is to destabilise Ukraine or undermine or threaten the territorial integrity, sovereignty or independence of Ukraine or to obtain a benefit from or support the Government of Russia. Namely, 9503304 is involved in carrying oil or oil products that originated in Russia from Russia to a third country."
#0050763,RUS3351,GRIF,Primary Name,9332028.0,,,Chemical/Products Tanker,47128.0,,2007.0,Kalinga Shipmanagement OPC Pvt,,"Shipping sanctions: a specified ship is prohibited from being provided with access to or having its master or pilot cause it to enter a port in the UK, may have its registration on the UK Ship Register terminated, and a master or pilot of a specified ship may be given a port barring direction, a detention direction, and a port entry direction or a movement direction.","The Secretary of State has reasonable grounds to suspect that IMO 9332028 (‘GRIF’) is, has been or is likely to be involved in activity whose object or effect is to destabilise Ukraine or undermine or threaten the territorial integrity, sovereignty or independence of Ukraine or to obtain a benefit from or support the Government of Russia. Namely, 9332028 is involved in carrying oil or oil products that originated in Russia from Russia to a third country."
#0051097,RUS3380,GUANYIN,Primary Name,9299707.0,,,Oil Tanker,109857.0,,2005.0,Silver Tetra Marine Co,,"Shipping sanctions: a specified ship is prohibited from being provided with access to or having its master or pilot cause it to enter a port in the UK, may have its registration on the UK Ship Register terminated, and a master or pilot of a specified ship may be given a port barring direction, a detention direction, and a port entry direction or a movement direction.","The Secretary of State has reasonable grounds to suspect that IMO 9299707 (‘GUANYIN’) is, has been or is likely to be involved in activity whose object or effect is to destabilise Ukraine or undermine or threaten the territorial integrity, sovereignty or independence of Ukraine or to obtain a benefit from or support the Government of Russia. Namely, 9299707 is involved in carrying oil or oil products that originated in Russia from Russia to a third country."
#0051098,RUS3381,INDRI,Primary Name,9247429.0,Sierra Leone,,Oil Tanker,151848.0,,2003.0,Veyronda Seaborne Ltd,,"Shipping sanctions: a specified ship is prohibited from being provided with access to or having its master or pilot cause it to enter a port in the UK, may have its registration on the UK Ship Register terminated, and a master or pilot of a specified ship may be given a port barring direction, a detention direction, and a port entry direction or a movement direction.","The Secretary of State has reasonable grounds to suspect that IMO 9247429 (‘INDRI’) is, has been or is likely to be involved in activity whose object or effect is to destabilise Ukraine or undermine or threaten the territorial integrity, sovereignty or independence of Ukraine or to obtain a benefit from or support the Government of Russia. Namely, 9247429 is involved in carrying oil or oil products that originated in Russia from Russia to a third country."
#0051099,RUS3382,KATY,Primary Name,9323326.0,,,Chemical/Products Tanker,52620.0,,2006.0,Centauri Services LLC,,"Shipping sanctions: a specified ship is prohibited from being provided with access to or having its master or pilot cause it to enter a port in the UK, may have its registration on the UK Ship Register terminated, and a master or pilot of a specified ship may be given a port barring direction, a detention direction, and a port entry direction or a movement direction.","The Secretary of State has reasonable grounds to suspect that IMO 9323326 (‘KATY’) is, has been or is likely to be involved in activity whose object or effect is to destabilise Ukraine or undermine or threaten the territorial integrity, sovereignty or independence of Ukraine or to obtain a benefit from or support the Government of Russia. Namely, 9323326 is involved in carrying oil or oil products that originated in Russia from Russia to a third country."
#0051100,RUS3383,LUMIN,Primary Name,9330599.0,Cameroon,,Oil Tanker,104866.0,,2006.0,Sea Cherisher Co Ltd,,"Shipping sanctions: a specified ship is prohibited from being provided with access to or having its master or pilot cause it to enter a port in the UK, may have its registration on the UK Ship Register terminated, and a master or pilot of a specified ship may be given a port barring direction, a detention direction, and a port entry direction or a movement direction.","The Secretary of State has reasonable grounds to suspect that IMO 9330599 (‘LUMIN’) is, has been or is likely to be involved in activity whose object or effect is to destabilise Ukraine or undermine or threaten the territorial integrity, sovereignty or independence of Ukraine or to obtain a benefit from or support the Government of Russia. Namely, 9330599 is involved in carrying oil or oil products that originated in Russia from Russia to a third country."
#0051101,RUS3384,FENGHUANG,Primary Name,9236248.0,,,Oil Tanker,105851.0,,2002.0,Triviality Shipping LLC,,"Shipping sanctions: a specified ship is prohibited from being provided with access to or having its master or pilot cause it to enter a port in the UK, may have its registration on the UK Ship Register terminated, and a master or pilot of a specified ship may be given a port barring direction, a detention direction, and a port entry direction or a movement direction.","The Secretary of State has reasonable grounds to suspect that IMO 9236248 (‘FENGHUANG’) is, has been or is likely to be involved in activity whose object or effect is to destabilise Ukraine or undermine or threaten the territorial integrity, sovereignty or independence of Ukraine or to obtain a benefit from or support the Government of Russia. Namely, 9236248 is involved in carrying oil or oil products that originated in Russia from Russia to a third country."
#0051102,RUS3385,MANASLU,Primary Name,9388027.0,,,Chemical/Products Tanker,46549.0,,2008.0,Zulu Ships Management,,"Shipping sanctions: a specified ship is prohibited from being provided with access to or having its master or pilot cause it to enter a port in the UK, may have its registration on the UK Ship Register terminated, and a master or pilot of a specified ship may be given a port barring direction, a detention direction, and a port entry direction or a movement direction.","The Secretary of State has reasonable grounds to suspect that IMO 9388027 (‘MANASLU’) is, has been or is likely to be involved in activity whose object or effect is to destabilise Ukraine or undermine or threaten the territorial integrity, sovereignty or independence of Ukraine or to obtain a benefit from or support the Government of Russia. Namely, 9388027 is involved in carrying oil or oil products that originated in Russia from Russia to a third country."
#0051103,RUS3386,MAVERICK,Primary Name,9321562.0,,,Chemical/Products Tanker,74999.0,,2007.0,Centauri Services LLC,,"Shipping sanctions: a specified ship is prohibited from being provided with access to or having its master or pilot cause it to enter a port in the UK, may have its registration on the UK Ship Register terminated, and a master or pilot of a specified ship may be given a port barring direction, a detention direction, and a port entry direction or a movement direction.","The Secretary of State has reasonable grounds to suspect that IMO 9321562 (‘MAVERICK’) is, has been or is likely to be involved in activity whose object or effect is to destabilise Ukraine or undermine or threaten the territorial integrity, sovereignty or independence of Ukraine or to obtain a benefit from or support the Government of Russia. Namely, 9321562 is involved in carrying oil or oil products that originated in Russia from Russia to a third country."
#0051104,RUS3387,MYRA,Primary Name,9336490.0,,,Chemical/Products Tanker,74999.0,,2006.0,Zulu Ships Management,,"Shipping sanctions: a specified ship is prohibited from being provided with access to or having its master or pilot cause it to enter a port in the UK, may have its registration on the UK Ship Register terminated, and a master or pilot of a specified ship may be given a port barring direction, a detention direction, and a port entry direction or a movement direction.","The Secretary of State has reasonable grounds to suspect that IMO 9336490 (‘MYRA’) is, has been or is likely to be involved in activity whose object or effect is to destabilise Ukraine or undermine or threaten the territorial integrity, sovereignty or independence of Ukraine or to obtain a benefit from or support the Government of Russia. Namely, 9336490 is involved in carrying oil or oil products that originated in Russia from Russia to a third country."
#0051105,RUS3388,NEMRUT,Primary Name,9439541.0,,,Oil Tanker,106992.0,,2009.0,Zulu Ships Management,,"Shipping sanctions: a specified ship is prohibited from being provided with access to or having its master or pilot cause it to enter a port in the UK, may have its registration on the UK Ship Register terminated, and a master or pilot of a specified ship may be given a port barring direction, a detention direction, and a port entry direction or a movement direction.","The Secretary of State has reasonable grounds to suspect that IMO 9439541 (‘NEMRUT’) is, has been or is likely to be involved in activity whose object or effect is to destabilise Ukraine or undermine or threaten the territorial integrity, sovereignty or independence of Ukraine or to obtain a benefit from or support the Government of Russia. Namely, 9439541 is involved in carrying oil or oil products that originated in Russia from Russia to a third country."
#0051106,RUS3389,NILANGA,Primary Name,9412452.0,Sierra Leone,,Oil Tanker,112719.0,,2010.0,Wei Hai Yuan Jing Ship,,"Shipping sanctions: a specified ship is prohibited from being provided with access to or having its master or pilot cause it to enter a port in the UK, may have its registration on the UK Ship Register terminated, and a master or pilot of a specified ship may be given a port barring direction, a detention direction, and a port entry direction or a movement direction.","The Secretary of State has reasonable grounds to suspect that IMO 9412452 (‘NILANGA’) is, has been or is likely to be involved in activity whose object or effect is to destabilise Ukraine or undermine or threaten the territorial integrity, sovereignty or independence of Ukraine or to obtain a benefit from or support the Government of Russia. Namely, 9412452 is involved in carrying oil or oil products that originated in Russia from Russia to a third country."
#0051110,RUS3391,URIEL,Primary Name,9336517.0,Sierra Leone,,Chemical/Products Tanker,74993.0,,2007.0,Lumen Ship Management - FZCO,,"Shipping Sanctions: a specified ship is prohibited from being provided with access to or having its master or pilot cause it to enter a port in the UK, may have its registration on the UK Ship Register terminated, and a master or pilot of a specified ship may be given a port barring direction, a detention direction, and a port entry direction or a movement direction.","The Secretary of State has reasonable grounds to suspect that IMO 9336517 (‘URIEL’) is, has been or is likely to be involved in activity whose object or effect is to destabilise Ukraine or undermine or threaten the territorial integrity, sovereignty or independence of Ukraine or to obtain a benefit from or support the Government of Russia. Namely, 9336517 is involved in carrying oil or oil products that originated in Russia from Russia to a third country."
#0051111,RUS3392,VELORA,Primary Name,9290373.0,Sierra Leone,,Oil Tanker,163750.0,,2005.0,Pergamon Denizcilik Isletmeler,,"Shipping sanctions: a specified ship is prohibited from being provided with access to or having its master or pilot cause it to enter a port in the UK, may have its registration on the UK Ship Register terminated, and a master or pilot of a specified ship may be given a port barring direction, a detention direction, and a port entry direction or a movement direction.","The Secretary of State has reasonable grounds to suspect that IMO 9290373 (‘VELORA’) is, has been or is likely to be involved in activity whose object or effect is to destabilise Ukraine or undermine or threaten the territorial integrity, sovereignty or independence of Ukraine or to obtain a benefit from or support the Government of Russia. Namely, 9290373 is involved in carrying oil or oil products that originated in Russia from Russia to a third country."
#0051114,RUS3394,AS CALCUTTA,Primary Name,9037123.0,Panama,,Chemical/Products Tanker,38615.0,188.96,2001.0,AS Calcutta Shipping Co Lt,,"Shipping sanctions: a specified ship is prohibited from being provided with access to or having its master or pilot cause it to enter a port in the UK, may have its registration on the UK Ship Register terminated, and a master or pilot of a specified ship may be given a port barring direction, a detention direction, and a port entry direction or a movement direction.","The Secretary of State considers that there are reasonable grounds to suspect that IMO 9037123 ('AS CALCUTTA') is involved in activity whose object or effect is to destabilise Ukraine or undermine or threaten the territorial integrity, sovereignty or independence of Ukraine or to obtain a benefit from or support the Government of Russia. Namely, IMO 9037123 is involved in carrying oil or oil products that originated in Russia from Russia to a third country."
#0051115,RUS3395,HANSON,Primary Name,9237412.0,,,Oil Tanker,105010.0,243.5,2004.0,Seasky Marine Co Ltd,,"A specified ship is prohibited from entering a port in the UK, may be given a movement or a port entry direction, can be detained, and will be refused permission to register on the UK Ship Register or have its existing registration terminated, and a master or pilot of a specified ship may be given a port barring direction, a detention direction, and a port entry direction or a movement direction.","The Secretary of State considers that there are reasonable grounds to suspect that IMO 9237412 ('HANSON') is involved in activity whose object or effect is to destabilise Ukraine or undermine or threaten the territorial integrity, sovereignty or independence of Ukraine or to obtain a benefit from or support the Government of Russia. Namely, IMO 9237412 is involved in carrying oil or oil products that originated in Russia from Russia to a third country."
#0051116,RUS3396,INNOVATOR,Primary Name,9306809.0,China,,Chemical/Products Tanker,45963.0,183.02,2006.0,Hathaway Co Ltd,,"Shipping sanctions: a specified ship is prohibited from being provided with access to or having its master or pilot cause it to enter a port in the UK, may have its registration on the UK Ship Register terminated, and a master or pilot of a specified ship may be given a port barring direction, a detention direction, and a port entry direction or a movement direction.","The Secretary of State considers that there are reasonable grounds to suspect that IMO 9306809 ('INNOVATOR') is involved in activity whose object or effect is to destabilise Ukraine or undermine or threaten the territorial integrity, sovereignty or independence of Ukraine or to obtain a benefit from or support the Government of Russia. Namely, IMO 9306809 is involved in carrying oil or oil products that originated in Russia from Russia to a third country."
#0051125,RUS3402,JEWEL,Primary Name,9419450.0,Panama,,Oil Tanker,115785.0,248.96,2010.0,Maluga Shipping Ltd,,"Shipping sanctions: a specified ship is prohibited from being provided with access to or having its master or pilot cause it to enter a port in the UK, may have its registration on the UK Ship Register terminated, and a master or pilot of a specified ship may be given a port barring direction, a detention direction, and a port entry direction or a movement direction.","The Secretary of State considers that there are reasonable grounds to suspect that IMO 9419450 ('JEWEL') is involved in activity whose object or effect is to destabilise Ukraine or undermine or threaten the territorial integrity, sovereignty or independence of Ukraine or to obtain a benefit from or support the Government of Russia. Namely, IMO 9419450 is involved in carrying oil or oil products that originated in Russia from Russia to a third country."
#0051126,RUS3403,JIN HUI,Primary Name,9430272.0,Panama,,Chemical/Products Tanker,46105.0,183.0,2009.0,Jinhui Shipping Ltd,,"Shipping sanctions: a specified ship is prohibited from being provided with access to or having its master or pilot cause it to enter a port in the UK, may have its registration on the UK Ship Register terminated, and a master or pilot of a specified ship may be given a port barring direction, a detention direction, and a port entry direction or a movement direction.","The Secretary of State considers that there are reasonable grounds to suspect that IMO 9430272 ('JIN HUI') is involved in activity whose object or effect is to destabilise Ukraine or undermine or threaten the territorial integrity, sovereignty or independence of Ukraine or to obtain a benefit from or support the Government of Russia. Namely, IMO 9430272 is involved in carrying oil or oil products that originated in Russia from Russia to a third country."
#0051127,RUS3404,TYCHE 1,Primary Name,9308077.0,Panama,,Chemical/Products Tanker,150980.0,274.5,2006.0,Jalyan Ship Management,,"Shipping sanctions: a specified ship is prohibited from being provided with access to or having its master or pilot cause it to enter a port in the UK, may have its registration on the UK Ship Register terminated, and a master or pilot of a specified ship may be given a port barring direction, a detention direction, and a port entry direction or a movement direction.","The Secretary of State considers that there are reasonable grounds to suspect that IMO 9308077 ('TYCHE 1') is involved in activity whose object or effect is to destabilise Ukraine or undermine or threaten the territorial integrity, sovereignty or independence of Ukraine or to obtain a benefit from or support the Government of Russia. Namely, IMO 9308077 is involved in carrying oil or oil products that originated in Russia from Russia to a third country."
#0051477,RUS3424,ADITYA,Primary Name,9323314.0,Cameroon,,Chemical/Products Tanker,52622.0,,2006.0,Centauri Services LLC,,"Shipping sanctions: a specified ship is prohibited from being provided with access to or having its master or pilot cause it to enter a port in the UK, may have its registration on the UK Ship Register terminated, and a master or pilot of a specified ship may be given a port barring direction, a detention direction, and a port entry direction or a movement direction.","The Secretary of State has reasonable grounds to suspect that IMO 9323314 (‘ADITYA’) is, has been or is likely to be involved in activity whose object or effect is to destabilise Ukraine or undermine or threaten the territorial integrity, sovereignty or independence of Ukraine or to obtain a benefit from or support the Government of Russia. Namely, 9323314 is involved in carrying oil or oil products that originated in Russia from Russia to a third country."
#0051478,RUS3425,ALTURA,Primary Name,9292199.0,Sierra Leone,,Oil Tanker,163750.0,,2005.0,Pergamon Denizcilik Isletmeler,,"Shipping sanctions: a specified ship is prohibited from being provided with access to or having its master or pilot cause it to enter a port in the UK, may have its registration on the UK Ship Register terminated, and a master or pilot of a specified ship may be given a port barring direction, a detention direction, and a port entry direction or a movement direction.","The Secretary of State has reasonable grounds to suspect that IMO 9292199 (‘ALTURA’) is, has been or is likely to be involved in activity whose object or effect is to destabilise Ukraine or undermine or threaten the territorial integrity, sovereignty or independence of Ukraine or to obtain a benefit from or support the Government of Russia. Namely, 9292199 is involved in carrying oil or oil products that originated in Russia from Russia to a third country."
#0051479,RUS3426,APATE,Primary Name,9433016.0,,,Chemical/Products Tanker,74862.0,,2009.0,Zulu Ships Management,,"Shipping sanctions: a specified ship is prohibited from being provided with access to or having its master or pilot cause it to enter a port in the UK, may have its registration on the UK Ship Register terminated, and a master or pilot of a specified ship may be given a port barring direction, a detention direction, and a port entry direction or a movement direction.","The Secretary of State has reasonable grounds to suspect that IMO 9433016 (‘APATE’) is, has been or is likely to be involved in activity whose object or effect is to destabilise Ukraine or undermine or threaten the territorial integrity, sovereignty or independence of Ukraine or to obtain a benefit from or support the Government of Russia. Namely, 9433016 is involved in carrying oil or oil products that originated in Russia from Russia to a third country."
#0051506,RUS3436,AURA 1,Primary Name,9472634.0,Panama,,Oil Tanker,116087.0,,2011.0,Dava Shipping Ltd,,"Shipping sanctions: a specified ship is prohibited from being provided with access to or having its master or pilot cause it to enter a port in the UK, may have its registration on the UK Ship Register terminated, and a master or pilot of a specified ship may be given a port barring direction, a detention direction, and a port entry direction or a movement direction.","The Secretary of State has reasonable grounds to suspect that IMO 9472634 (‘AURA 1’) is, has been or is likely to be involved in activity whose object or effect is to destabilise Ukraine or undermine or threaten the territorial integrity, sovereignty or independence of Ukraine or to obtain a benefit from or support the Government of Russia. Namely, 9472634 is involved in carrying oil or oil products that originated in Russia from Russia to a third country."
#0051507,RUS3437,BLUEBELL,Primary Name,9251810.0,Mozambique,,Oil Tanker,106500.0,,2002.0,Simona Marine Services Ltd,,"Shipping sanctions: a specified ship is prohibited from being provided with access to or having its master or pilot cause it to enter a port in the UK, may have its registration on the UK Ship Register terminated, and a master or pilot of a specified ship may be given a port barring direction, a detention direction, and a port entry direction or a movement direction.","The Secretary of State has reasonable grounds to suspect that IMO 9251810 (‘BLUEBELL’) is, has been or is likely to be involved in activity whose object or effect is to destabilise Ukraine or undermine or threaten the territorial integrity, sovereignty or independence of Ukraine or to obtain a benefit from or support the Government of Russia. Namely, 9251810 is involved in carrying oil or oil products that originated in Russia from Russia to a third country."
#0051627,RUS3460,NOVA CREST,Primary Name,9292046.0,Barbados,,Chemical/Products Tanker,46697.0,,2005.0,Ocean Quest Marine Inc,,"Shipping sanctions: a specified ship is prohibited from being provided with access to or having its master or pilot cause it to enter a port in the UK, may have its registration on the UK Ship Register terminated, and a master or pilot of a specified ship may be given a port barring direction, a detention direction, and a port entry direction or a movement direction.","The Secretary of State has reasonable grounds to suspect that IMO 9292046 (‘NOVA CREST’) is, has been or is likely to be involved in activity whose object or effect is to destabilise Ukraine or undermine or threaten the territorial integrity, sovereignty or independence of Ukraine or to obtain a benefit from or support the Government of Russia. Namely, 9292046 is involved in carrying oil or oil products that originated in Russia from Russia to a third country."
#0051656,RUS3463,ORVI,Primary Name,9321718.0,,,Oil Tanker,158920.0,,2006.0,Zale Shipping Inc,,"Shipping sanctions: a specified ship is prohibited from being provided with access to or having its master or pilot cause it to enter a port in the UK, may have its registration on the UK Ship Register terminated, and a master or pilot of a specified ship may be given a port barring direction, a detention direction, and a port entry direction or a movement direction.","The Secretary of State has reasonable grounds to suspect that IMO 9321718 (‘ORVI’) is, has been or is likely to be involved in activity whose object or effect is to destabilise Ukraine or undermine or threaten the territorial integrity, sovereignty or independence of Ukraine or to obtain a benefit from or support the Government of Russia. Namely, 9321718 is involved in carrying oil or oil products that originated in Russia from Russia to a third country."
#0051705,RUS3465,PRISMA,Primary Name,9299678.0,Sierra Leone,,Oil Tanker,164565.0,,2005.0,Evergreen Embrace Corp,,"Shipping sanctions: a specified ship is prohibited from being provided with access to or having its master or pilot cause it to enter a port in the UK, may have its registration on the UK Ship Register terminated, and a master or pilot of a specified ship may be given a port barring direction, a detention direction, and a port entry direction or a movement direction.","The Secretary of State has reasonable grounds to suspect that IMO 9299678 (‘PRISMA’) is, has been or is likely to be involved in activity whose object or effect is to destabilise Ukraine or undermine or threaten the territorial integrity, sovereignty or independence of Ukraine or to obtain a benefit from or support the Government of Russia. Namely, 9299678 is involved in carrying oil or oil products that originated in Russia from Russia to a third country."
#0051709,RUS3468,PROMETEI,Primary Name,9296597.0,Sierra Leone,,Chemical/Products Tanker,45897.0,,2005.0,Seafaring Savants LLC,,"Shipping sanctions: a specified ship is prohibited from being provided with access to or having its master or pilot cause it to enter a port in the UK, may have its registration on the UK Ship Register terminated, and a master or pilot of a specified ship may be given a port barring direction, a detention direction, and a port entry direction or a movement direction.","The Secretary of State has reasonable grounds to suspect that IMO 9296597 (‘PROMETEI’) is, has been or is likely to be involved in activity whose object or effect is to destabilise Ukraine or undermine or threaten the territorial integrity, sovereignty or independence of Ukraine or to obtain a benefit from or support the Government of Russia. Namely, 9296597 is involved in carrying oil or oil products that originated in Russia from Russia to a third country."
#0051710,RUS3469,SAMOS,Primary Name,9408190.0,Barbados,,Oil Tanker,156654.0,,2009.0,Samos Group Ltd,,"Shipping sanctions: a specified ship is prohibited from being provided with access to or having its master or pilot cause it to enter a port in the UK, may have its registration on the UK Ship Register terminated, and a master or pilot of a specified ship may be given a port barring direction, a detention direction, and a port entry direction or a movement direction.","The Secretary of State has reasonable grounds to suspect that IMO 9408190 (‘SAMOS’) is, has been or is likely to be involved in activity whose object or effect is to destabilise Ukraine or undermine or threaten the territorial integrity, sovereignty or independence of Ukraine or to obtain a benefit from or support the Government of Russia. Namely, 9408190 is involved in carrying oil or oil products that originated in Russia from Russia to a third country."
#0051711,RUS3470,LNG SOARS,Primary Name,9307205.0,,,LNG Tanker,95753.0,,2006.0,,,"Shipping sanctions: a specified ship is prohibited from being provided with access to or having its master or pilot cause it to enter a port in the UK, may have its registration on the UK Ship Register terminated, and a master or pilot of a specified ship may be given a port barring direction, a detention direction, and a port entry direction or a movement direction.","The Secretary of State has reasonable grounds to suspect that LNG SOARS (IMO 9307205) is an involved entity under the Russia (Sanctions) (EU Exit) Regulations 2019 because it is, has been or is likely to be involved in: an activity whose object or effect is to destabilise Ukraine or undermine or threaten the territorial integrity, sovereignty or independence of Ukraine. Namely, LNG SOARS is, has been or is likely to be involved in carrying a good from a place in Russia to a third country that could contribute to destabilising Ukraine or undermining or threatening the territorial integrity, sovereignty or independence of Ukraine."
#0051715,RUS3474,KUNPENG,Primary Name,9247194.0,Panama,,LNG Tanker,92927.0,,2003.0,Reveka Marine Limited,,"Shipping sanctions: a specified ship is prohibited from being provided with access to or having its master or pilot cause it to enter a port in the UK, may have its registration on the UK Ship Register terminated, and a master or pilot of a specified ship may be given a port barring direction, a detention direction, and a port entry direction or a movement direction.","The Secretary of State considers that there are reasonable grounds to suspect that KUNPENG (IMO 9247194) is, has been, or is likely to be involved in an activity whose object or effect is to destabilise Ukraine or undermine or threaten the territorial integrity, sovereignty or independence of Ukraine. Namely, KUNPENG is, has been or is likely to be involved in carrying a good from a place in Russia to a third country that could contribute to destabilising Ukraine or undermining or threatening the territorial integrity, sovereignty or independence of Ukraine."
#0051726,RUS3477,SARASWATI,Primary Name,9383869.0,Cameroon,,Oil Tanker,106850.0,,2008.0,Rang Shipping Ltd,,"Shipping sanctions: a specified ship is prohibited from being provided with access to or having its master or pilot cause it to enter a port in the UK, may have its registration on the UK Ship Register terminated, and a master or pilot of a specified ship may be given a port barring direction, a detention direction, and a port entry direction or a movement direction.","The Secretary of State has reasonable grounds to suspect that IMO 9383869 (‘SARASWATI’) is, has been or is likely to be involved in activity whose object or effect is to destabilise Ukraine or undermine or threaten the territorial integrity, sovereignty or independence of Ukraine or to obtain a benefit from or support the Government of Russia. Namely, 9383869 is involved in carrying oil or oil products that originated in Russia from Russia to a third country."
#0051727,RUS3478,SEGINUS,Primary Name,9256028.0,Cameroon,,Chemical/Products Tanker,68439.0,,2003.0,Tru Marine Ltd,,"Shipping sanctions: a specified ship is prohibited from being provided with access to or having its master or pilot cause it to enter a port in the UK, may have its registration on the UK Ship Register terminated, and a master or pilot of a specified ship may be given a port barring direction, a detention direction, and a port entry direction or a movement direction.","The Secretary of State has reasonable grounds to suspect that IMO 9256028 (‘SEGINUS’) is, has been or is likely to be involved in activity whose object or effect is to destabilise Ukraine or undermine or threaten the territorial integrity, sovereignty or independence of Ukraine or to obtain a benefit from or support the Government of Russia. Namely, 9256028 is involved in carrying oil or oil products that originated in Russia from Russia to a third country."
#0051728,RUS3479,SKADI,Primary Name,9230971.0,,,Oil Tanker,105344.0,,2001.0,Skadi Ltd,,"Shipping sanctions: a specified ship is prohibited from being provided with access to or having its master or pilot cause it to enter a port in the UK, may have its registration on the UK Ship Register terminated, and a master or pilot of a specified ship may be given a port barring direction, a detention direction, and a port entry direction or a movement direction.","The Secretary of State has reasonable grounds to suspect that IMO 9230971 (‘SKADI’) is, has been or is likely to be involved in activity whose object or effect is to destabilise Ukraine or undermine or threaten the territorial integrity, sovereignty or independence of Ukraine or to obtain a benefit from or support the Government of Russia. Namely, 9230971 is involved in carrying oil or oil products that originated in Russia from Russia to a third country."
#0051729,RUS3480,STANISLAV GOVORUKHIN,Primary Name,9621596.0,Russia,,Chemical/Products Tanker,49994.0,,2016.0,Gazprom Flot LLC,,"Shipping sanctions: a specified ship is prohibited from being provided with access to or having its master or pilot cause it to enter a port in the UK, may have its registration on the UK Ship Register terminated, and a master or pilot of a specified ship may be given a port barring direction, a detention direction, and a port entry direction or a movement direction.","The Secretary of State has reasonable grounds to suspect that IMO 9621596 (‘STANISLAV GOVORUKHIN’) is, has been or is likely to be involved in activity whose object or effect is to destabilise Ukraine or undermine or threaten the territorial integrity, sovereignty or independence of Ukraine or to obtain a benefit from or support the Government of Russia. Namely, 9621596 is involved in carrying oil or oil products that originated in Russia from Russia to a third country."
#0051734,RUS3482,TAGOR,Primary Name,9282481.0,,,Oil Tanker,114809.0,,2005.0,Zulu Ships Management,,"Shipping sanctions: a specified ship is prohibited from being provided with access to or having its master or pilot cause it to enter a port in the UK, may have its registration on the UK Ship Register terminated, and a master or pilot of a specified ship may be given a port barring direction, a detention direction, and a port entry direction or a movement direction.","The Secretary of State has reasonable grounds to suspect that IMO 9282481 (‘TAGOR’) is, has been or is likely to be involved in activity whose object or effect is to destabilise Ukraine or undermine or threaten the territorial integrity, sovereignty or independence of Ukraine or to obtain a benefit from or support the Government of Russia. Namely, 9282481 is involved in carrying oil or oil products that originated in Russia from Russia to a third country."
#0051735,RUS3483,TASSOS,Primary Name,9408695.0,,,Oil Tanker,156436.0,,2009.0,Zulu Ships Management,,"Shipping sanctions: a specified ship is prohibited from being provided with access to or having its master or pilot cause it to enter a port in the UK, may have its registration on the UK Ship Register terminated, and a master or pilot of a specified ship may be given a port barring direction, a detention direction, and a port entry direction or a movement direction.","The Secretary of State has reasonable grounds to suspect that IMO 9408695 (‘TASSOS’) is, has been or is likely to be involved in activity whose object or effect is to destabilise Ukraine or undermine or threaten the territorial integrity, sovereignty or independence of Ukraine or to obtain a benefit from or support the Government of Russia. Namely, 9408695 is involved in carrying oil or oil products that originated in Russia from Russia to a third country."
